id,pan_ref,tilt_ref,camera_x,camera_y,pan_pixel_error,tilt_pixel_error,pan_deg_error,tilt_deg_error
0,823,664,960,540,137,-124,7.28125,3.044334117185535
1,795,664,960,540,165,-124,8.15625,3.049917949973125
2,756,665,960,540,204,-125,9.375,3.0742740915156848
3,731,665,960,540,229,-125,10.15625,3.09109672043071
4,715,665,960,540,245,-125,10.65625,3.0696962064906725
5,709,664,960,540,251,-124,10.84375,3.0290823896029186
6,709,664,960,540,251,-124,10.84375,3.022689859597776
7,709,664,960,540,251,-124,10.84375,3.028254516778966
8,710,664,960,540,250,-124,10.8125,3.019918931931011
9,716,660,960,540,244,-120,10.625,2.8907691240569937
10,732,645,960,540,228,-105,10.125,2.3361678615585673
11,758,626,960,540,202,-86,9.3125,1.6430783272272473
12,792,613,960,540,168,-73,8.25,1.110801151169119
13,858,607,960,540,102,-67,6.1875,0.9072232705543029
14,923,604,960,540,37,-64,4.15625,0.8463268530535262
15,950,596,960,540,10,-56,3.3125,0.5745758694321872
16,967,583,960,540,-7,-43,2.78125,0.056172924840540706
17,976,577,960,540,-16,-37,2.5,-0.16409216713108088
18,978,576,960,540,-18,-36,2.4375,-0.18973400984871303
19,980,576,960,540,-20,-36,2.375,-0.17826000607489823
20,994,580,960,540,-34,-40,1.9375,-0.05918442730530682
21,1017,586,960,540,-57,-46,1.21875,0.17095049791632944
22,1032,591,960,540,-72,-51,0.75,0.3879810481956274
23,1036,592,960,540,-76,-52,0.625,0.4027393046929044
24,1036,592,960,540,-76,-52,0.625,0.4023244918110336
25,1032,592,960,540,-72,-52,0.75,0.40654081330380976
26,1022,591,960,540,-62,-51,1.0625,0.3452119529386064
27,1012,590,960,540,-52,-50,1.375,0.3654584623283019
28,1008,590,960,540,-48,-50,1.5,0.3834303801539469
29,1009,589,960,540,-49,-49,1.46875,0.34639334311690995
30,1009,589,960,540,-49,-49,1.46875,0.319659112860329
31,1012,590,960,540,-52,-50,1.375,0.3185381014292603
32,1019,590,960,540,-59,-50,1.15625,0.3047583546315933
33,1031,590,960,540,-71,-50,0.78125,0.34170053838968917
34,1036,590,960,540,-76,-50,0.625,0.34720459587729025
35,1035,590,960,540,-75,-50,0.65625,0.3308678986159086
36,1034,589,960,540,-74,-49,0.6875,0.311039323237847
37,1033,588,960,540,-73,-48,0.71875,0.2509670879012238
38,1032,588,960,540,-72,-48,0.75,0.26100753921510456
39,1031,589,960,540,-71,-49,0.78125,0.3005768006100962
40,1030,589,960,540,-70,-49,0.8125,0.29210661895955314
41,1030,590,960,540,-70,-50,0.8125,0.3217873241638338
42,1030,591,960,540,-70,-51,0.8125,0.35166911383397426
43,1030,591,960,540,-70,-51,0.8125,0.3499447007621692
44,1030,592,960,540,-70,-52,0.8125,0.39916794539782385
45,1031,592,960,540,-71,-52,0.78125,0.3851838047902332
46,1031,591,960,540,-71,-51,0.78125,0.35108334002979236
47,1032,591,960,540,-72,-51,0.75,0.3465966239484235
48,1033,589,960,540,-73,-49,0.71875,0.2757340344618744
49,1032,587,960,540,-72,-47,0.75,0.19062186397770509
50,1030,586,960,540,-70,-46,0.8125,0.13151400742251784
51,1022,585,960,540,-62,-45,1.0625,0.14580416283813546
52,1011,586,960,540,-51,-46,1.40625,0.17725798065700227
53,1003,586,960,540,-43,-46,1.65625,0.15432902005452265
54,1002,586,960,540,-42,-46,1.6875,0.16060338252105666
55,987,589,960,540,-27,-49,2.15625,0.33792425090879186
56,966,591,960,540,-6,-51,2.8125,0.41199832498286604
57,943,593,960,540,17,-53,3.53125,0.4700581846384557
58,913,596,960,540,47,-56,4.46875,0.5431518563218429
59,887,600,960,540,73,-60,5.28125,0.7107381468564766
60,863,604,960,540,97,-64,6.03125,0.8200800963003649
61,851,610,960,540,109,-70,6.40625,1.0424142512241936
62,837,616,960,540,123,-76,6.84375,1.3087736249370956
63,817,621,960,540,143,-81,7.46875,1.5072027336619573
64,802,625,960,540,158,-85,7.9375,1.657197439677393
65,801,625,960,540,159,-85,7.96875,1.6673007301943363
66,816,624,960,540,144,-84,7.5,1.6441858060636991
67,830,627,960,540,130,-87,7.0625,1.7538145143540889
68,832,632,960,540,128,-92,7.0,1.9215833095651813
69,825,637,960,540,135,-97,7.21875,2.1258867292418526
70,825,643,960,540,135,-103,7.21875,2.3417819159895794
71,840,648,960,540,120,-108,6.75,2.5756317597153116
72,859,651,960,540,101,-111,6.15625,2.693050308602752
73,872,654,960,540,88,-114,5.75,2.8218226954365475
74,869,656,960,540,91,-116,5.84375,2.953288099119856
75,869,652,960,540,91,-112,5.84375,2.735407004692691
76,880,646,960,540,80,-106,5.5,2.4946847984314737
77,891,645,960,540,69,-105,5.15625,2.509192560410397
78,897,648,960,540,63,-108,4.96875,2.642688773154598
79,890,654,960,540,70,-114,5.1875,2.8738100166011984
80,882,655,960,540,78,-115,5.4375,2.931485475255599
81,888,647,960,540,72,-107,5.25,2.62496401885464
82,895,641,960,540,65,-101,5.03125,2.3960534861290608
83,896,642,960,540,64,-102,5.0,2.425363451645791
84,892,644,960,540,68,-104,5.125,2.497536585072248
85,892,641,960,540,68,-101,5.125,2.363792364905928
86,912,632,960,540,48,-92,4.5,2.0272175205037777
87,935,627,960,540,25,-87,3.78125,1.8592588237459446
88,938,629,960,540,22,-89,3.6875,1.9206094499995825
89,934,631,960,540,26,-91,3.8125,1.9768951133762893
90,939,624,960,540,21,-84,3.65625,1.8391053891743812
91,952,612,960,540,8,-72,3.25,1.3447071274228186
92,962,605,960,540,-2,-65,2.9375,1.0964354588356777
93,965,602,960,540,-5,-62,2.84375,0.964573454894716
94,964,601,960,540,-4,-61,2.875,0.8889383313194852
95,965,602,960,540,-5,-62,2.84375,0.9259753683565224
96,965,601,960,540,-5,-61,2.84375,0.9164409388391215
97,966,599,960,540,-6,-59,2.8125,0.8318221992652051
98,969,598,960,540,-9,-58,2.71875,0.8112944915904001
99,978,597,960,540,-18,-57,2.4375,0.7553836397719711
100,991,596,960,540,-31,-56,2.03125,0.7052208293102056
101,997,596,960,540,-37,-56,1.84375,0.7091264105052693
102,996,596,960,540,-36,-56,1.875,0.7253206759400921
103,997,597,960,540,-37,-57,1.84375,0.7671967844864358
104,997,598,960,540,-37,-58,1.84375,0.8180722296760878
105,997,598,960,540,-37,-58,1.84375,0.8081490256483344
106,997,597,960,540,-37,-57,1.84375,0.766839104669764
107,997,596,960,540,-37,-56,1.84375,0.7570299470418453
108,1000,595,960,540,-40,-55,1.75,0.6472774712780542
109,1016,596,960,540,-56,-56,1.25,0.661047311445407
110,1029,596,960,540,-69,-56,0.84375,0.7166483384017635
111,1028,596,960,540,-68,-56,0.875,0.7059666515369882
112,1026,596,960,540,-66,-56,0.9375,0.6582475020305358
113,1025,595,960,540,-65,-55,0.96875,0.6356848354885716
114,1029,592,960,540,-69,-52,0.84375,0.5584155401528546
115,1036,587,960,540,-76,-47,0.625,0.3896924024278636
116,1043,580,960,540,-83,-40,0.40625,0.10235466118015224
117,1057,570,960,540,-97,-30,-0.03125,-0.31474586196238685
118,1071,559,960,540,-111,-19,-0.46875,-0.7221532693697943
119,1081,552,960,540,-121,-12,-0.78125,-1.0164499375623064
120,1099,539,960,540,-139,1,-1.34375,-1.4839977658251484
121,1112,526,960,540,-152,14,-1.75,-1.9642872672856186
122,1129,511,960,540,-169,29,-2.28125,-2.5629423750876628
123,1160,498,960,540,-200,42,-3.25,-3.0580137581016613
124,1187,488,960,540,-227,52,-4.09375,-3.4387512239235187
125,1212,483,960,540,-252,57,-4.875,-3.6520771231706
126,1239,482,960,540,-279,58,-5.71875,-3.698484328424919
127,1273,475,960,540,-313,65,-6.78125,-4.001110997759056
128,1310,471,960,540,-350,69,-7.9375,-4.099647399592355
129,1331,476,960,540,-371,64,-8.59375,-3.9353482884194797
130,1338,482,960,540,-378,58,-8.8125,-3.7260666255134045
131,1357,482,960,540,-397,58,-9.40625,-3.7455982443020517
132,1388,480,960,540,-428,60,-10.375,-3.82509359579762
133,1415,479,960,540,-455,61,-11.21875,-3.8547690773526346
134,1432,487,960,540,-472,53,-11.75,-3.535648994934614
135,1426,513,960,540,-466,27,-11.5625,-2.596425509377526
136,1410,536,960,540,-450,4,-11.0625,-1.712879468813636
137,1398,540,960,540,-438,0,-10.6875,-1.5595328275682565
138,1392,543,960,540,-432,-3,-10.5,-1.4688587535831836
139,1398,544,960,540,-438,-4,-10.6875,-1.4339331950737029
140,1413,546,960,540,-453,-6,-11.15625,-1.315923432518661
141,1426,549,960,540,-466,-9,-11.5625,-1.2611072210117247
142,1422,552,960,540,-462,-12,-11.4375,-1.1213221805844715
143,1415,555,960,540,-455,-15,-11.21875,-1.0102110694733604
144,1375,558,960,540,-415,-18,-9.96875,-0.9060303503796935
145,1330,562,960,540,-370,-22,-8.5625,-0.7481564036433263
146,1328,565,960,540,-368,-25,-8.5,-0.6241498864711996
147,1332,568,960,540,-372,-28,-8.625,-0.496636979071575
148,1335,574,960,540,-375,-34,-8.71875,-0.2763966854355371
149,1327,580,960,540,-367,-40,-8.46875,-0.06736209613954203
150,1309,582,960,540,-349,-42,-7.90625,-0.00847562451597228
151,1290,585,960,540,-330,-45,-7.3125,0.1113989217686735
152,1279,589,960,540,-319,-49,-6.96875,0.2751450867829641
153,1277,592,960,540,-317,-52,-6.90625,0.3862561978940753
154,1279,596,960,540,-319,-56,-6.96875,0.5084651571147065
155,1280,602,960,540,-320,-62,-7.0,0.7383238171991535
156,1283,607,960,540,-323,-67,-7.09375,0.9098068937175074
157,1291,613,960,540,-331,-73,-7.34375,1.1395613016581547
158,1295,619,960,540,-335,-79,-7.46875,1.3816210949312784
159,1291,623,960,540,-331,-83,-7.34375,1.5039287156396544
160,1288,626,960,540,-328,-86,-7.25,1.6170406885199335
161,1291,629,960,540,-331,-89,-7.34375,1.695568360768304
162,1288,631,960,540,-328,-91,-7.25,1.7975266952917097
163,1265,626,960,540,-305,-86,-6.53125,1.68932682452515
164,1244,620,960,540,-284,-80,-5.875,1.4273700300394383
165,1241,621,960,540,-281,-81,-5.78125,1.4601489564000338
166,1238,620,960,540,-278,-80,-5.6875,1.453154535493372
167,1231,613,960,540,-271,-73,-5.46875,1.1815319629114036
168,1205,599,960,540,-245,-59,-4.65625,0.6297251151640184
169,1180,590,960,540,-220,-50,-3.875,0.32842507846722646
170,1175,588,960,540,-215,-48,-3.71875,0.24333154576708838
171,1173,588,960,540,-213,-48,-3.65625,0.24643653463489246
172,1167,587,960,540,-207,-47,-3.46875,0.18264782023472748
173,1155,587,960,540,-195,-47,-3.09375,0.1652462086370985
174,1145,587,960,540,-185,-47,-2.78125,0.1548808395848018
175,1141,588,960,540,-181,-48,-2.65625,0.20307158905543354
176,1141,589,960,540,-181,-49,-2.65625,0.22464154235399003
177,1141,590,960,540,-181,-50,-2.65625,0.2785147762123703
178,1141,597,960,540,-181,-57,-2.65625,0.5689588450472229
179,1140,602,960,540,-180,-62,-2.625,0.7794173846010028
180,1137,602,960,540,-177,-62,-2.53125,0.772086400085646
181,1126,602,960,540,-166,-62,-2.1875,0.7521956161574104
182,1116,602,960,540,-156,-62,-1.875,0.7480196444167222
183,1112,603,960,540,-152,-63,-1.75,0.8030831503604441
184,1111,603,960,540,-151,-63,-1.71875,0.7766066588583138
185,1111,596,960,540,-151,-56,-1.71875,0.5047953995755794
186,1110,589,960,540,-150,-49,-1.6875,0.25363585145666545
187,1111,588,960,540,-151,-48,-1.71875,0.22055941584980454
188,1111,588,960,540,-151,-48,-1.71875,0.2068004317027503
189,1111,588,960,540,-151,-48,-1.71875,0.22203915129552865
190,1111,588,960,540,-151,-48,-1.71875,0.18981460312158882
191,1110,589,960,540,-150,-49,-1.6875,0.2268516401586258
192,1106,588,960,540,-146,-48,-1.5625,0.2368698913115923
193,1095,588,960,540,-135,-48,-1.21875,0.1986791832318502
194,1085,588,960,540,-125,-48,-0.90625,0.22785341489581024
195,1081,589,960,540,-121,-49,-0.78125,0.27272857767400516
196,1081,589,960,540,-121,-49,-0.78125,0.2716866213167397
197,1082,589,960,540,-122,-49,-0.8125,0.2691029849855757
198,1082,589,960,540,-122,-49,-0.8125,0.2666564198293708
199,1082,588,960,540,-122,-48,-0.8125,0.20988825581903336
200,1082,588,960,540,-122,-48,-0.8125,0.20988825581903336
201,1082,588,960,540,-122,-48,-0.8125,0.23539397771744008
202,1081,588,960,540,-121,-48,-0.78125,0.23286242405076152
203,1081,588,960,540,-121,-48,-0.78125,0.21692861201571167
204,1081,589,960,540,-121,-49,-0.78125,0.2578495408267065
205,1081,588,960,540,-121,-48,-0.78125,0.23583729107991314
206,1081,588,960,540,-121,-48,-0.78125,0.23620838969266544
207,1081,589,960,540,-121,-49,-0.78125,0.2523087977130942
208,1081,590,960,540,-121,-50,-0.78125,0.30534037818624205
209,1082,590,960,540,-122,-50,-0.8125,0.311353223233503
210,1082,589,960,540,-122,-49,-0.8125,0.2627816612998397
211,1082,589,960,540,-122,-49,-0.8125,0.2666069023330644
212,1082,589,960,540,-122,-49,-0.8125,0.27671670975916474
213,1082,589,960,540,-122,-49,-0.8125,0.2736992137045604
214,1082,589,960,540,-122,-49,-0.8125,0.26164171047102647
215,1081,589,960,540,-121,-49,-0.78125,0.26119726108053043
216,1081,589,960,540,-121,-49,-0.78125,0.27658879708749784
217,1080,589,960,540,-120,-49,-0.75,0.28634625479596565
218,1073,588,960,540,-113,-48,-0.53125,0.23967976647633082
219,1061,588,960,540,-101,-48,-0.15625,0.22694942640611515
220,1054,587,960,540,-94,-47,0.0625,0.19428866519796428
221,1052,588,960,540,-92,-48,0.125,0.19991732383063598
222,1052,588,960,540,-92,-48,0.125,0.2222127475059601
223,1055,587,960,540,-95,-47,0.03125,0.19586359535469122
224,1064,587,960,540,-104,-47,-0.25,0.2223845131531892
225,1076,587,960,540,-116,-47,-0.625,0.18904869952777226
226,1080,587,960,540,-120,-47,-0.75,0.18981916632344187
227,1080,588,960,540,-120,-48,-0.75,0.23380152132758436
228,1081,588,960,540,-121,-48,-0.78125,0.22868183402228426
229,1081,588,960,540,-121,-48,-0.78125,0.23838437679295166
230,1080,588,960,540,-120,-48,-0.75,0.24218969945544377
231,1067,587,960,540,-107,-47,-0.34375,0.18010361711217793
232,1054,588,960,540,-94,-48,0.0625,0.23610591583893248
233,1052,587,960,540,-92,-47,0.125,0.19195532626615508
234,1053,587,960,540,-93,-47,0.09375,0.1856544957202384
235,1052,587,960,540,-92,-47,0.125,0.17669950055289352
236,1052,588,960,540,-92,-48,0.125,0.22513052896131125
237,1052,588,960,540,-92,-48,0.125,0.22362467813844256
238,1052,587,960,540,-92,-47,0.125,0.18118079684489707
239,1052,587,960,540,-92,-47,0.125,0.18118079684489707
240,1052,587,960,540,-92,-47,0.125,0.18070977782959852
241,1052,587,960,540,-92,-47,0.125,0.17705245051802843
242,1052,587,960,540,-92,-47,0.125,0.16503309325402093
243,1052,587,960,540,-92,-47,0.125,0.19461750306886283
244,1052,587,960,540,-92,-47,0.125,0.17614690384058118
245,1052,588,960,540,-92,-48,0.125,0.21217921046684385
246,1052,588,960,540,-92,-48,0.125,0.2075723773129019
247,1052,588,960,540,-92,-48,0.125,0.21668577034908143
248,1052,588,960,540,-92,-48,0.125,0.20910885031741033
249,1052,587,960,540,-92,-47,0.125,0.18947118973028632
250,1052,587,960,540,-92,-47,0.125,0.19160937808278522
251,1052,587,960,540,-92,-47,0.125,0.18111711315855494
252,1052,587,960,540,-92,-47,0.125,0.17306912554812848
253,1052,588,960,540,-92,-48,0.125,0.2175025556096426
254,1051,587,960,540,-91,-47,0.15625,0.18662506533394474
255,1051,587,960,540,-91,-47,0.15625,0.17604450807645144
256,1052,587,960,540,-92,-47,0.125,0.19759760013704342
257,1051,587,960,540,-91,-47,0.15625,0.18046236750013178
258,1051,588,960,540,-91,-48,0.15625,0.2270135198662866
259,1051,588,960,540,-91,-48,0.15625,0.2100274443958272
260,1051,588,960,540,-91,-48,0.15625,0.20751725349113626
261,1051,588,960,540,-91,-48,0.15625,0.20269859277524915
262,1051,588,960,540,-91,-48,0.15625,0.22193776216930927
263,1050,588,960,540,-90,-48,0.1875,0.1933147153534227
264,1047,587,960,540,-87,-47,0.28125,0.18339555264118346
265,1042,585,960,540,-82,-45,0.4375,0.1325952180389942
266,1037,583,960,540,-77,-43,0.59375,0.058000300965096674
267,1027,579,960,540,-67,-39,0.90625,-0.07381432389588083
268,1015,575,960,540,-55,-35,1.28125,-0.2336163351520173
269,1004,573,960,540,-44,-33,1.625,-0.31016390855106346
270,997,570,960,540,-37,-30,1.84375,-0.4379200193070809
271,998,565,960,540,-38,-25,1.8125,-0.6006410873324755
272,998,560,960,540,-38,-20,1.8125,-0.7812695792744881
273,988,556,960,540,-28,-16,2.125,-0.9404234584688376
274,986,551,960,540,-26,-11,2.1875,-1.1192573403994168
275,987,546,960,540,-27,-6,2.15625,-1.3180524139217473
276,982,542,960,540,-22,-2,2.3125,-1.4562239070360277
277,973,540,960,540,-13,0,2.59375,-1.5507604337364977
278,962,541,960,540,-2,-1,2.9375,-1.541027233312389
279,950,545,960,540,10,-5,3.3125,-1.3888001385364293
280,940,547,960,540,20,-7,3.625,-1.3112677289008934
281,932,548,960,540,28,-8,3.875,-1.2742306918638564
282,934,558,960,540,26,-18,3.8125,-0.8955481895426639
283,935,567,960,540,25,-27,3.78125,-0.5795868075651809
284,928,565,960,540,32,-25,4.0,-0.6524187375200321
285,922,563,960,540,38,-23,4.1875,-0.7264928115941061
286,925,561,960,540,35,-21,4.09375,-0.8180062770077772
287,921,559,960,540,39,-19,4.21875,-0.8563369716236655
288,909,557,960,540,51,-17,4.59375,-0.9077355236481806
289,905,555,960,540,55,-15,4.71875,-0.9690155625453682
290,901,553,960,540,59,-13,4.84375,-1.0633476791294663
291,893,551,960,540,67,-11,5.09375,-1.121658060354371
292,886,551,960,540,74,-11,5.3125,-1.10954082128843
293,897,551,960,540,63,-11,4.96875,-1.1370684218303104
294,908,550,960,540,52,-10,4.625,-1.1741054588673476
295,902,551,960,540,58,-11,4.8125,-1.1601030567869959
296,893,552,960,540,67,-12,5.09375,-1.1428619155026716
297,885,554,960,540,75,-14,5.34375,-1.1009397647205632
298,889,558,960,540,71,-18,5.21875,-0.9515272958777138
299,892,563,960,540,68,-23,5.125,-0.8178870900416382
300,881,575,960,540,79,-35,5.46875,-0.4389768866755235
301,874,586,960,540,86,-46,5.6875,-0.03156947926811604
302,881,605,960,540,79,-65,5.46875,0.6103646869293977
303,885,629,960,540,75,-89,5.34375,1.5037560403017078
304,878,640,960,540,82,-100,5.5625,1.9053504428009642
305,874,653,960,540,86,-113,5.6875,2.3696710429592813
306,879,663,960,540,81,-123,5.53125,2.672633008298109
307,883,674,960,540,77,-134,5.40625,2.9692683124801307
308,880,690,960,540,80,-150,5.5,3.5921974949104314
309,877,699,960,540,83,-159,5.59375,3.916095187363103
310,883,696,960,540,77,-156,5.40625,3.7648254640640855
311,901,693,960,540,59,-153,4.84375,3.5898313303582623
312,912,693,960,540,48,-153,4.5,3.5515888414872347
313,910,692,960,540,50,-152,4.5625,3.5310812077384606
314,910,675,960,540,50,-135,4.5625,2.872056489117527
315,921,642,960,540,39,-102,4.21875,1.741763068780473
316,926,608,960,540,34,-68,4.0625,0.4057096286698947
317,923,581,960,540,37,-41,4.15625,-0.5667460999096388
318,922,551,960,540,38,-11,4.1875,-1.7099570381662756
319,923,517,960,540,37,23,4.15625,-3.016801513607331
320,933,487,960,540,27,53,3.84375,-4.123719867195279
321,945,454,960,540,15,86,3.46875,-5.299080778432888
322,948,418,960,540,12,122,3.375,-6.6767799430657355
323,960,388,960,540,0,152,3.0,-7.827498430020916
324,974,370,960,540,-14,170,2.5625,-8.484724362152312
325,976,362,960,540,-16,178,2.5,-8.785647209659887
326,976,350,960,540,-16,190,2.5,-9.174602978074557
327,976,332,960,540,-16,208,2.5,-9.826840068991315
328,974,311,960,540,-14,229,2.5625,-10.541216335744679
329,973,293,960,540,-13,247,2.59375,-11.263625057505855
330,970,287,960,540,-10,253,2.6875,-11.488954589275252
331,967,288,960,540,-7,252,2.78125,-11.40549774049336
332,964,290,960,540,-4,250,2.875,-11.326426198983476
333,961,284,960,540,-1,256,2.96875,-11.455397483252831
334,956,270,960,540,4,270,3.125,-12.039487046242094
335,959,262,960,540,1,278,3.03125,-12.325813096499472
336,968,267,960,540,-8,273,2.75,-12.110245537350199
337,971,282,960,540,-11,258,2.65625,-11.568779504031502
338,970,308,960,540,-10,232,2.6875,-10.513474876402414
339,971,325,960,540,-11,215,2.65625,-9.859249156063516
340,988,320,960,540,-28,220,2.125,-10.063485338403847
341,1006,311,960,540,-46,229,1.5625,-10.411578922616444
342,1009,306,960,540,-49,234,1.46875,-10.59676410780163
343,1015,301,960,540,-55,239,1.28125,-10.722149793493896
344,1040,307,960,540,-80,233,0.5,-10.534793884694496
345,1070,329,960,540,-110,211,-0.4375,-9.755970657194343
346,1088,358,960,540,-128,182,-1.0,-8.652960662041012
347,1105,403,960,540,-145,137,-1.53125,-6.992454193503658
348,1122,436,960,540,-162,104,-2.0625,-5.7440963986370495
349,1128,445,960,540,-168,95,-2.25,-5.426085833936535
350,1127,446,960,540,-167,94,-2.21875,-5.3768793154032775
351,1134,446,960,540,-174,94,-2.4375,-5.352648339452068
352,1147,447,960,540,-187,93,-2.84375,-5.30312953196708
353,1152,456,960,540,-192,84,-3.0,-4.993187282243556
354,1137,490,960,540,-177,50,-2.53125,-3.6828904026922746
355,1125,517,960,540,-165,23,-2.15625,-2.682890402692275
356,1125,528,960,540,-165,12,-2.15625,-2.3003425460541687
357,1125,539,960,540,-165,1,-2.15625,-1.891583852056168
358,1115,549,960,540,-155,-9,-1.84375,-1.5187022919743347
359,1099,564,960,540,-139,-24,-1.34375,-0.9239399927399947
360,1090,570,960,540,-130,-30,-1.0625,-0.6951529955192772
361,1086,570,960,540,-126,-30,-0.9375,-0.6976997596666956
362,1082,569,960,540,-122,-29,-0.8125,-0.759190114927123
363,1076,562,960,540,-116,-22,-0.625,-0.9571291861209629
364,1069,555,960,540,-109,-15,-0.40625,-1.2343827527187607
365,1065,554,960,540,-105,-14,-0.28125,-1.2620194600573034
366,1061,554,960,540,-101,-14,-0.15625,-1.2717215127665558
367,1058,553,960,540,-98,-13,-0.0625,-1.3146961883882602
368,1058,552,960,540,-98,-12,-0.0625,-1.3598472812069229
369,1063,551,960,540,-103,-11,-0.21875,-1.4074645316212218
370,1073,550,960,540,-113,-10,-0.53125,-1.4889529595373507
371,1081,550,960,540,-121,-10,-0.78125,-1.4769972390820478
372,1086,547,960,540,-126,-7,-0.9375,-1.5848961029228676
373,1091,549,960,540,-131,-9,-1.09375,-1.5065749411335017
374,1094,549,960,540,-134,-9,-1.1875,-1.5084334962364487
375,1095,545,960,540,-135,-5,-1.21875,-1.6915550706935951
376,1091,541,960,540,-131,-1,-1.09375,-1.783688716033818
377,1081,536,960,540,-121,4,-0.78125,-1.9872710531282172
378,1073,530,960,540,-113,10,-0.53125,-2.2291301769548126
379,1070,527,960,540,-110,13,-0.4375,-2.340241288065924
380,1069,527,960,540,-109,13,-0.40625,-2.3677040078983236
381,1067,536,960,540,-107,4,-0.34375,-2.0041266515646443
382,1066,546,960,540,-106,-6,-0.3125,-1.6163759801188227
383,1064,549,960,540,-104,-9,-0.25,-1.5278262995854492
384,1062,550,960,540,-102,-10,-0.1875,-1.4911169105623596
385,1060,551,960,540,-100,-11,-0.125,-1.4636289700126635
386,1058,552,960,540,-98,-12,-0.0625,-1.419610063426969
387,1057,552,960,540,-97,-12,-0.03125,-1.4378109230139335
388,1056,552,960,540,-96,-12,0.0,-1.4175952187239234
389,1055,552,960,540,-95,-12,0.03125,-1.4175952187239234
390,1054,552,960,540,-94,-12,0.0625,-1.4213488079043206
391,1053,551,960,540,-93,-11,0.09375,-1.456586190945244
392,1052,557,960,540,-92,-17,0.125,-1.2822089711398605
393,1053,570,960,540,-93,-30,0.09375,-0.7450015005915898
394,1052,580,960,540,-92,-40,0.125,-0.40197316107958536
395,1051,584,960,540,-91,-44,0.15625,-0.2538250129314372
396,1050,584,960,540,-90,-44,0.1875,-0.24100067479631293
397,1050,585,960,540,-90,-45,0.1875,-0.20032157067625334
398,1050,584,960,540,-90,-44,0.1875,-0.23860487855205315
399,1050,578,960,540,-90,-38,0.1875,-0.4458294960078426
400,1050,572,960,540,-90,-32,0.1875,-0.653064288236739
401,1050,571,960,540,-90,-31,0.1875,-0.6998687694563888
402,1051,572,960,540,-91,-32,0.15625,-0.6607639174395896
403,1051,572,960,540,-91,-32,0.15625,-0.6611627032798941
404,1051,572,960,540,-91,-32,0.15625,-0.6510889453009368
405,1050,573,960,540,-90,-33,0.1875,-0.6181377643269412
406,1049,579,960,540,-89,-39,0.21875,-0.4180556463923817
407,1048,585,960,540,-88,-45,0.25,-0.19903729161260175
408,1047,586,960,540,-87,-46,0.28125,-0.1803655088615237
409,1047,587,960,540,-87,-47,0.28125,-0.13412018800170844
410,1046,587,960,540,-86,-47,0.3125,-0.13995041530283991
411,1046,587,960,540,-86,-47,0.3125,-0.1335632096072774
412,1046,583,960,540,-86,-43,0.3125,-0.20786871932950635
413,1046,576,960,540,-86,-36,0.3125,-0.5119223334168286
414,1046,573,960,540,-86,-33,0.3125,-0.6259557654703012
415,1046,573,960,540,-86,-33,0.3125,-0.6272069029905434
416,1045,573,960,540,-85,-33,0.34375,-0.6077121233870526
417,1045,573,960,540,-85,-33,0.34375,-0.6160746360527174
418,1044,580,960,540,-84,-40,0.375,-0.3828766844724796
419,1044,586,960,540,-84,-46,0.375,-0.15932452145265175
420,1044,586,960,540,-84,-46,0.375,-0.1468156953086528
421,1044,586,960,540,-84,-46,0.375,-0.14240527098414124
422,1043,587,960,540,-83,-47,0.40625,-0.10036025101280499
423,1043,587,960,540,-83,-47,0.40625,-0.10429805920201018
424,1043,587,960,540,-83,-47,0.40625,-0.11260274057880149
425,1043,586,960,540,-83,-46,0.40625,-0.13804402072307664
426,1043,587,960,540,-83,-47,0.40625,-0.1107844690436326
427,1043,587,960,540,-83,-47,0.40625,-0.11317047538524339
428,1042,587,960,540,-82,-47,0.4375,-0.09684699513187489
429,1042,587,960,540,-82,-47,0.4375,-0.11719417528557341
430,1042,587,960,540,-82,-47,0.4375,-0.10265691846050218
431,1041,587,960,540,-81,-47,0.46875,-0.12879119049306342
432,1040,587,960,540,-80,-47,0.5,-0.11086172284435847
433,1040,587,960,540,-80,-47,0.5,-0.11685026203717097
434,1039,587,960,540,-79,-47,0.53125,-0.11213586779981521
435,1039,587,960,540,-79,-47,0.53125,-0.11213586779981521
436,1038,587,960,540,-78,-47,0.5625,-0.11981785176690862
437,1037,587,960,540,-77,-47,0.59375,-0.11002995388261971
438,1037,586,960,540,-77,-46,0.59375,-0.12843281815804874
439,1036,586,960,540,-76,-46,0.625,-0.14402699693787513
440,1035,586,960,540,-75,-46,0.65625,-0.1586877699642688
441,1034,586,960,540,-74,-46,0.6875,-0.19166696611164769
442,1034,587,960,540,-74,-47,0.6875,-0.1588925608911962
443,1034,587,960,540,-74,-47,0.6875,-0.11084280180254913
444,1044,587,960,540,-84,-47,0.375,-0.1354591078006937
445,1056,586,960,540,-96,-46,0.0,-0.1782320965695059
446,1059,586,960,540,-99,-46,-0.09375,-0.16640518145831962
447,1059,586,960,540,-99,-46,-0.09375,-0.16167563316375766
448,1058,586,960,540,-98,-46,-0.0625,-0.1930663958194181
449,1050,587,960,540,-90,-47,0.1875,-0.11626092650648556
450,1038,588,960,540,-78,-48,0.5625,-0.08454273326370298
451,1033,589,960,540,-73,-49,0.71875,-0.07108355083614248
452,1033,589,960,540,-73,-49,0.71875,-0.06960353872456215
453,1036,589,960,540,-76,-49,0.625,-0.04863372661120979
454,1045,588,960,540,-85,-48,0.34375,-0.08361000352498582
455,1054,586,960,540,-94,-46,0.0625,-0.19524610686492272
456,1057,586,960,540,-97,-46,-0.03125,-0.18383589979626347
457,1055,586,960,540,-95,-46,0.03125,-0.18883587531900914
458,1056,585,960,540,-96,-45,0.0,-0.23871555328469718
459,1056,585,960,540,-96,-45,0.0,-0.23562461284670944
460,1054,585,960,540,-94,-45,0.0625,-0.22414142692517136
461,1053,583,960,540,-93,-43,0.09375,-0.2886374638117204
462,1053,583,960,540,-93,-43,0.09375,-0.2888019038268157
463,1052,583,960,540,-92,-43,0.125,-0.2940394947546854
464,1052,584,960,540,-92,-44,0.125,-0.23984919360332446
465,1052,585,960,540,-92,-45,0.125,-0.20081079691563963
466,1052,586,960,540,-92,-46,0.125,-0.1588338285134676
467,1053,586,960,540,-93,-46,0.09375,-0.17353558991344165
468,1053,587,960,540,-93,-47,0.09375,-0.12303154638892932
469,1053,586,960,540,-93,-46,0.09375,-0.1657854679972559
470,1054,587,960,540,-94,-47,0.0625,-0.1255529116630656
471,1054,587,960,540,-94,-47,0.0625,-0.13612967867751324
472,1055,588,960,540,-95,-48,0.03125,-0.09909264164047626
473,1055,588,960,540,-95,-48,0.03125,-0.10248123278554755
474,1055,589,960,540,-95,-49,0.03125,-0.08303335594769323
475,1055,589,960,540,-95,-49,0.03125,-0.07080698200485358
476,1056,590,960,540,-96,-50,0.0,-0.04135129108967761
477,1055,589,960,540,-95,-49,0.03125,-0.07535686364192618
478,1055,589,960,540,-95,-49,0.03125,-0.07204753167428368
479,1056,589,960,540,-96,-49,0.0,-0.07808985828055293
480,1057,590,960,540,-97,-50,-0.03125,-0.03245249185840482
481,1057,591,960,540,-97,-51,-0.03125,0.004584545178632382
482,1057,591,960,540,-97,-51,-0.03125,-0.011602074636407167
483,1057,591,960,540,-97,-51,-0.03125,-0.0003975174207446752
484,1057,591,960,540,-97,-51,-0.03125,-0.024406658414236837
485,1056,591,960,540,-96,-51,0.0,-0.013402225744644225
486,1056,591,960,540,-96,-51,0.0,0.007825383292786814
487,1056,591,960,540,-96,-51,0.0,0.0020727889565044233
488,1056,591,960,540,-96,-51,0.0,-0.013099443396489496
489,1055,591,960,540,-95,-51,0.03125,0.024332004513337502
490,1055,592,960,540,-95,-52,0.03125,0.036569495437904775
491,1055,592,960,540,-95,-52,0.03125,0.03460321428503943
492,1055,592,960,540,-95,-52,0.03125,0.03649019457583269
493,1055,592,960,540,-95,-52,0.03125,0.018539325699987064
494,1055,592,960,540,-95,-52,0.03125,0.037749112687807784
495,1055,592,960,540,-95,-52,0.03125,0.04252200582234078
496,1056,591,960,540,-96,-51,0.0,-0.0023447246470635896
497,1056,591,960,540,-96,-51,0.0,-0.0012206060817041564
498,1056,590,960,540,-96,-50,0.0,-0.03802309950559035
499,1057,590,960,540,-97,-50,-0.03125,-0.0485401705245172
500,1057,590,960,540,-97,-50,-0.03125,-0.02165340481970235
501,1057,591,960,540,-97,-51,-0.03125,-0.006002335215406163
502,1058,591,960,540,-98,-51,-0.0625,-0.02619799997741734
503,1058,590,960,540,-98,-50,-0.0625,-0.013199184618408966
504,1058,589,960,540,-98,-49,-0.0625,-0.08850606817234397
505,1058,589,960,540,-98,-49,-0.0625,-0.08927742574009367
506,1059,590,960,540,-99,-50,-0.09375,-0.06103537946041615
507,1059,589,960,540,-99,-49,-0.09375,-0.11150965249448053
508,1059,589,960,540,-99,-49,-0.09375,-0.089144420770213
509,1059,588,960,540,-99,-48,-0.09375,-0.11619749483821828
510,1059,587,960,540,-99,-47,-0.09375,-0.16235053063389904
511,1059,588,960,540,-99,-48,-0.09375,-0.13251964598217736
512,1060,588,960,540,-100,-48,-0.125,-0.10019056932992765
513,1060,587,960,540,-100,-47,-0.125,-0.1545294981466463
514,1060,586,960,540,-100,-46,-0.125,-0.1871168294823189
515,1060,586,960,540,-100,-46,-0.125,-0.1871168294823189
516,1060,586,960,540,-100,-46,-0.125,-0.20324852002318994
517,1060,586,960,540,-100,-46,-0.125,-0.2131262838461312
518,1060,585,960,540,-100,-45,-0.125,-0.24792997560073649
519,1059,585,960,540,-99,-45,-0.09375,-0.27318460169812186
520,1059,584,960,540,-99,-44,-0.09375,-0.2959139995141189
521,1058,583,960,540,-98,-43,-0.0625,-0.34064834094635477
522,1058,583,960,540,-98,-43,-0.0625,-0.3690637585896812
523,1057,583,960,540,-97,-43,-0.03125,-0.3719870651438735
524,1056,584,960,540,-96,-44,0.0,-0.3520582850406557
525,1056,587,960,540,-96,-47,0.0,-0.2299636074746756
526,1056,595,960,540,-96,-55,0.0,0.024959259198754857
527,1055,605,960,540,-95,-65,0.03125,0.3753974082607332
528,1054,611,960,540,-94,-71,0.0625,0.5976196304829551
529,1053,622,960,540,-93,-82,0.09375,0.9636592857740323
530,1052,643,960,540,-92,-103,0.125,1.6849725475385515
531,1052,666,960,540,-92,-126,0.125,2.512341375227349
532,1053,696,960,540,-93,-156,0.09375,3.5713065673203626
533,1055,733,960,540,-95,-193,0.03125,4.900506301971914
534,1058,774,960,540,-98,-234,-0.0625,6.332019834697695
535,1059,821,960,540,-99,-281,-0.09375,8.03914807464633
536,1056,867,960,540,-96,-327,0.0,9.694102823400126
537,1052,903,960,540,-92,-363,0.125,11.000526680198544
538,1047,923,960,540,-87,-383,0.28125,11.676053271679356
539,1044,937,960,540,-84,-397,0.375,12.195721231262024
540,1043,952,960,540,-83,-412,0.40625,12.814832130995157
541,1042,973,960,540,-82,-433,0.4375,13.8991282938424
542,1039,991,960,540,-79,-451,0.53125,14.574841027886404
543,1038,998,960,540,-78,-458,0.5625,14.875267919022576
544,1039,995,960,540,-79,-455,0.53125,14.689454324691802
545,1040,979,960,540,-80,-439,0.5,13.915251141503402
546,1041,970,960,540,-81,-430,0.46875,13.560660618715822
547,1043,979,960,540,-83,-439,0.40625,14.248037900945079
548,1045,988,960,540,-85,-448,0.34375,14.58137123427841
549,1046,1003,960,540,-86,-463,0.3125,15.01976386610467
550,1049,1021,960,540,-89,-481,0.21875,15.841191330567852
551,1051,1028,960,540,-91,-488,0.15625,16.14329698607052
552,1051,1021,960,540,-91,-481,0.15625,15.716300345210078
553,1052,991,960,540,-92,-451,0.125,14.185542882582032
554,1051,955,960,540,-91,-415,0.15625,12.941264602505793
555,1049,932,960,540,-89,-392,0.21875,12.064849031656879
556,1049,913,960,540,-89,-373,0.21875,11.330287310792405
557,1049,899,960,540,-89,-359,0.21875,10.784600855454173
558,1049,895,960,540,-89,-355,0.21875,10.614324114468934
559,1049,889,960,540,-89,-349,0.21875,10.485322083659067
560,1050,875,960,540,-90,-335,0.1875,9.999507352000212
561,1052,833,960,540,-92,-293,0.125,8.461300025900208
562,1055,801,960,540,-95,-261,0.03125,7.276114840715024
563,1056,766,960,540,-96,-226,0.0,5.979028736878881
564,1056,720,960,540,-96,-180,0.0,4.2551937564209315
565,1056,702,960,540,-96,-162,0.0,3.623867943776258
566,1056,689,960,540,-96,-149,0.0,3.1106360891407876
567,1056,677,960,540,-96,-137,0.0,2.713498988599311
568,1056,662,960,540,-96,-122,0.0,2.0937823823767783
569,1056,652,960,540,-96,-112,0.0,1.7467733487122854
570,1055,650,960,540,-95,-110,0.03125,1.5936229895724017
571,1055,658,960,540,-95,-118,0.03125,1.9125175380691766
572,1055,675,960,540,-95,-135,0.03125,2.5173158432019123
573,1055,689,960,540,-95,-149,0.03125,3.0575805381427497
574,1056,696,960,540,-96,-156,0.0,3.262902911369157
575,1057,700,960,540,-97,-160,-0.03125,3.411051059517305
576,1058,698,960,540,-98,-158,-0.0625,3.385392163833925
577,1058,688,960,540,-98,-148,-0.0625,3.0127470549429134
578,1059,677,960,540,-99,-137,-0.09375,2.566753684653273
579,1059,668,960,540,-99,-128,-0.09375,2.2352055135415525
580,1058,657,960,540,-98,-117,-0.0625,1.8163782881676247
581,1057,652,960,540,-97,-112,-0.03125,1.5985698067261485
582,1057,653,960,540,-97,-113,-0.03125,1.6387969139566265
583,1056,654,960,540,-96,-114,0.0,1.6903828531087859
584,1055,655,960,540,-95,-115,0.03125,1.7232003060665804
585,1055,655,960,540,-95,-115,0.03125,1.7325025684527229
586,1054,655,960,540,-94,-115,0.0625,1.7483861425440828
587,1053,654,960,540,-93,-114,0.09375,1.7192129786634323
588,1052,653,960,540,-92,-113,0.125,1.6975987762191194
589,1052,652,960,540,-92,-112,0.125,1.6807520802466223
590,1052,653,960,540,-92,-113,0.125,1.6942670604156667
591,1052,648,960,540,-92,-108,0.125,1.5255428081865379
592,1053,636,960,540,-93,-96,0.09375,1.0945861514445387
593,1053,628,960,540,-93,-88,0.09375,0.7665990787431212
594,1053,626,960,540,-93,-86,0.09375,0.68950157365258
595,1053,627,960,540,-93,-87,0.09375,0.7265386106896168
596,1053,627,960,540,-93,-87,0.09375,0.7312598647736603
597,1054,626,960,540,-94,-86,0.0625,0.694689529847845
598,1053,627,960,540,-93,-87,0.09375,0.7216651001773196
599,1053,636,960,540,-93,-96,0.09375,1.0562350620535446
600,1053,644,960,540,-93,-104,0.09375,1.3490531871299067
601,1053,646,960,540,-93,-106,0.09375,1.4516064447186428
602,1052,640,960,540,-92,-100,0.125,1.2499895352953603
603,1052,631,960,540,-92,-91,0.125,0.8837941722589724
604,1052,628,960,540,-92,-88,0.125,0.7640764235290893
605,1052,627,960,540,-92,-87,0.125,0.7526874208130461
606,1053,627,960,540,-93,-87,0.09375,0.7233691529609252
607,1052,627,960,540,-92,-87,0.125,0.7179992372241615
608,1052,627,960,540,-92,-87,0.125,0.7092536760916035
609,1051,627,960,540,-91,-87,0.15625,0.7358568605525213
610,1050,627,960,540,-90,-87,0.1875,0.7161366804087304
611,1050,627,960,540,-90,-87,0.1875,0.7241506964819648
612,1050,628,960,540,-90,-88,0.1875,0.761187733519002
613,1050,628,960,540,-90,-88,0.1875,0.7848905409543443
614,1050,628,960,540,-90,-88,0.1875,0.7700239225430887
615,1050,627,960,540,-90,-87,0.1875,0.7528264975464602
616,1050,627,960,540,-90,-87,0.1875,0.7392176394661467
617,1050,619,960,540,-90,-79,0.1875,0.4439119567845369
618,1050,605,960,540,-90,-65,0.1875,-0.053603430680436936
619,1049,598,960,540,-89,-58,0.21875,-0.34676967094417055
620,1049,597,960,540,-89,-57,0.21875,-0.37740513391954433
621,1049,597,960,540,-89,-57,0.21875,-0.40859753076205996
622,1049,598,960,540,-89,-58,0.21875,-0.32838013955186485
623,1048,604,960,540,-88,-64,0.25,-0.16114771095201652
624,1048,615,960,540,-88,-75,0.25,0.28074376724713357
625,1049,622,960,540,-89,-82,0.21875,0.5385641716929865
626,1049,622,960,540,-89,-82,0.21875,0.5400169315601184
627,1049,623,960,540,-89,-83,0.21875,0.5862284690006234
628,1049,624,960,540,-89,-84,0.21875,0.6230242602083575
629,1049,624,960,540,-89,-84,0.21875,0.6129934103631043
630,1050,621,960,540,-90,-81,0.1875,0.5948463898820355
631,1049,610,960,540,-89,-70,0.21875,0.11714157110242907
632,1049,601,960,540,-89,-61,0.21875,-0.22497179396449507
633,1049,601,960,540,-89,-61,0.21875,-0.23155992491375077
634,1049,601,960,540,-89,-61,0.21875,-0.21388581216695624
635,1049,602,960,540,-89,-62,0.21875,-0.17684877512991903
636,1049,610,960,540,-89,-70,0.21875,0.10660581824257509
637,1050,621,960,540,-90,-81,0.1875,0.5073521554956146
638,1050,625,960,540,-90,-85,0.1875,0.637578859913916
639,1050,626,960,540,-90,-86,0.1875,0.6693877188395119
640,1051,627,960,540,-91,-87,0.15625,0.7268486422796991
641,1051,627,960,540,-91,-87,0.15625,0.7014693992515304
642,1052,622,960,540,-92,-82,0.125,0.6326101183202075
643,1052,610,960,540,-92,-70,0.125,0.10638618856861548
644,1052,603,960,540,-92,-63,0.125,-0.1575459282875853
645,1051,603,960,540,-91,-63,0.15625,-0.13623961129084572
646,1051,603,960,540,-91,-63,0.15625,-0.1479424907523974
647,1051,604,960,540,-91,-64,0.15625,-0.11255517345822685
648,1052,604,960,540,-92,-64,0.125,-0.11464646765583453
649,1052,604,960,540,-92,-64,0.125,-0.0996778720523559
650,1053,604,960,540,-93,-64,0.09375,-0.10967477495227174
651,1053,604,960,540,-93,-64,0.09375,-0.11488269904185211
652,1053,604,960,540,-93,-64,0.09375,-0.11155348355889805
653,1054,604,960,540,-94,-64,0.0625,-0.11791593109993759
654,1054,604,960,540,-94,-64,0.0625,-0.11181623029177068
655,1055,604,960,540,-95,-64,0.03125,-0.1128048667250825
656,1056,604,960,540,-96,-64,0.0,-0.10720117268416418
657,1057,605,960,540,-97,-65,-0.03125,-0.06962178074501635
658,1057,605,960,540,-97,-65,-0.03125,-0.08355366736395409
659,1057,605,960,540,-97,-65,-0.03125,-0.08355366736395409
660,1057,605,960,540,-97,-65,-0.03125,-0.061837756427592705
661,1058,605,960,540,-98,-65,-0.0625,-0.05175512330865217
662,1058,604,960,540,-98,-64,-0.0625,-0.07583214859952259
663,1059,604,960,540,-99,-64,-0.09375,-0.0839363426986397
664,1059,605,960,540,-99,-65,-0.09375,-0.06114150702920673
665,1059,605,960,540,-99,-65,-0.09375,-0.05438983669041253
666,1058,605,960,540,-98,-65,-0.0625,-0.0627065087416816
667,1058,606,960,540,-98,-66,-0.0625,-0.017877149754657484
668,1058,606,960,540,-98,-66,-0.0625,-0.03223034955782644
669,1058,606,960,540,-98,-66,-0.0625,-0.03223034955782644
670,1058,606,960,540,-98,-66,-0.0625,-0.02470609928187395
671,1059,606,960,540,-99,-66,-0.09375,0.0037011806012756665
672,1059,606,960,540,-99,-66,-0.09375,-0.01281026615221137
673,1058,605,960,540,-98,-65,-0.0625,-0.04128645766722272
674,1058,605,960,540,-98,-65,-0.0625,-0.047256747969436574
675,1058,606,960,540,-98,-66,-0.0625,-0.016433069017632196
676,1059,606,960,540,-99,-66,-0.09375,-0.016560277796890066
677,1060,606,960,540,-100,-66,-0.125,-0.01707711943407375
678,1060,606,960,540,-100,-66,-0.125,-0.007176758935376171
679,1060,606,960,540,-100,-66,-0.125,-0.021048181940893862
680,1061,606,960,540,-101,-66,-0.15625,-0.037007526217786246
681,1061,606,960,540,-101,-66,-0.15625,-0.02561769410970305
682,1061,606,960,540,-101,-66,-0.15625,-0.03854887961173503
683,1061,606,960,540,-101,-66,-0.15625,-0.04188309789835465
684,1060,607,960,540,-100,-67,-0.125,-0.005965566780062215
685,1060,607,960,540,-100,-67,-0.125,-0.032801708117216055
686,1060,608,960,540,-100,-68,-0.125,0.0010236298379018294
687,1060,608,960,540,-100,-68,-0.125,-0.009041601024715629
688,1060,608,960,540,-100,-68,-0.125,0.026528284481911246
689,1060,608,960,540,-100,-68,-0.125,0.011719775885025818
690,1061,608,960,540,-101,-68,-0.15625,0.010094712674506123
691,1060,608,960,540,-100,-68,-0.125,0.011887975224242897
692,1060,608,960,540,-100,-68,-0.125,0.019036734343877093
693,1060,608,960,540,-100,-68,-0.125,0.024019600753920844
694,1060,609,960,540,-100,-69,-0.125,0.05678671568836391
695,1060,609,960,540,-100,-69,-0.125,0.04682631384417446
696,1060,609,960,540,-100,-69,-0.125,0.04785152190382291
697,1060,609,960,540,-100,-69,-0.125,0.05006867644947466
698,1060,609,960,540,-100,-69,-0.125,0.041320562036866626
699,1060,609,960,540,-100,-69,-0.125,0.0456399667563514
700,1060,609,960,540,-100,-69,-0.125,0.030980296179669686
701,1060,609,960,540,-100,-69,-0.125,0.03454605566611724
702,1061,609,960,540,-101,-69,-0.15625,0.04569004038592084
703,1060,609,960,540,-100,-69,-0.125,0.0525912998226814
704,1060,610,960,540,-100,-70,-0.125,0.09124986303381233
705,1060,611,960,540,-100,-71,-0.125,0.12828690007084909
706,1059,611,960,540,-99,-71,-0.09375,0.11389206269940821
707,1059,610,960,540,-99,-70,-0.09375,0.07889209673001218
708,1059,611,960,540,-99,-71,-0.09375,0.13045458253934727
709,1059,611,960,540,-99,-71,-0.09375,0.10950953181780054
710,1059,611,960,540,-99,-71,-0.09375,0.09588801700694072
711,1060,611,960,540,-100,-71,-0.125,0.10916043904903727
712,1060,611,960,540,-100,-71,-0.125,0.12333311771165256
713,1060,612,960,540,-100,-72,-0.125,0.15421883782686674
714,1060,611,960,540,-100,-71,-0.125,0.12398937919474706
715,1061,611,960,540,-101,-71,-0.15625,0.12448704540196287
716,1062,611,960,540,-102,-71,-0.1875,0.13226982741880366
717,1062,611,960,540,-102,-71,-0.1875,0.11140015866447861
718,1062,610,960,540,-102,-70,-0.1875,0.08846478128454427
719,1062,611,960,540,-102,-71,-0.1875,0.13326794860805657
720,1063,610,960,540,-103,-70,-0.21875,0.09888609656390601
721,1063,610,960,540,-103,-70,-0.21875,0.09938046079807039
722,1063,610,960,540,-103,-70,-0.21875,0.08256401000136737
723,1063,610,960,540,-103,-70,-0.21875,0.08214195896228693
724,1063,611,960,540,-103,-71,-0.21875,0.11757846427287166
725,1063,611,960,540,-103,-71,-0.21875,0.11339317031281704
726,1063,611,960,540,-103,-71,-0.21875,0.12398387485109685
727,1063,611,960,540,-103,-71,-0.21875,0.12253416253108274
728,1063,611,960,540,-103,-71,-0.21875,0.10763928774192566
729,1063,611,960,540,-103,-71,-0.21875,0.127119912521366
730,1063,611,960,540,-103,-71,-0.21875,0.11728121194167462
731,1063,611,960,540,-103,-71,-0.21875,0.12710323448927152
732,1063,611,960,540,-103,-71,-0.21875,0.13004707280486727
733,1063,611,960,540,-103,-71,-0.21875,0.11480275567290521
734,1063,612,960,540,-103,-72,-0.21875,0.15452075257903886
735,1063,613,960,540,-103,-73,-0.21875,0.1871482221467451
736,1063,613,960,540,-103,-73,-0.21875,0.187458042157858
737,1063,612,960,540,-103,-72,-0.21875,0.15064100247636558
738,1063,612,960,540,-103,-72,-0.21875,0.16090165673143986
739,1063,613,960,540,-103,-73,-0.21875,0.1748217861675898
740,1063,613,960,540,-103,-73,-0.21875,0.1826597110838697
741,1062,613,960,540,-102,-73,-0.1875,0.17460074682098004
742,1062,614,960,540,-102,-74,-0.1875,0.19869440079661116
743,1062,614,960,540,-102,-74,-0.1875,0.20695186310164804
744,1062,615,960,540,-102,-75,-0.1875,0.25966334327496154
745,1062,616,960,540,-102,-76,-0.1875,0.3038426757626915
746,1063,616,960,540,-103,-76,-0.21875,0.31182371168197776
747,1063,617,960,540,-103,-77,-0.21875,0.33563299668378344
748,1063,618,960,540,-103,-78,-0.21875,0.3890492571034625
749,1063,619,960,540,-103,-79,-0.21875,0.40701542007968694
750,1063,618,960,540,-103,-78,-0.21875,0.3918317257525725
751,1062,619,960,540,-102,-79,-0.1875,0.42657058478698406
752,1062,620,960,540,-102,-80,-0.1875,0.4550207680090548
753,1062,620,960,540,-102,-80,-0.1875,0.4646278320325954
754,1062,621,960,540,-102,-81,-0.1875,0.501459073681978
755,1062,620,960,540,-102,-80,-0.1875,0.451241326826604
756,1062,620,960,540,-102,-80,-0.1875,0.4717986987030298
757,1062,620,960,540,-102,-80,-0.1875,0.45176172083179367
758,1062,621,960,540,-102,-81,-0.1875,0.49560231714667236
759,1062,621,960,540,-102,-81,-0.1875,0.4923363510433916
760,1062,621,960,540,-102,-81,-0.1875,0.500026649905176
761,1061,621,960,540,-101,-81,-0.15625,0.500026649905176
762,1061,621,960,540,-101,-81,-0.15625,0.49275444999743634
763,1061,618,960,540,-101,-78,-0.15625,0.3524280698177167
764,1060,613,960,540,-100,-73,-0.125,0.1726755595163576
765,1059,608,960,540,-99,-68,-0.09375,0.03935469957856785
766,1057,598,960,540,-97,-58,-0.03125,-0.37167831587499034
767,1056,586,960,540,-96,-46,0.0,-0.8308018479898007
768,1056,577,960,540,-96,-37,0.0,-1.1306254349920417
769,1056,567,960,540,-96,-27,0.0,-1.5226887303536372
770,1056,556,960,540,-96,-16,0.0,-1.8930713396846852
771,1055,543,960,540,-95,-3,0.03125,-2.420086462972755
772,1053,529,960,540,-93,11,0.09375,-2.9676704096845556
773,1053,517,960,540,-93,23,0.09375,-3.4063115683496408
774,1051,504,960,540,-91,36,0.15625,-3.9105090028752096
775,1050,491,960,540,-90,49,0.1875,-4.39993739078527
776,1050,479,960,540,-90,61,0.1875,-4.887042345277939
777,1049,473,960,540,-89,67,0.21875,-5.105425972344069
778,1048,466,960,540,-88,74,0.25,-5.3665581459461205
779,1047,451,960,540,-87,89,0.28125,-5.935949916614879
780,1047,438,960,540,-87,102,0.28125,-6.412537506887522
781,1047,435,960,540,-87,105,0.28125,-6.5466723389105805
782,1048,433,960,540,-88,107,0.25,-6.57000718146365
783,1050,424,960,540,-90,116,0.1875,-6.982120209721822
784,1051,404,960,540,-91,136,0.15625,-7.72793256364467
785,1054,385,960,540,-94,155,0.0625,-8.486541371201945
786,1056,379,960,540,-96,161,0.0,-8.609153646408094
787,1058,369,960,540,-98,171,-0.0625,-9.004463512170279
788,1058,350,960,540,-98,190,-0.0625,-9.65172216251256
789,1058,337,960,540,-98,203,-0.0625,-10.158244356495835
790,1058,328,960,540,-98,212,-0.0625,-10.422997637816307
791,1060,312,960,540,-100,228,-0.125,-11.054019391548689
792,1062,296,960,540,-102,244,-0.1875,-11.57259408352845
793,1065,291,960,540,-105,249,-0.28125,-11.784233613770832
794,1068,295,960,540,-108,245,-0.375,-11.644018226212816
795,1069,305,960,540,-109,235,-0.40625,-11.279796043258246
796,1070,314,960,540,-110,226,-0.4375,-10.898802588827273
797,1071,316,960,540,-111,224,-0.46875,-10.836960318310974
798,1072,315,960,540,-112,225,-0.5,-10.87399735534801
799,1073,302,960,540,-113,238,-0.53125,-11.29285029959736
800,1075,288,960,540,-115,252,-0.59375,-11.796885353758736
801,1076,289,960,540,-116,251,-0.625,-11.799438271700591
802,1078,303,960,540,-118,237,-0.6875,-11.257885266330383
803,1079,319,960,540,-119,221,-0.71875,-10.563141636390773
804,1081,330,960,540,-121,210,-0.78125,-10.07327459573427
805,1082,329,960,540,-122,211,-0.8125,-10.127578854219163
806,1081,320,960,540,-121,220,-0.78125,-10.481399180808378
807,1072,318,960,540,-112,222,-0.5,-10.56712315919724
808,1066,319,960,540,-106,221,-0.3125,-10.530086122160204
809,1062,350,960,540,-102,190,-0.1875,-9.248287527081256
810,1060,386,960,540,-100,154,-0.125,-7.879249850799436
811,1061,389,960,540,-101,151,-0.15625,-7.753834833092538
812,1063,388,960,540,-103,152,-0.21875,-7.810986888061688
813,1065,403,960,540,-105,137,-0.28125,-7.309359668778166
814,1067,431,960,540,-107,109,-0.34375,-6.2162484249511145
815,1067,451,960,540,-107,89,-0.34375,-5.476336840018142
816,1067,465,960,540,-107,75,-0.34375,-4.955856732823387
817,1068,471,960,540,-108,69,-0.375,-4.7434852507788925
818,1069,477,960,540,-109,63,-0.40625,-4.548143100326257
819,1069,489,960,540,-109,51,-0.40625,-4.121833905249243
820,1069,513,960,540,-109,27,-0.40625,-3.203691202194511
821,1068,531,960,540,-108,9,-0.375,-2.518896872256154
822,1067,533,960,540,-107,7,-0.34375,-2.3965211542412974
823,1067,532,960,540,-107,8,-0.34375,-2.433258584375524
824,1067,533,960,540,-107,7,-0.34375,-2.394294217571698
825,1067,534,960,540,-107,6,-0.34375,-2.3597613059561
826,1067,535,960,540,-107,5,-0.34375,-2.2987017627659876
0,512,752,960,540,448,-212,17.0,5.94239076260194
1,493,753,960,540,467,-213,17.59375,5.9602375921241
2,485,753,960,540,475,-213,17.84375,5.952794148988983
3,484,753,960,540,476,-213,17.875,5.987328029708969
4,486,752,960,540,474,-212,17.8125,5.918811031904051
5,487,752,960,540,473,-212,17.78125,5.92330449010049
6,488,752,960,540,472,-212,17.75,5.929862441654398
7,492,750,960,540,468,-210,17.625,5.881594648447324
8,504,739,960,540,456,-199,17.25,5.458824680346905
9,544,698,960,540,416,-158,16.0,3.9942425124980705
10,597,650,960,540,363,-110,14.34375,2.1909637991039967
11,683,615,960,540,277,-75,11.65625,0.9261899396189139
12,777,594,960,540,183,-54,8.71875,0.12106985695178873
13,831,591,960,540,129,-51,7.03125,0.012880974894880381
14,875,591,960,540,85,-51,5.65625,0.027897339191128134
15,908,591,960,540,52,-51,4.625,0.04398875353839893
16,931,591,960,540,29,-51,3.90625,0.014516309361946256
17,945,589,960,540,15,-49,3.46875,-0.016923810759395863
18,950,588,960,540,10,-48,3.3125,-0.09146535191801042
19,962,590,960,540,-2,-50,2.9375,-0.03438609056348296
20,986,596,960,540,-26,-56,2.1875,0.2397138472768503
21,1013,600,960,540,-53,-60,1.34375,0.37558318974619387
22,1033,600,960,540,-73,-60,0.71875,0.43239207001703295
23,1040,600,960,540,-80,-60,0.5,0.458963487850627
24,1040,600,960,540,-80,-60,0.5,0.44032149115637664
25,1027,601,960,540,-67,-61,0.90625,0.40593842400728297
26,1012,601,960,540,-52,-61,1.375,0.35503870573602714
27,1011,601,960,540,-51,-61,1.40625,0.3741788512787536
28,1009,600,960,540,-49,-60,1.46875,0.3738963614824111
29,995,598,960,540,-35,-58,1.90625,0.2902707220779097
30,984,597,960,540,-24,-57,2.25,0.26014939459737807
31,984,597,960,540,-24,-57,2.25,0.24237539830316157
32,991,597,960,540,-31,-57,2.03125,0.25096358695115595
33,1005,597,960,540,-45,-57,1.59375,0.22556062053499004
34,1012,598,960,540,-52,-58,1.375,0.2625976575720268
35,1012,598,960,540,-52,-58,1.375,0.2745626814506419
36,1014,597,960,540,-54,-57,1.3125,0.2434554973017331
37,1029,596,960,540,-69,-56,0.84375,0.2080957625880273
38,1042,594,960,540,-82,-54,0.4375,0.14785727201298182
39,1041,593,960,540,-81,-53,0.46875,0.08772838633087443
40,1041,594,960,540,-81,-54,0.46875,0.13527095794023403
41,1041,595,960,540,-81,-55,0.46875,0.17230799497727078
42,1038,594,960,540,-78,-54,0.5625,0.14942083840958365
43,1029,594,960,540,-69,-54,0.84375,0.16487957181344504
44,1015,594,960,540,-55,-54,1.28125,0.190470979777418
45,1007,593,960,540,-47,-53,1.53125,0.15889286883159026
46,1008,594,960,540,-48,-54,1.5,0.1993910368065448
47,1017,596,960,540,-57,-56,1.21875,0.284724673412198
48,1029,601,960,540,-69,-61,0.84375,0.4170571230728415
49,1037,606,960,540,-77,-66,0.59375,0.9055309160377658
50,1034,608,960,540,-74,-68,0.6875,0.8719024163562126
51,1035,607,960,540,-75,-67,0.65625,0.7379777445567517
52,1051,609,960,540,-91,-69,0.15625,0.9161907066336779
53,1067,613,960,540,-107,-73,-0.34375,1.1622706199127846
54,1067,609,960,540,-107,-69,-0.34375,1.1077774783252523
55,1062,594,960,540,-102,-54,-0.1875,0.6027357737066468
56,1053,583,960,540,-93,-43,0.09375,0.21506516852101898
57,1052,580,960,540,-92,-40,0.125,0.21119069088212483
58,1055,574,960,540,-95,-34,0.03125,-0.19202609375802293
59,1056,570,960,540,-96,-30,0.0,-0.23785120752176026
60,1057,570,960,540,-97,-30,-0.03125,-0.2605552474126154
61,1059,571,960,540,-99,-31,-0.09375,-0.18220074970919042
62,1058,579,960,540,-98,-39,-0.0625,0.10606144742808943
63,1056,589,960,540,-96,-49,0.0,0.3839785069711803
64,1057,592,960,540,-97,-52,-0.03125,0.4545406298545822
65,1059,594,960,540,-99,-54,-0.09375,0.711823105694783
66,1059,594,960,540,-99,-54,-0.09375,0.6473886832575337
67,1058,595,960,540,-98,-55,-0.0625,0.635669156990355
68,1059,595,960,540,-99,-55,-0.09375,0.7187905567922537
69,1060,596,960,540,-100,-56,-0.125,0.6732801161632311
70,1060,595,960,540,-100,-55,-0.125,0.767490595910931
71,1061,585,960,540,-101,-45,-0.15625,0.27951084288783434
72,1063,575,960,540,-103,-35,-0.21875,-0.0908595274825359
73,1063,574,960,540,-103,-34,-0.21875,-0.05373541576857299
74,1062,573,960,540,-102,-33,-0.1875,-0.08067065999665823
75,1060,573,960,540,-100,-33,-0.125,-0.10162280748206132
76,1059,576,960,540,-99,-36,-0.09375,-0.005455332715575967
77,1058,576,960,540,-98,-36,-0.0625,0.040666204770525516
78,1059,576,960,540,-99,-36,-0.09375,0.05918726161530263
79,1060,575,960,540,-100,-35,-0.125,-0.0013471263182702753
80,1060,573,960,540,-100,-33,-0.125,-0.09083711079484091
81,1059,573,960,540,-99,-33,-0.09375,-0.0761115375939454
82,1060,572,960,540,-100,-32,-0.125,-0.11314857463098238
83,1059,573,960,540,-99,-33,-0.09375,-0.11517401440457431
84,1058,576,960,540,-98,-36,-0.0625,0.02192217793661233
85,1061,576,960,540,-101,-36,-0.15625,-0.02323280370102787
86,1062,574,960,540,-102,-34,-0.1875,-0.09093615381298625
87,1062,577,960,540,-102,-37,-0.1875,-0.11682704035749514
88,1062,583,960,540,-102,-43,-0.1875,0.011663959463056317
89,1059,587,960,540,-99,-47,-0.09375,0.11074173411819932
90,1056,591,960,540,-96,-51,0.0,0.16557909760064926
91,1054,593,960,540,-94,-53,0.0625,0.23138236741389884
92,1051,589,960,540,-91,-49,0.15625,0.0871237591283951
93,1051,586,960,540,-91,-46,0.15625,0.006966471701561616
94,1056,590,960,540,-96,-50,0.0,0.17282504709686064
95,1059,600,960,540,-99,-60,-0.09375,0.6165643076806653
96,1057,631,960,540,-97,-91,-0.03125,1.5001623178883268
97,1057,629,960,540,-97,-89,-0.03125,1.4170503623042536
98,1056,625,960,540,-96,-85,0.0,1.2727789168630452
99,1055,621,960,540,-95,-81,0.03125,1.1553897629322931
100,1055,620,960,540,-95,-80,0.03125,1.1044634012741197
101,1055,618,960,540,-95,-78,0.03125,1.004795125598416
102,1055,616,960,540,-95,-76,0.03125,0.9431783151949455
103,1054,615,960,540,-94,-75,0.0625,0.9166620682707178
104,1054,615,960,540,-94,-75,0.0625,0.9199401305852064
105,1054,614,960,540,-94,-74,0.0625,0.8752018032434161
106,1055,613,960,540,-95,-73,0.03125,0.8381647662063794
107,1055,612,960,540,-95,-72,0.03125,0.7844440597799669
108,1055,612,960,540,-95,-72,0.03125,0.8035334337578373
109,1055,612,960,540,-95,-72,0.03125,0.7980893785156851
110,1055,611,960,540,-95,-71,0.03125,0.7597355980570537
111,1055,608,960,540,-95,-68,0.03125,0.6299827501677671
112,1055,607,960,540,-95,-67,0.03125,0.5868528809273503
113,1055,605,960,540,-95,-65,0.03125,0.5312836316946115
114,1055,602,960,540,-95,-62,0.03125,0.41074609262795936
115,1054,591,960,540,-94,-51,0.0625,0.0465094353887221
116,1054,574,960,540,-94,-34,0.0625,-0.5660299256360719
117,1053,567,960,540,-93,-27,0.09375,-0.825289184895331
118,1052,562,960,540,-92,-22,0.125,-1.0061431627823856
119,1050,556,960,540,-90,-16,0.1875,-1.2410646810586123
120,1049,558,960,540,-89,-18,0.21875,-1.1262663407368212
121,1048,561,960,540,-88,-21,0.25,-0.9997562891107818
122,1047,560,960,540,-87,-20,0.28125,-1.029291940307368
123,1047,569,960,540,-87,-29,0.28125,-0.6884000499586667
124,1047,580,960,540,-87,-40,0.28125,-0.2725911840220314
125,1047,583,960,540,-87,-43,0.28125,-0.1592616298675158
126,1046,583,960,540,-86,-43,0.3125,-0.17628405133218683
127,1044,583,960,540,-84,-43,0.375,-0.17628405133218683
128,1041,583,960,540,-81,-43,0.46875,-0.17405193462480661
129,1032,581,960,540,-72,-41,0.75,-0.22575597625897537
130,1020,574,960,540,-60,-34,1.125,-0.5022794076999249
131,1005,568,960,540,-45,-28,1.59375,-0.7010757889117398
132,990,569,960,540,-30,-29,2.0625,-0.656204259424811
133,982,570,960,540,-22,-30,2.3125,-0.6059402310402402
134,981,572,960,540,-21,-32,2.34375,-0.5722313374395276
135,972,575,960,540,-12,-35,2.625,-0.44341224015518055
136,955,580,960,540,5,-40,3.15625,-0.2280237788214099
137,951,589,960,540,9,-49,3.28125,0.0837409252870287
138,943,599,960,540,17,-59,3.53125,0.5110275549244088
139,925,606,960,540,35,-66,4.09375,0.7465146225784023
140,914,611,960,540,46,-71,4.4375,0.973299191087488
141,915,616,960,540,45,-76,4.40625,1.17556491535844
142,914,620,960,540,46,-80,4.4375,1.311671911210865
143,906,625,960,540,54,-85,4.6875,1.4321132028613213
144,898,629,960,540,62,-89,4.9375,1.5526485416268183
145,903,627,960,540,57,-87,4.78125,1.5337449788274047
146,909,623,960,540,51,-83,4.59375,1.365213987436672
147,903,624,960,540,57,-84,4.78125,1.4179857136802458
148,900,626,960,540,60,-86,4.875,1.4920597877543202
149,911,615,960,540,49,-75,4.53125,1.0404088250175503
150,933,601,960,540,27,-61,3.84375,0.5316047939148549
151,951,597,960,540,9,-57,3.28125,0.37916947388387423
152,961,593,960,540,-1,-53,2.96875,0.25630416503515385
153,979,588,960,540,-19,-48,2.40625,0.1336514674574638
154,1005,581,960,540,-45,-41,1.59375,-0.16331510912258285
155,1021,576,960,540,-61,-36,1.09375,-0.32848928436572056
156,1031,571,960,540,-71,-31,0.78125,-0.5188699751704224
157,1041,566,960,540,-81,-26,0.46875,-0.7419839602421953
158,1056,566,960,540,-96,-26,0.0,-0.7255890932110675
159,1075,568,960,540,-115,-28,-0.59375,-0.6942454199632455
160,1090,564,960,540,-130,-24,-1.0625,-0.8404390246076696
161,1096,561,960,540,-136,-21,-1.25,-0.9947262060050981
162,1096,559,960,540,-136,-19,-1.25,-1.0803127645983646
163,1096,557,960,540,-136,-17,-1.25,-1.1612060213027013
164,1104,556,960,540,-144,-16,-1.5,-1.2404467563644102
165,1111,554,960,540,-151,-14,-1.71875,-1.3425024854065617
166,1113,552,960,540,-153,-12,-1.78125,-1.433180427720354
167,1122,551,960,540,-162,-11,-2.0625,-1.4659838477750582
168,1138,554,960,540,-178,-14,-2.5625,-1.3203770427513932
169,1151,563,960,540,-191,-23,-2.96875,-1.0092053861604833
170,1161,572,960,540,-201,-32,-3.28125,-0.6547695854426283
171,1173,575,960,540,-213,-35,-3.65625,-0.4635041141884393
172,1183,573,960,540,-223,-33,-3.96875,-0.5303560207955962
173,1181,572,960,540,-221,-32,-3.90625,-0.5946850369071446
174,1180,572,960,540,-220,-32,-3.875,-0.5946850369071446
175,1183,574,960,540,-223,-34,-3.96875,-0.536061634862879
176,1183,576,960,540,-223,-36,-3.96875,-0.44050041707901344
177,1176,575,960,540,-216,-35,-3.75,-0.4891286209041219
178,1156,575,960,540,-196,-35,-3.125,-0.485015154759489
179,1145,575,960,540,-185,-35,-2.78125,-0.49228855518639003
180,1147,575,960,540,-187,-35,-2.84375,-0.48934554402820263
181,1144,575,960,540,-184,-35,-2.75,-0.4755837495252251
182,1134,576,960,540,-174,-36,-2.4375,-0.44804254529931065
183,1125,578,960,540,-165,-38,-2.15625,-0.3973969397239041
184,1125,580,960,540,-165,-40,-2.15625,-0.3074584073410329
185,1126,580,960,540,-166,-40,-2.1875,-0.2785595541769681
186,1126,580,960,540,-166,-40,-2.1875,-0.2726264737107569
187,1127,580,960,540,-167,-40,-2.21875,-0.27702068381481926
188,1127,581,960,540,-167,-41,-2.21875,-0.2513783254561226
189,1122,581,960,540,-162,-41,-2.0625,-0.2873452149867748
190,1111,582,960,540,-151,-42,-1.71875,-0.2448952139606837
191,1100,583,960,540,-140,-43,-1.375,-0.22541199549635138
192,1096,584,960,540,-136,-44,-1.25,-0.1896173309010678
193,1095,583,960,540,-135,-43,-1.21875,-0.19811508341575612
194,1094,582,960,540,-134,-42,-1.1875,-0.2153673595625618
195,1093,581,960,540,-133,-41,-1.15625,-0.22616697909034378
196,1092,580,960,540,-132,-40,-1.125,-0.2592969631084492
197,1092,580,960,540,-132,-40,-1.125,-0.26633894383665435
198,1091,581,960,540,-131,-41,-1.09375,-0.24218365407404918
199,1091,582,960,540,-131,-42,-1.09375,-0.21708798478036417
200,1090,582,960,540,-130,-42,-1.0625,-0.22766614252862105
201,1089,583,960,540,-129,-43,-1.03125,-0.18683799188644468
202,1088,583,960,540,-128,-43,-1.0,-0.20563887148618032
203,1088,583,960,540,-128,-43,-1.0,-0.2402163743846697
204,1087,582,960,540,-127,-42,-0.96875,-0.24050612722909137
205,1086,582,960,540,-126,-42,-0.9375,-0.23949717562806594
206,1085,582,960,540,-125,-42,-0.90625,-0.2317777361072182
207,1085,582,960,540,-125,-42,-0.90625,-0.23634186978616167
208,1085,581,960,540,-125,-41,-0.90625,-0.25879483182257723
209,1085,581,960,540,-125,-41,-0.90625,-0.2832952194621885
210,1083,582,960,540,-123,-42,-0.84375,-0.2347423796665431
211,1070,582,960,540,-110,-42,-0.4375,-0.22478346285454642
212,1056,583,960,540,-96,-43,0.0,-0.18004912476163448
213,1055,583,960,540,-95,-43,0.03125,-0.17745077714731128
214,1056,583,960,540,-96,-43,0.0,-0.15455105075850972
215,1061,583,960,540,-101,-43,-0.15625,-0.1973795006939285
216,1073,583,960,540,-113,-43,-0.53125,-0.18113681635937162
217,1083,583,960,540,-123,-43,-0.84375,-0.2016599633479117
218,1085,583,960,540,-125,-43,-0.90625,-0.20335737577020985
219,1084,583,960,540,-124,-43,-0.875,-0.20524824608239745
220,1074,583,960,540,-114,-43,-0.5625,-0.20142901084831366
221,1060,583,960,540,-100,-43,-0.125,-0.16028133433066927
222,1055,583,960,540,-95,-43,0.03125,-0.172155530810153
223,1054,583,960,540,-94,-43,0.0625,-0.15600858573010434
224,1054,583,960,540,-94,-43,0.0625,-0.18335985737069604
225,1053,584,960,540,-93,-44,0.09375,-0.15074241546332434
226,1053,585,960,540,-93,-45,0.09375,-0.12532252282690814
227,1053,585,960,540,-93,-45,0.09375,-0.13472232334493284
228,1052,584,960,540,-92,-44,0.125,-0.16380214113956604
229,1052,584,960,540,-92,-44,0.125,-0.14835306405556126
230,1052,583,960,540,-92,-43,0.125,-0.19166200544151968
231,1052,583,960,540,-92,-43,0.125,-0.18465987117537996
232,1052,583,960,540,-92,-43,0.125,-0.19762793912159493
0,1207,661,960,540,-247,-121,-7.71875,3.065689480292333
1,1207,660,960,540,-247,-120,-7.71875,3.0390845953160026
2,1208,660,960,540,-248,-120,-7.75,3.0456381873512584
3,1219,660,960,540,-259,-120,-8.09375,3.0424652382311077
4,1241,660,960,540,-281,-120,-8.78125,3.034144570799153
5,1285,659,960,540,-325,-119,-10.15625,2.993710612575532
6,1321,660,960,540,-361,-120,-11.28125,3.0279382815157185
7,1326,660,960,540,-366,-120,-11.4375,3.039564703200107
8,1327,660,960,540,-367,-120,-11.46875,3.0471436795862985
9,1326,660,960,540,-366,-120,-11.4375,3.0351740346154212
10,1326,660,960,540,-366,-120,-11.4375,3.042959875520669
11,1326,661,960,540,-366,-121,-11.4375,3.0825990563393715
12,1322,661,960,540,-362,-121,-11.3125,3.0674878552666023
13,1294,641,960,540,-334,-101,-10.4375,2.3619046944937985
14,1249,612,960,540,-289,-72,-9.03125,1.2686394019547533
15,1205,596,960,540,-245,-56,-7.65625,0.694275160820617
16,1152,589,960,540,-192,-49,-6.0,0.4410463604803432
17,1077,585,960,540,-117,-45,-3.65625,0.3029109344998233
18,1016,576,960,540,-56,-36,-1.75,-0.03503242831101194
19,992,565,960,540,-32,-25,-1.0,-0.44031378377772
20,977,560,960,540,-17,-20,-0.53125,-0.6228364221264884
21,972,560,960,540,-12,-20,-0.375,-0.6256630096834728
22,972,560,960,540,-12,-20,-0.375,-0.6402702927809454
23,972,563,960,540,-12,-23,-0.375,-0.5422433756327341
24,972,569,960,540,-12,-29,-0.375,-0.311502058615307
25,971,573,960,540,-11,-33,-0.34375,-0.16113924728511497
26,971,579,960,540,-11,-39,-0.34375,0.06746832671264125
27,971,591,960,540,-11,-51,-0.34375,0.5008667330049041
28,972,600,960,540,-12,-60,-0.375,0.8412045181970846
29,972,603,960,540,-12,-63,-0.375,0.9506262158709204
30,972,603,960,540,-12,-63,-0.375,0.9503018885597758
31,972,603,960,540,-12,-63,-0.375,0.9550960068334569
32,972,597,960,540,-12,-57,-0.375,0.7400554698806261
33,972,590,960,540,-12,-50,-0.375,0.47232127629797893
34,972,589,960,540,-12,-49,-0.375,0.42989661206055163
35,972,589,960,540,-12,-49,-0.375,0.4384007736999127
36,972,589,960,540,-12,-49,-0.375,0.4382897128157668
37,972,589,960,540,-12,-49,-0.375,0.42509648175687476
38,972,588,960,540,-12,-48,-0.375,0.40220078864030984
39,972,588,960,540,-12,-48,-0.375,0.40220078864030984
40,972,588,960,540,-12,-48,-0.375,0.38317161215256723
41,972,588,960,540,-12,-48,-0.375,0.3742136303874197
42,972,589,960,540,-12,-49,-0.375,0.42392006257767134
43,972,589,960,540,-12,-49,-0.375,0.43376347048661135
44,972,589,960,540,-12,-49,-0.375,0.4372967919023789
45,972,589,960,540,-12,-49,-0.375,0.43262715685905917
46,972,589,960,540,-12,-49,-0.375,0.4174546530701442
47,972,589,960,540,-12,-49,-0.375,0.42461857047673157
48,972,588,960,540,-12,-48,-0.375,0.38543644019935885
49,971,588,960,540,-11,-48,-0.34375,0.3993801793290561
50,972,589,960,540,-12,-49,-0.375,0.4311510558515341
51,972,589,960,540,-12,-49,-0.375,0.41446869118857266
52,972,589,960,540,-12,-49,-0.375,0.4265217983540879
53,972,589,960,540,-12,-49,-0.375,0.4131164620723369
54,971,589,960,540,-11,-49,-0.34375,0.42283388567811553
55,971,589,960,540,-11,-49,-0.34375,0.42689801369105895
56,971,589,960,540,-11,-49,-0.34375,0.42863525775701605
57,972,589,960,540,-12,-49,-0.375,0.42734618570428684
58,971,589,960,540,-11,-49,-0.34375,0.42611037218318537
59,971,589,960,540,-11,-49,-0.34375,0.4298054687680166
60,971,589,960,540,-11,-49,-0.34375,0.42486824813259627
61,971,589,960,540,-11,-49,-0.34375,0.43919096727113804
62,972,589,960,540,-12,-49,-0.375,0.4147808657465484
63,972,589,960,540,-12,-49,-0.375,0.4287787639454723
64,972,589,960,540,-12,-49,-0.375,0.42641607202082854
65,972,589,960,540,-12,-49,-0.375,0.4174760807211799
66,972,589,960,540,-12,-49,-0.375,0.42046740178863895
67,972,589,960,540,-12,-49,-0.375,0.4349881279946044
68,972,589,960,540,-12,-49,-0.375,0.41951648653254603
69,972,589,960,540,-12,-49,-0.375,0.42474365923015345
70,972,589,960,540,-12,-49,-0.375,0.42661998392371614
71,972,589,960,540,-12,-49,-0.375,0.42426208370344565
72,972,589,960,540,-12,-49,-0.375,0.4215599902087577
73,971,589,960,540,-11,-49,-0.34375,0.4201987416493054
74,971,589,960,540,-11,-49,-0.34375,0.4210446004881834
75,972,589,960,540,-12,-49,-0.375,0.4277022454082091
76,972,589,960,540,-12,-49,-0.375,0.4252770118006526
77,972,589,960,540,-12,-49,-0.375,0.4311001317175833
78,972,589,960,540,-12,-49,-0.375,0.4271670291014287
79,972,589,960,540,-12,-49,-0.375,0.42973564937360953
80,972,589,960,540,-12,-49,-0.375,0.4267057085580306
81,972,589,960,540,-12,-49,-0.375,0.4283470143220587
82,972,589,960,540,-12,-49,-0.375,0.416767865438759
83,972,590,960,540,-12,-50,-0.375,0.4708350264652761
84,972,589,960,540,-12,-49,-0.375,0.42441972195780675
85,972,589,960,540,-12,-49,-0.375,0.4160627327778612
86,972,590,960,540,-12,-50,-0.375,0.4530997698148982
87,972,590,960,540,-12,-50,-0.375,0.4666523498905697
88,972,590,960,540,-12,-50,-0.375,0.46271994130807315
89,972,590,960,540,-12,-50,-0.375,0.45124583426553344
90,972,590,960,540,-12,-50,-0.375,0.45960819317886137
91,972,590,960,540,-12,-50,-0.375,0.4660697696967224
92,972,590,960,540,-12,-50,-0.375,0.46068075658178986
93,972,589,960,540,-12,-49,-0.375,0.420118205132312
94,654,678,960,540,306,-138,9.5625,3.667564398965684
95,699,676,960,540,261,-136,8.15625,3.575348878231847
96,720,675,960,540,240,-135,7.5,3.552977891141274
97,727,674,960,540,233,-134,7.28125,3.5159408541042367
98,727,674,960,540,233,-134,7.28125,3.5289786359011552
99,727,674,960,540,233,-134,7.28125,3.518228225953938
100,727,674,960,540,233,-134,7.28125,3.510159299657693
101,727,674,960,540,233,-134,7.28125,3.51210670013233
102,737,670,960,540,223,-130,6.96875,3.3661401794293146
103,760,652,960,540,200,-112,6.25,2.711212540175268
104,791,619,960,540,169,-79,5.28125,1.4963684328978513
105,833,578,960,540,127,-38,3.96875,-0.0023162936019158753
106,882,527,960,540,78,13,2.4375,-1.880655279408328
107,940,470,960,540,20,70,0.625,-3.941262532363997
108,1023,389,960,540,-63,151,-1.96875,-6.980188871346088
109,1094,318,960,540,-134,222,-4.1875,-9.648880781514775
110,1127,284,960,540,-167,256,-5.21875,-10.919652657098553
111,1150,259,960,540,-190,281,-5.9375,-11.85239994099903
112,1164,246,960,540,-204,294,-6.375,-12.326719097462357
113,1169,240,960,540,-209,300,-6.53125,-12.563692059828945
114,1153,249,960,540,-193,291,-6.03125,-12.275560366703843
115,1122,275,960,540,-162,265,-5.0625,-11.313149418909436
116,1092,310,960,540,-132,230,-4.125,-10.008053576043482
117,1065,352,960,540,-105,188,-3.28125,-8.403372102130316
118,1050,395,960,540,-90,145,-2.8125,-6.833881143324948
119,1048,425,960,540,-88,115,-2.75,-5.748132009368019
120,1034,449,960,540,-74,91,-2.3125,-4.794411497918375
121,1009,463,960,540,-49,77,-1.53125,-4.288742987124817
122,996,464,960,540,-36,76,-1.125,-4.270241931629348
123,992,465,960,540,-32,75,-1.0,-4.2034153727227945
124,993,465,960,540,-33,75,-1.03125,-4.173021675617202
125,1004,481,960,540,-44,59,-1.375,-3.6140637150433266
126,1013,498,960,540,-53,42,-1.65625,-2.984434085413697
127,1017,519,960,540,-57,21,-1.78125,-2.182065603685902
128,1022,546,960,540,-62,-6,-1.9375,-1.2010844569148222
129,1022,551,960,540,-62,-11,-1.9375,-1.007589095085246
130,1023,552,960,540,-63,-12,-1.96875,-0.9617719484959217
131,1023,553,960,540,-63,-13,-1.96875,-0.9204477127000998
132,1022,553,960,540,-62,-13,-1.9375,-0.9239752112444912
133,1008,547,960,540,-48,-7,-1.5,-1.1692404217823693
134,995,540,960,540,-35,0,-1.09375,-1.437753000069228
135,995,539,960,540,-35,1,-1.09375,-1.4681107963025157
136,995,539,960,540,-35,1,-1.09375,-1.4681107963025157
137,995,545,960,540,-35,-5,-1.09375,-1.227995300264157
138,995,552,960,540,-35,-12,-1.09375,-0.9687360410048977
139,995,553,960,540,-35,-13,-1.09375,-0.9193012311822459
140,994,553,960,540,-34,-13,-1.0625,-0.9432220162354275
141,994,554,960,540,-34,-14,-1.0625,-0.8809430992836781
142,995,554,960,540,-35,-14,-1.09375,-0.8829911331387575
143,995,553,960,540,-35,-13,-1.09375,-0.9223566642410264
144,995,553,960,540,-35,-13,-1.09375,-0.9298128439813751
145,995,553,960,540,-35,-13,-1.09375,-0.92655043139266
146,995,554,960,540,-35,-14,-1.09375,-0.8895133943556229
147,993,553,960,540,-33,-13,-1.03125,-0.943263352454234
148,986,553,960,540,-26,-13,-0.8125,-0.9246608920079888
149,975,552,960,540,-15,-12,-0.46875,-0.9578805046228203
150,967,552,960,540,-7,-12,-0.21875,-0.9511240584901763
151,966,552,960,540,-6,-12,-0.1875,-0.9823364446732825
152,966,552,960,540,-6,-12,-0.1875,-0.9630790774430069
153,969,556,960,540,-9,-16,-0.28125,-0.8668359913093744
154,985,571,960,540,-25,-31,-0.78125,-0.27831194157378336
155,996,582,960,540,-36,-42,-1.125,0.13317321107884728
156,995,583,960,540,-35,-43,-1.09375,0.15132374263479664
157,996,584,960,540,-36,-44,-1.125,0.2103487243342208
158,995,583,960,540,-35,-43,-1.09375,0.17354706955282673
159,996,580,960,540,-36,-40,-1.125,0.07923696590238571
160,996,573,960,540,-36,-33,-1.125,-0.2082274914450679
161,996,568,960,540,-36,-28,-1.125,-0.3894538011331574
162,992,568,960,540,-32,-28,-1.0,-0.4041247463327089
163,982,567,960,540,-22,-27,-0.6875,-0.4024839385608978
164,971,566,960,540,-11,-26,-0.34375,-0.5046231274478844
165,967,566,960,540,-7,-26,-0.21875,-0.4913681828811033
166,967,566,960,540,-7,-26,-0.21875,-0.49545631653143196
167,967,566,960,540,-7,-26,-0.21875,-0.4910783156546449
168,967,566,960,540,-7,-26,-0.21875,-0.4993416168452004
169,966,568,960,540,-6,-28,-0.1875,-0.4188363205219028
170,966,574,960,540,-6,-34,-0.1875,-0.14518621040560098
171,966,581,960,540,-6,-41,-0.1875,0.11671996707525945
172,966,581,960,540,-6,-41,-0.1875,0.12442048742149114
173,966,581,960,540,-6,-41,-0.1875,0.12442048742149114
174,966,581,960,540,-6,-41,-0.1875,0.13005390687329998
175,965,581,960,540,-5,-41,-0.15625,0.09158493251878408
176,966,582,960,540,-6,-42,-0.1875,0.14076344569684318
177,966,581,960,540,-6,-41,-0.1875,0.13832286730865384
178,966,581,960,540,-6,-41,-0.1875,0.09471492438743079
179,967,581,960,540,-7,-41,-0.21875,0.10582569286620269
180,966,581,960,540,-6,-41,-0.1875,0.137560246707509
181,966,581,960,540,-6,-41,-0.1875,0.10618153239178296
182,967,581,960,540,-7,-41,-0.21875,0.10618153239178296
183,967,581,960,540,-7,-41,-0.21875,0.09355127741425306
184,967,581,960,540,-7,-41,-0.21875,0.09355127741425306
185,966,581,960,540,-6,-41,-0.1875,0.10356063797521631
186,966,581,960,540,-6,-41,-0.1875,0.10066094751370858
187,966,581,960,540,-6,-41,-0.1875,0.10246359371795322
188,966,581,960,540,-6,-41,-0.1875,0.09613917572072972
189,966,581,960,540,-6,-41,-0.1875,0.10522959309223379
190,967,581,960,540,-7,-41,-0.21875,0.10088145508704738
191,967,581,960,540,-7,-41,-0.21875,0.10877543232290887
192,967,581,960,540,-7,-41,-0.21875,0.10877543232290887
193,967,581,960,540,-7,-41,-0.21875,0.10060548116388168
194,966,581,960,540,-6,-41,-0.1875,0.10448964029154939
195,966,581,960,540,-6,-41,-0.1875,0.10172658733699724
196,967,581,960,540,-7,-41,-0.21875,0.0994667792878885
197,966,581,960,540,-6,-41,-0.1875,0.11068413723073656
198,966,581,960,540,-6,-41,-0.1875,0.10269916147517977
199,967,581,960,540,-7,-41,-0.21875,0.10861389701186086
200,967,581,960,540,-7,-41,-0.21875,0.10936703367095468
201,966,581,960,540,-6,-41,-0.1875,0.13973681755892353
202,966,581,960,540,-6,-41,-0.1875,0.1442589300890953
203,966,581,960,540,-6,-41,-0.1875,0.10249979237132667
204,967,581,960,540,-7,-41,-0.21875,0.10607056433140927
205,967,581,960,540,-7,-41,-0.21875,0.10801747628295799
206,967,581,960,540,-7,-41,-0.21875,0.11000911387812229
207,967,581,960,540,-7,-41,-0.21875,0.09557260350357799
208,967,581,960,540,-7,-41,-0.21875,0.12087680566993408
209,967,581,960,540,-7,-41,-0.21875,0.10441011902016273
210,967,581,960,540,-7,-41,-0.21875,0.10179155324526978
211,967,581,960,540,-7,-41,-0.21875,0.10504134469664295
212,967,581,960,540,-7,-41,-0.21875,0.14554205199353643
213,967,581,960,540,-7,-41,-0.21875,0.10275133382533452
214,967,581,960,540,-7,-41,-0.21875,0.10807284690111185
215,967,581,960,540,-7,-41,-0.21875,0.10583916793409665
216,967,581,960,540,-7,-41,-0.21875,0.10152625286494765
217,966,581,960,540,-6,-41,-0.1875,0.14686532095804883
218,966,581,960,540,-6,-41,-0.1875,0.14291684956072093
219,966,581,960,540,-6,-41,-0.1875,0.10775977985868446
220,967,581,960,540,-7,-41,-0.21875,0.10867932370568001
221,967,581,960,540,-7,-41,-0.21875,0.11067033091327616
222,967,581,960,540,-7,-41,-0.21875,0.09664543309462759
223,967,581,960,540,-7,-41,-0.21875,0.12026483378794661
224,967,581,960,540,-7,-41,-0.21875,0.10204991694578691
225,968,581,960,540,-8,-41,-0.25,0.10204991694578691
226,967,581,960,540,-7,-41,-0.21875,0.09748132472309945
227,967,581,960,540,-7,-41,-0.21875,0.08927893743765991
228,967,581,960,540,-7,-41,-0.21875,0.10821625124452505
229,967,581,960,540,-7,-41,-0.21875,0.11067151451846868
230,967,582,960,540,-7,-42,-0.21875,0.16627050112305897
231,967,581,960,540,-7,-41,-0.21875,0.13105012279797013
232,967,581,960,540,-7,-41,-0.21875,0.12696001049659422
233,967,581,960,540,-7,-41,-0.21875,0.12360196980105709
234,967,580,960,540,-7,-40,-0.21875,0.0838204760783492
235,967,580,960,540,-7,-40,-0.21875,0.07642622891481299
236,967,581,960,540,-7,-41,-0.21875,0.11029301113513412
237,967,581,960,540,-7,-41,-0.21875,0.10193282623900446
238,967,581,960,540,-7,-41,-0.21875,0.11741759844480182
239,967,580,960,540,-7,-40,-0.21875,0.07399126776006448
240,967,580,960,540,-7,-40,-0.21875,0.07399126776006448
241,967,580,960,540,-7,-40,-0.21875,0.06977380292014157
242,967,581,960,540,-7,-41,-0.21875,0.11298316281386822
243,967,581,960,540,-7,-41,-0.21875,0.10213446142142635
244,967,581,960,540,-7,-41,-0.21875,0.09907071073176077
245,967,582,960,540,-7,-42,-0.21875,0.14428294153225996
246,967,581,960,540,-7,-41,-0.21875,0.11268490130297093
247,967,581,960,540,-7,-41,-0.21875,0.14369163588577227
248,967,581,960,540,-7,-41,-0.21875,0.10841012022644425
249,967,581,960,540,-7,-41,-0.21875,0.11079909408020372
250,967,581,960,540,-7,-41,-0.21875,0.11407164704660167
251,967,581,960,540,-7,-41,-0.21875,0.09658403007123262
252,967,581,960,540,-7,-41,-0.21875,0.10346934682866005
253,967,582,960,540,-7,-42,-0.21875,0.1431085124979612
254,967,582,960,540,-7,-42,-0.21875,0.14100522858803077
255,967,581,960,540,-7,-41,-0.21875,0.10323174249799916
256,967,581,960,540,-7,-41,-0.21875,0.1168145669176961
257,967,581,960,540,-7,-41,-0.21875,0.113963733819608
258,967,582,960,540,-7,-42,-0.21875,0.1429721741447223
259,967,582,960,540,-7,-42,-0.21875,0.14496983223831017
260,967,582,960,540,-7,-42,-0.21875,0.14182960344873097
261,968,582,960,540,-8,-42,-0.25,0.14011475640318105
262,968,581,960,540,-8,-41,-0.25,0.10694987099095443
263,968,581,960,540,-8,-41,-0.25,0.09896901708092343
264,968,582,960,540,-8,-42,-0.25,0.13148624367843453
265,967,582,960,540,-7,-42,-0.21875,0.17613367008106873
266,967,582,960,540,-7,-42,-0.21875,0.1415379972326105
267,966,582,960,540,-6,-42,-0.1875,0.14956789003228854
268,966,582,960,540,-6,-42,-0.1875,0.14695097029406035
269,965,582,960,540,-5,-42,-0.15625,0.14276887997210208
270,966,582,960,540,-6,-42,-0.1875,0.15207025874776225
271,966,582,960,540,-6,-42,-0.1875,0.1532476109932348
272,965,582,960,540,-5,-42,-0.15625,0.14843134832278015
273,965,582,960,540,-5,-42,-0.15625,0.14856666405236263
274,966,582,960,540,-6,-42,-0.1875,0.14823840446411918
275,966,582,960,540,-6,-42,-0.1875,0.15142485056203103
276,966,582,960,540,-6,-42,-0.1875,0.16984609373406356
277,966,582,960,540,-6,-42,-0.1875,0.16984609373406356
278,966,582,960,540,-6,-42,-0.1875,0.14395755078616057
279,966,582,960,540,-6,-42,-0.1875,0.15308224530952264
280,966,582,960,540,-6,-42,-0.1875,0.14881707431313318
281,966,583,960,540,-6,-43,-0.1875,0.18686588303598262
282,966,583,960,540,-6,-43,-0.1875,0.1818372527462211
283,966,582,960,540,-6,-42,-0.1875,0.15051257187184763
284,966,582,960,540,-6,-42,-0.1875,0.1586856375177097
285,966,582,960,540,-6,-42,-0.1875,0.1511850239918231
286,966,582,960,540,-6,-42,-0.1875,0.1473694089811619
287,966,582,960,540,-6,-42,-0.1875,0.1473694089811619
288,966,582,960,540,-6,-42,-0.1875,0.14644777204132597
289,966,582,960,540,-6,-42,-0.1875,0.14112917462235353
290,966,582,960,540,-6,-42,-0.1875,0.15713339156403938
291,966,582,960,540,-6,-42,-0.1875,0.14603065799032966
292,966,582,960,540,-6,-42,-0.1875,0.15117292339329058
293,966,582,960,540,-6,-42,-0.1875,0.14137993344755384
294,966,582,960,540,-6,-42,-0.1875,0.15180969843235625
295,966,582,960,540,-6,-42,-0.1875,0.15339939658415402
296,966,582,960,540,-6,-42,-0.1875,0.14204886403167172
297,966,581,960,540,-6,-41,-0.1875,0.10495038022710279
298,966,581,960,540,-6,-41,-0.1875,0.12219509828053399
299,966,582,960,540,-6,-42,-0.1875,0.14394263123071993
300,966,582,960,540,-6,-42,-0.1875,0.14333846019449048
301,966,582,960,540,-6,-42,-0.1875,0.14704903474769848
302,966,582,960,540,-6,-42,-0.1875,0.1435027703765499
303,966,582,960,540,-6,-42,-0.1875,0.15385655578109603
304,966,582,960,540,-6,-42,-0.1875,0.141100180535203
305,966,582,960,540,-6,-42,-0.1875,0.15189561878933122
306,966,582,960,540,-6,-42,-0.1875,0.1527843108407796
307,966,582,960,540,-6,-42,-0.1875,0.15278023778876926
308,966,582,960,540,-6,-42,-0.1875,0.15369157748712814
309,966,582,960,540,-6,-42,-0.1875,0.1370124654026641
310,966,582,960,540,-6,-42,-0.1875,0.1515108580234863
311,966,582,960,540,-6,-42,-0.1875,0.14775248239896377
312,966,582,960,540,-6,-42,-0.1875,0.15239944933651817
313,966,582,960,540,-6,-42,-0.1875,0.1540004436599185
314,966,582,960,540,-6,-42,-0.1875,0.1540004436599185
315,966,582,960,540,-6,-42,-0.1875,0.15094856829002223
316,966,582,960,540,-6,-42,-0.1875,0.16634140835839673
317,966,582,960,540,-6,-42,-0.1875,0.15070268270105558
318,966,582,960,540,-6,-42,-0.1875,0.14588521610053462
319,966,582,960,540,-6,-42,-0.1875,0.15136195348536696
320,966,582,960,540,-6,-42,-0.1875,0.15028173045417215
321,966,582,960,540,-6,-42,-0.1875,0.15899915282339783
322,966,582,960,540,-6,-42,-0.1875,0.15489306116927337
323,966,582,960,540,-6,-42,-0.1875,0.1490743384808939
324,966,582,960,540,-6,-42,-0.1875,0.14706662166747075
325,966,582,960,540,-6,-42,-0.1875,0.14706662166747075
326,966,582,960,540,-6,-42,-0.1875,0.15357389054746173
327,966,582,960,540,-6,-42,-0.1875,0.14212332292884144
328,966,582,960,540,-6,-42,-0.1875,0.14690589061853276
329,966,582,960,540,-6,-42,-0.1875,0.15753683174310873
330,966,582,960,540,-6,-42,-0.1875,0.14622770449974087
331,966,582,960,540,-6,-42,-0.1875,0.15995386669891376
332,966,582,960,540,-6,-42,-0.1875,0.15613308858778963
333,966,582,960,540,-6,-42,-0.1875,0.15468115800282978
334,966,582,960,540,-6,-42,-0.1875,0.1509495198775972
335,966,582,960,540,-6,-42,-0.1875,0.1509495198775972
336,966,582,960,540,-6,-42,-0.1875,0.14641692896936753
337,966,582,960,540,-6,-42,-0.1875,0.14472075123818984
338,966,582,960,540,-6,-42,-0.1875,0.15086158416249473
339,966,583,960,540,-6,-43,-0.1875,0.18619737605848918
340,966,583,960,540,-6,-43,-0.1875,0.1786999314794182
341,966,583,960,540,-6,-43,-0.1875,0.19689052414841823
342,966,582,960,540,-6,-42,-0.1875,0.15203374078365006
343,966,582,960,540,-6,-42,-0.1875,0.14828130283221563
344,966,583,960,540,-6,-43,-0.1875,0.19185488539786544
345,966,582,960,540,-6,-42,-0.1875,0.15332789317901252
346,966,582,960,540,-6,-42,-0.1875,0.14943933153282973
347,966,582,960,540,-6,-42,-0.1875,0.15989175919781817
348,966,583,960,540,-6,-43,-0.1875,0.1839470623135595
349,966,583,960,540,-6,-43,-0.1875,0.19152895327451636
350,966,583,960,540,-6,-43,-0.1875,0.18384948993025096
351,966,582,960,540,-6,-42,-0.1875,0.14833031768785698
352,966,583,960,540,-6,-43,-0.1875,0.19684019354265136
353,966,582,960,540,-6,-42,-0.1875,0.15751671691709035
354,966,582,960,540,-6,-42,-0.1875,0.1540579892631
355,966,583,960,540,-6,-43,-0.1875,0.19670145869768185
356,966,582,960,540,-6,-42,-0.1875,0.1554482014624845
357,966,582,960,540,-6,-42,-0.1875,0.13604564947595343
358,966,582,960,540,-6,-42,-0.1875,0.1574660822961751
359,966,583,960,540,-6,-43,-0.1875,0.19225519678024594
360,966,583,960,540,-6,-43,-0.1875,0.18118007863020447
361,966,582,960,540,-6,-42,-0.1875,0.1470572299694486
362,966,582,960,540,-6,-42,-0.1875,0.15451886099019307
363,966,583,960,540,-6,-43,-0.1875,0.20086671612026485
364,966,583,960,540,-6,-43,-0.1875,0.19049839868449703
365,966,582,960,540,-6,-42,-0.1875,0.15051341604459867
366,966,582,960,540,-6,-42,-0.1875,0.1547337350784388
367,966,583,960,540,-6,-43,-0.1875,0.18658163590830323
368,966,583,960,540,-6,-43,-0.1875,0.18187529319489215
369,966,583,960,540,-6,-43,-0.1875,0.1927407255868716
370,966,583,960,540,-6,-43,-0.1875,0.1897502009403491
371,966,583,960,540,-6,-43,-0.1875,0.1742377091959817
372,966,583,960,540,-6,-43,-0.1875,0.1742377091959817
373,966,583,960,540,-6,-43,-0.1875,0.18803666675078823
374,966,583,960,540,-6,-43,-0.1875,0.1832926771372727
375,966,583,960,540,-6,-43,-0.1875,0.1944416679270653
376,966,583,960,540,-6,-43,-0.1875,0.18733066960495304
377,966,583,960,540,-6,-43,-0.1875,0.18336158607067277
378,966,583,960,540,-6,-43,-0.1875,0.19400146803474283
379,966,583,960,540,-6,-43,-0.1875,0.18100213684239885
380,966,583,960,540,-6,-43,-0.1875,0.1836016604816908
381,966,583,960,540,-6,-43,-0.1875,0.17978849033634714
382,966,583,960,540,-6,-43,-0.1875,0.19157350233301917
383,966,583,960,540,-6,-43,-0.1875,0.18562929173945286
384,966,583,960,540,-6,-43,-0.1875,0.1906416297277762
385,966,583,960,540,-6,-43,-0.1875,0.1804380260213554
386,967,583,960,540,-7,-43,-0.21875,0.19359845873124848
387,967,583,960,540,-7,-43,-0.21875,0.18252706563066123
388,966,583,960,540,-6,-43,-0.1875,0.1920824886102066
389,966,583,960,540,-6,-43,-0.1875,0.19110938575390057
390,966,583,960,540,-6,-43,-0.1875,0.1860009239682856
391,966,583,960,540,-6,-43,-0.1875,0.183918577464127
392,966,583,960,540,-6,-43,-0.1875,0.18475857432543186
393,966,583,960,540,-6,-43,-0.1875,0.18109930821866338
394,966,583,960,540,-6,-43,-0.1875,0.18157494580840372
395,967,583,960,540,-7,-43,-0.21875,0.18612278478312239
396,967,583,960,540,-7,-43,-0.21875,0.18366246168150235
397,967,583,960,540,-7,-43,-0.21875,0.1821906047836508
398,967,583,960,540,-7,-43,-0.21875,0.19194346693331332
399,967,583,960,540,-7,-43,-0.21875,0.18618031675260438
400,967,583,960,540,-7,-43,-0.21875,0.18357760256683986
401,967,583,960,540,-7,-43,-0.21875,0.17446542651594732
402,967,583,960,540,-7,-43,-0.21875,0.18949928658151527
403,967,583,960,540,-7,-43,-0.21875,0.1774950234684931
404,967,583,960,540,-7,-43,-0.21875,0.18183221981466824
405,967,583,960,540,-7,-43,-0.21875,0.1831373694206595
406,967,583,960,540,-7,-43,-0.21875,0.19536843356985356
407,967,583,960,540,-7,-43,-0.21875,0.1922013916787504
408,967,583,960,540,-7,-43,-0.21875,0.1897843855355923
409,967,583,960,540,-7,-43,-0.21875,0.18197607085340284
410,967,583,960,540,-7,-43,-0.21875,0.1826184762465477
411,967,583,960,540,-7,-43,-0.21875,0.18445383265612758
412,967,583,960,540,-7,-43,-0.21875,0.17744834992692615
413,967,583,960,540,-7,-43,-0.21875,0.18751429634010353
414,967,583,960,540,-7,-43,-0.21875,0.18442087213538305
415,967,582,960,540,-7,-42,-0.21875,0.1463159632112767
416,967,582,960,540,-7,-42,-0.21875,0.13612947340561288
417,967,582,960,540,-7,-42,-0.21875,0.13992149701271517
418,967,582,960,540,-7,-42,-0.21875,0.15313017800790352
419,967,582,960,540,-7,-42,-0.21875,0.15311594566515851
420,967,583,960,540,-7,-43,-0.21875,0.18044910711269546
421,967,582,960,540,-7,-42,-0.21875,0.13763767178875397
422,967,582,960,540,-7,-42,-0.21875,0.14765594049340458
423,967,582,960,540,-7,-42,-0.21875,0.1482002995761087
424,967,582,960,540,-7,-42,-0.21875,0.14517393099999
425,967,582,960,540,-7,-42,-0.21875,0.14917819137939237
426,967,583,960,540,-7,-43,-0.21875,0.1921632248769054
427,967,583,960,540,-7,-43,-0.21875,0.1921632248769054
428,967,583,960,540,-7,-43,-0.21875,0.18198514470109584
429,968,583,960,540,-8,-43,-0.25,0.178574400788033
430,968,582,960,540,-8,-42,-0.25,0.1450224517141856
431,968,582,960,540,-8,-42,-0.25,0.14501527209913134
432,968,582,960,540,-8,-42,-0.25,0.14487788895193754
433,968,582,960,540,-8,-42,-0.25,0.15686762320851955
434,968,582,960,540,-8,-42,-0.25,0.15686762320851955
435,968,582,960,540,-8,-42,-0.25,0.15824842037577236
436,968,583,960,540,-8,-43,-0.25,0.18935776135925786
437,968,583,960,540,-8,-43,-0.25,0.1914626397171768
438,968,583,960,540,-8,-43,-0.25,0.19963838207791929
439,968,583,960,540,-8,-43,-0.25,0.2079626256042726
440,968,584,960,540,-8,-44,-0.25,0.24499966264130957
441,968,583,960,540,-8,-43,-0.25,0.18662626864903675
442,968,583,960,540,-8,-43,-0.25,0.18324028219446697
443,968,583,960,540,-8,-43,-0.25,0.18265770312303853
444,968,583,960,540,-8,-43,-0.25,0.18982316467796556
445,968,583,960,540,-8,-43,-0.25,0.1882699501128624
446,968,583,960,540,-8,-43,-0.25,0.1858018956322598
447,968,583,960,540,-8,-43,-0.25,0.18117781733829763
448,968,583,960,540,-8,-43,-0.25,0.1770413253360852
449,968,583,960,540,-8,-43,-0.25,0.1771667468505982
450,968,583,960,540,-8,-43,-0.25,0.18410676518581104
451,968,583,960,540,-8,-43,-0.25,0.17475159189410028
452,969,583,960,540,-9,-43,-0.28125,0.18094935654562105
453,968,583,960,540,-8,-43,-0.25,0.1874501479840729
454,968,583,960,540,-8,-43,-0.25,0.18696563042935632
455,968,583,960,540,-8,-43,-0.25,0.18372237946813952
456,968,583,960,540,-8,-43,-0.25,0.18881126252177505
457,968,583,960,540,-8,-43,-0.25,0.1869512773762354
458,968,583,960,540,-8,-43,-0.25,0.1777807340455797
459,968,582,960,540,-8,-42,-0.25,0.14739316993451834
460,968,582,960,540,-8,-42,-0.25,0.1411204244957429
461,968,582,960,540,-8,-42,-0.25,0.13928515664033947
462,968,582,960,540,-8,-42,-0.25,0.14689034664530976
463,968,583,960,540,-8,-43,-0.25,0.1853989664460356
464,968,583,960,540,-8,-43,-0.25,0.17144488693872129
465,968,583,960,540,-8,-43,-0.25,0.18098080716874754
466,968,583,960,540,-8,-43,-0.25,0.18098080716874754
467,968,583,960,540,-8,-43,-0.25,0.18218200270689033
468,968,583,960,540,-8,-43,-0.25,0.1818399594841822
469,968,583,960,540,-8,-43,-0.25,0.17706703781822886
470,968,583,960,540,-8,-43,-0.25,0.16860645011975528
471,969,583,960,540,-9,-43,-0.28125,0.18628945282186882
472,969,583,960,540,-9,-43,-0.28125,0.18628945282186882
473,969,583,960,540,-9,-43,-0.28125,0.1925282045113983
474,968,583,960,540,-8,-43,-0.25,0.1923755134433971
475,968,583,960,540,-8,-43,-0.25,0.18614698621668424
476,969,583,960,540,-9,-43,-0.28125,0.18292555284496248
477,969,583,960,540,-9,-43,-0.28125,0.18449344045987703
478,969,583,960,540,-9,-43,-0.28125,0.18548093458559212
479,969,583,960,540,-9,-43,-0.28125,0.1792897050455493
480,969,583,960,540,-9,-43,-0.28125,0.1747043425743977
481,969,583,960,540,-9,-43,-0.28125,0.185861391172766
482,969,583,960,540,-9,-43,-0.28125,0.17922981371298796
483,969,583,960,540,-9,-43,-0.28125,0.1882944156163764
484,969,583,960,540,-9,-43,-0.28125,0.1795504941841788
485,969,583,960,540,-9,-43,-0.28125,0.1728550542453693
486,969,584,960,540,-9,-44,-0.28125,0.2151619054836169
487,969,584,960,540,-9,-44,-0.28125,0.21412271360762336
488,968,584,960,540,-8,-44,-0.25,0.21753632322341732
489,968,583,960,540,-8,-43,-0.25,0.1909595121516705
490,968,583,960,540,-8,-43,-0.25,0.1810190389847104
491,968,583,960,540,-8,-43,-0.25,0.1909647271764161
492,968,583,960,540,-8,-43,-0.25,0.18405453383252723
493,969,583,960,540,-9,-43,-0.28125,0.17744477740193765
494,969,583,960,540,-9,-43,-0.28125,0.18072885358178148
495,969,584,960,540,-9,-44,-0.28125,0.216621065183229
496,969,583,960,540,-9,-43,-0.28125,0.18134253633504227
497,969,583,960,540,-9,-43,-0.28125,0.18134253633504227
498,969,583,960,540,-9,-43,-0.28125,0.18053505747289633
499,969,583,960,540,-9,-43,-0.28125,0.1811470372089472
500,969,583,960,540,-9,-43,-0.28125,0.18928633968508435
501,969,583,960,540,-9,-43,-0.28125,0.1800846361160524
502,969,583,960,540,-9,-43,-0.28125,0.18053723469851923
503,969,583,960,540,-9,-43,-0.28125,0.1726789258035466
504,969,583,960,540,-9,-43,-0.28125,0.1781653395270011
505,969,583,960,540,-9,-43,-0.28125,0.18557540119397675
506,969,583,960,540,-9,-43,-0.28125,0.18264197025055084
507,969,583,960,540,-9,-43,-0.28125,0.18205506592224863
508,969,583,960,540,-9,-43,-0.28125,0.18627121924481171
509,969,583,960,540,-9,-43,-0.28125,0.18194505037978526
510,969,583,960,540,-9,-43,-0.28125,0.18115457291360482
511,969,583,960,540,-9,-43,-0.28125,0.1749958562448195
512,969,583,960,540,-9,-43,-0.28125,0.1829045850867126
513,969,583,960,540,-9,-43,-0.28125,0.17308625959424884
514,969,583,960,540,-9,-43,-0.28125,0.17987267674284757
515,970,583,960,540,-10,-43,-0.3125,0.17767043303485686
516,969,583,960,540,-9,-43,-0.28125,0.1827496931962953
517,969,583,960,540,-9,-43,-0.28125,0.1827496931962953
518,969,583,960,540,-9,-43,-0.28125,0.18052546247823265
519,969,583,960,540,-9,-43,-0.28125,0.1790490998830332
520,969,583,960,540,-9,-43,-0.28125,0.17964618053392356
521,969,583,960,540,-9,-43,-0.28125,0.17455963388812634
522,969,583,960,540,-9,-43,-0.28125,0.18525922797081162
523,970,583,960,540,-10,-43,-0.3125,0.1790310431271065
524,970,583,960,540,-10,-43,-0.3125,0.18226614710540212
525,970,583,960,540,-10,-43,-0.3125,0.18598883448653902
526,970,583,960,540,-10,-43,-0.3125,0.17483230378032477
527,970,583,960,540,-10,-43,-0.3125,0.18526787515964593
528,969,584,960,540,-9,-44,-0.28125,0.21605188592208124
529,969,584,960,540,-9,-44,-0.28125,0.2104727115985321
530,969,584,960,540,-9,-44,-0.28125,0.2342776571533487
531,970,584,960,540,-10,-44,-0.3125,0.22239130803126317
532,969,583,960,540,-9,-43,-0.28125,0.1769907821252592
533,969,583,960,540,-9,-43,-0.28125,0.18472993515115532
534,970,583,960,540,-10,-43,-0.3125,0.18735864796395907
535,969,583,960,540,-9,-43,-0.28125,0.18448492439370923
536,969,583,960,540,-9,-43,-0.28125,0.17038690196752637
537,969,584,960,540,-9,-44,-0.28125,0.22372208802128046
538,969,584,960,540,-9,-44,-0.28125,0.22372208802128046
539,969,583,960,540,-9,-43,-0.28125,0.17993259758157376
540,969,583,960,540,-9,-43,-0.28125,0.17718654541151002
541,969,583,960,540,-9,-43,-0.28125,0.1739975135086984
542,970,583,960,540,-10,-43,-0.3125,0.18041566903389272
543,970,583,960,540,-10,-43,-0.3125,0.17978602690098122
544,970,583,960,540,-10,-43,-0.3125,0.1767772328611954
545,970,583,960,540,-10,-43,-0.3125,0.1767772328611954
546,970,584,960,540,-10,-44,-0.3125,0.22529557441938985
547,970,583,960,540,-10,-43,-0.3125,0.18725494112626206
548,970,583,960,540,-10,-43,-0.3125,0.18216660146716213
549,969,583,960,540,-9,-43,-0.28125,0.18905302291231196
550,969,583,960,540,-9,-43,-0.28125,0.18986941530299828
551,970,583,960,540,-10,-43,-0.3125,0.1861028259835229
552,970,583,960,540,-10,-43,-0.3125,0.1966003347747156
553,970,583,960,540,-10,-43,-0.3125,0.18241646842741588
554,970,584,960,540,-10,-44,-0.3125,0.2279725451807526
555,970,584,960,540,-10,-44,-0.3125,0.23394081494316676
556,971,584,960,540,-11,-44,-0.34375,0.22904553119332838
557,970,584,960,540,-10,-44,-0.3125,0.21926754474964616
558,970,584,960,540,-10,-44,-0.3125,0.23221903646408726
559,970,583,960,540,-10,-43,-0.3125,0.19518199942705028
560,970,583,960,540,-10,-43,-0.3125,0.20886714494538405
561,971,584,960,540,-11,-44,-0.34375,0.24548109972965726
562,971,584,960,540,-11,-44,-0.34375,0.24554901230663484
563,971,584,960,540,-11,-44,-0.34375,0.24843795918013423
564,972,583,960,540,-12,-43,-0.375,0.19902785674729762
565,972,583,960,540,-12,-43,-0.375,0.1970614854053303
566,972,583,960,540,-12,-43,-0.375,0.1970614854053303
567,972,583,960,540,-12,-43,-0.375,0.20685991381367774
568,972,583,960,540,-12,-43,-0.375,0.20139685843228228
569,972,583,960,540,-12,-43,-0.375,0.21185699807109248
570,972,583,960,540,-12,-43,-0.375,0.19529981421551867
571,973,584,960,540,-13,-44,-0.40625,0.21553288055002628
572,973,583,960,540,-13,-43,-0.40625,0.1902284600389843
573,973,583,960,540,-13,-43,-0.40625,0.17879715511767325
574,973,583,960,540,-13,-43,-0.40625,0.20131548322369053
575,972,583,960,540,-12,-43,-0.375,0.19992217506022003
576,972,583,960,540,-12,-43,-0.375,0.2107385366189627
577,972,583,960,540,-12,-43,-0.375,0.2147634726428762
578,972,583,960,540,-12,-43,-0.375,0.20441327621333438
579,972,583,960,540,-12,-43,-0.375,0.2081215602763833
580,972,583,960,540,-12,-43,-0.375,0.19284997994934772
581,972,583,960,540,-12,-43,-0.375,0.18511084383226262
582,973,583,960,540,-13,-43,-0.40625,0.19928754084290157
583,973,583,960,540,-13,-43,-0.40625,0.1801537141535976
584,973,584,960,540,-13,-44,-0.40625,0.21448028670332198
585,973,584,960,540,-13,-44,-0.40625,0.21966910853313149
586,973,584,960,540,-13,-44,-0.40625,0.2163691757479731
587,973,584,960,540,-13,-44,-0.40625,0.22295659649427346
588,973,584,960,540,-13,-44,-0.40625,0.2161344074125846
589,973,583,960,540,-13,-43,-0.40625,0.19421451796305123
590,973,584,960,540,-13,-44,-0.40625,0.234376827863213
591,973,584,960,540,-13,-44,-0.40625,0.23461905942640748
592,973,584,960,540,-13,-44,-0.40625,0.2170487180037497
593,972,584,960,540,-12,-44,-0.375,0.22780373155019018
594,972,584,960,540,-12,-44,-0.375,0.23127386371339065
595,972,584,960,540,-12,-44,-0.375,0.22625938243693455
596,973,584,960,540,-13,-44,-0.40625,0.22230049481166203
597,973,584,960,540,-13,-44,-0.40625,0.21605018940638554
598,973,584,960,540,-13,-44,-0.40625,0.21472757369649265
599,973,584,960,540,-13,-44,-0.40625,0.22227318364922644
600,973,584,960,540,-13,-44,-0.40625,0.21577389934133717
601,973,584,960,540,-13,-44,-0.40625,0.21805515141254683
602,973,584,960,540,-13,-44,-0.40625,0.218620499286583
603,973,584,960,540,-13,-44,-0.40625,0.2122202748008386
604,973,584,960,540,-13,-44,-0.40625,0.22065804144418477
605,973,584,960,540,-13,-44,-0.40625,0.21973384801499285
606,973,584,960,540,-13,-44,-0.40625,0.22288547317624285
607,973,584,960,540,-13,-44,-0.40625,0.22299625545450463
608,973,584,960,540,-13,-44,-0.40625,0.21318447689410625
609,973,584,960,540,-13,-44,-0.40625,0.22003841683446113
610,973,584,960,540,-13,-44,-0.40625,0.21498204890852524
611,973,584,960,540,-13,-44,-0.40625,0.2098725710490965
612,973,584,960,540,-13,-44,-0.40625,0.2134790022740123
613,973,585,960,540,-13,-45,-0.40625,0.25051603931104927
614,973,584,960,540,-13,-44,-0.40625,0.21244370462530604
615,973,584,960,540,-13,-44,-0.40625,0.23081702464183396
616,973,585,960,540,-13,-45,-0.40625,0.2473497888265277
617,973,585,960,540,-13,-45,-0.40625,0.25455960846406334
618,973,584,960,540,-13,-44,-0.40625,0.21521253728595147
619,973,585,960,540,-13,-45,-0.40625,0.2379984570232856
620,973,584,960,540,-13,-44,-0.40625,0.2232569769458359
621,973,584,960,540,-13,-44,-0.40625,0.22289801097704443
622,973,585,960,540,-13,-45,-0.40625,0.25469279501477016
623,973,584,960,540,-13,-44,-0.40625,0.21565793601201655
624,973,584,960,540,-13,-44,-0.40625,0.22328198766393803
625,973,584,960,540,-13,-44,-0.40625,0.21255855540325208
626,972,585,960,540,-12,-45,-0.375,0.2572478259537707
627,972,584,960,540,-12,-44,-0.375,0.2257993851069724
0,1570,660,960,540,-610,-120,-16.0625,2.8326482322219593
1,1570,659,960,540,-610,-119,-16.0625,2.795611195184922
2,1558,659,960,540,-598,-119,-15.6875,2.757265664046974
3,1532,659,960,540,-572,-119,-14.875,2.802708908836479
4,1499,658,960,540,-539,-118,-13.84375,2.77960703631682
5,1467,657,960,540,-507,-117,-12.84375,2.7185950602500784
6,1447,656,960,540,-487,-116,-12.21875,2.678725369175959
7,1440,657,960,540,-480,-117,-12.0,2.7184987238591503
8,1438,656,960,540,-478,-116,-11.9375,2.657636168634218
9,1439,657,960,540,-479,-117,-11.96875,2.693959244503014
10,1438,657,960,540,-478,-117,-11.9375,2.7176654386051937
11,1437,657,960,540,-477,-117,-11.90625,2.7176654386051937
12,1432,658,960,540,-472,-118,-11.75,2.7945140546824954
13,1402,642,960,540,-442,-102,-10.8125,2.2040605395617603
14,1357,621,960,540,-397,-81,-9.40625,1.4186030437465238
15,1312,617,960,540,-352,-77,-8.0,1.2727770642691045
16,1223,615,960,540,-263,-75,-5.21875,1.211946161492756
17,1132,610,960,540,-172,-70,-2.375,1.0775288378361898
18,1082,599,960,540,-122,-59,-0.8125,0.6705725371117637
19,1044,589,960,540,-84,-49,0.375,0.24887256335723973
20,1008,587,960,540,-48,-47,1.5,0.15376374569145534
21,987,587,960,540,-27,-47,2.15625,0.18504698495346394
22,986,588,960,540,-26,-48,2.1875,0.22373414699528316
23,986,588,960,540,-26,-48,2.1875,0.2178573499507488
24,989,587,960,540,-29,-47,2.09375,0.14813381425988204
25,995,586,960,540,-35,-46,1.90625,0.1468593862680998
26,1007,586,960,540,-47,-46,1.53125,0.13142753178605426
27,1015,586,960,540,-55,-46,1.28125,0.15222050567489598
28,1017,586,960,540,-57,-46,1.21875,0.14807467494008808
29,1017,586,960,540,-57,-46,1.21875,0.15278125539555854
30,1018,586,960,540,-58,-46,1.1875,0.15399679212739725
31,1018,586,960,540,-58,-46,1.1875,0.16902598356053855
32,1018,586,960,540,-58,-46,1.1875,0.16368090328914242
33,1018,586,960,540,-58,-46,1.1875,0.15482303326937652
34,1021,587,960,540,-61,-47,1.09375,0.18929525687185222
35,1029,586,960,540,-69,-46,0.84375,0.1449543406125009
36,1041,586,960,540,-81,-46,0.46875,0.15855883221150924
37,1047,586,960,540,-87,-46,0.28125,0.16455584367754272
38,1047,585,960,540,-87,-45,0.28125,0.11914392502451454
39,1047,585,960,540,-87,-45,0.28125,0.12448191406369258
40,1040,586,960,540,-80,-46,0.5,0.14591747285657286
41,1027,586,960,540,-67,-46,0.90625,0.1539433820385505
42,1018,587,960,540,-58,-47,1.1875,0.18447686820671505
43,1018,587,960,540,-58,-47,1.1875,0.19775746301253827
44,1018,586,960,540,-58,-46,1.1875,0.1545729821410209
45,1019,586,960,540,-59,-46,1.15625,0.14498814690108275
46,1021,586,960,540,-61,-46,1.09375,0.163838228521743
47,1027,586,960,540,-67,-46,0.90625,0.12642351753228187
48,1036,585,960,540,-76,-45,0.625,0.10273810015030715
49,1042,585,960,540,-82,-45,0.4375,0.10273810015030715
50,1045,585,960,540,-85,-45,0.34375,0.1111852209883577
51,1047,585,960,540,-87,-45,0.28125,0.12483533890428822
52,1047,585,960,540,-87,-45,0.28125,0.12672271867173257
53,1041,585,960,540,-81,-45,0.46875,0.09898606701464652
54,1034,585,960,540,-74,-45,0.6875,0.09898606701464652
55,1026,585,960,540,-66,-45,0.9375,0.10646941460625525
56,1018,585,960,540,-58,-45,1.1875,0.11288573840318183
57,1019,585,960,540,-59,-45,1.15625,0.09546214827274802
58,1023,586,960,540,-63,-46,1.03125,0.11704382117873502
59,1037,586,960,540,-77,-46,0.59375,0.13926650250131467
60,1048,585,960,540,-88,-45,0.25,0.1013084960501105
61,1046,584,960,540,-86,-44,0.3125,0.03702082771279214
62,1045,585,960,540,-85,-45,0.34375,0.09899486620519271
63,1043,585,960,540,-83,-45,0.40625,0.09299806896858032
64,1040,587,960,540,-80,-47,0.5,0.15256605124783995
65,1037,590,960,540,-77,-50,0.59375,0.2689102048974932
66,1035,593,960,540,-75,-53,0.65625,0.35431939994965744
67,1033,594,960,540,-73,-54,0.71875,0.39838291579144935
68,1033,594,960,540,-73,-54,0.71875,0.4422984308135356
69,1034,593,960,540,-74,-53,0.6875,0.38855347763296777
70,1035,592,960,540,-75,-52,0.65625,0.3514802156223942
71,1036,591,960,540,-76,-51,0.625,0.3072265174660065
72,1038,591,960,540,-78,-51,0.5625,0.30055017877532597
73,1049,591,960,540,-89,-51,0.21875,0.3347960899344622
74,1065,591,960,540,-105,-51,-0.28125,0.29547049086098287
75,1072,591,960,540,-112,-51,-0.5,0.2840660646705584
76,1074,589,960,540,-114,-49,-0.5625,0.21784882841391684
77,1072,589,960,540,-112,-49,-0.5,0.24467835255415338
78,1063,590,960,540,-103,-50,-0.21875,0.2801298692782219
79,1052,590,960,540,-92,-50,0.125,0.2699349111522147
80,1048,591,960,540,-88,-51,0.25,0.3097940873129723
81,1048,590,960,540,-88,-50,0.25,0.26030328561662786
82,1048,590,960,540,-88,-50,0.25,0.2644496311761917
83,1048,590,960,540,-88,-50,0.25,0.2760350190993146
84,1047,591,960,540,-87,-51,0.28125,0.3112975870658239
85,1047,591,960,540,-87,-51,0.28125,0.32450225235627017
86,1046,591,960,540,-86,-51,0.3125,0.3228862506660255
87,1046,592,960,540,-86,-52,0.3125,0.33857796750964253
88,1045,593,960,540,-85,-53,0.34375,0.38050207145393067
89,1045,593,960,540,-85,-53,0.34375,0.374739053362382
90,1045,593,960,540,-85,-53,0.34375,0.3620661638473237
91,1044,592,960,540,-84,-52,0.375,0.3401491257720104
92,1044,592,960,540,-84,-52,0.375,0.32043101338957847
93,1044,593,960,540,-84,-53,0.375,0.37662359036073867
94,1044,593,960,540,-84,-53,0.375,0.35941015688073663
95,1044,593,960,540,-84,-53,0.375,0.3506871615268019
96,1044,593,960,540,-84,-53,0.375,0.36142690653950815
97,1044,593,960,540,-84,-53,0.375,0.3683164050832095
98,1044,592,960,540,-84,-52,0.375,0.3327542756789057
99,1044,592,960,540,-84,-52,0.375,0.3311819828622129
100,1044,592,960,540,-84,-52,0.375,0.3168160133362268
101,1044,592,960,540,-84,-52,0.375,0.34016275822280795
102,1044,592,960,540,-84,-52,0.375,0.3330712581773234
103,1045,591,960,540,-85,-51,0.34375,0.3013418763144209
104,1045,591,960,540,-85,-51,0.34375,0.30276696013312177
105,1045,590,960,540,-85,-50,0.34375,0.2538585942181988
106,1045,590,960,540,-85,-50,0.34375,0.2538585942181988
107,1045,590,960,540,-85,-50,0.34375,0.26689949159555804
108,1045,591,960,540,-85,-51,0.34375,0.29903170616976094
109,1046,591,960,540,-86,-51,0.3125,0.2966894790749304
110,1046,591,960,540,-86,-51,0.3125,0.30141752502854713
111,1046,591,960,540,-86,-51,0.3125,0.30068405644175544
112,1046,591,960,540,-86,-51,0.3125,0.2935858604170949
113,1046,591,960,540,-86,-51,0.3125,0.2990924311089178
114,1046,591,960,540,-86,-51,0.3125,0.3062496258959715
115,1046,591,960,540,-86,-51,0.3125,0.29540906196828476
116,1046,591,960,540,-86,-51,0.3125,0.29168577150635455
117,1046,591,960,540,-86,-51,0.3125,0.2881692730598402
118,1046,591,960,540,-86,-51,0.3125,0.2991469916535805
119,1046,591,960,540,-86,-51,0.3125,0.3051450635531585
120,1046,591,960,540,-86,-51,0.3125,0.31840357761856564
121,1046,591,960,540,-86,-51,0.3125,0.31840357761856564
122,1046,591,960,540,-86,-51,0.3125,0.3010877997452175
123,1046,591,960,540,-86,-51,0.3125,0.3041530477534724
124,1046,592,960,540,-86,-52,0.3125,0.3331491663655819
125,1046,591,960,540,-86,-51,0.3125,0.27948729316271703
126,1046,591,960,540,-86,-51,0.3125,0.2845615335501577
127,1046,591,960,540,-86,-51,0.3125,0.2896183860346693
128,1046,590,960,540,-86,-50,0.3125,0.26588628101852696
129,1046,590,960,540,-86,-50,0.3125,0.2374904411712786
130,1046,590,960,540,-86,-50,0.3125,0.23685695206894453
131,1046,590,960,540,-86,-50,0.3125,0.24007693477660674
132,1046,591,960,540,-86,-51,0.3125,0.2408437861446988
133,1046,591,960,540,-86,-51,0.3125,0.24259901899806224
134,1047,591,960,540,-87,-51,0.28125,0.25737095396512943
135,1047,590,960,540,-87,-50,0.28125,0.24365730119560824
136,1048,588,960,540,-88,-48,0.25,0.1848459407256644
137,1048,586,960,540,-88,-46,0.25,0.13883230059294616
138,1049,585,960,540,-89,-45,0.21875,0.10922905178848619
139,1050,585,960,540,-90,-45,0.1875,0.09705944577825099
140,1050,584,960,540,-90,-44,0.1875,0.08476297518527853
141,1051,584,960,540,-91,-44,0.15625,0.0886574350098508
142,1052,584,960,540,-92,-44,0.125,0.0634227223123538
143,1053,585,960,540,-93,-45,0.09375,0.07407869022995794
144,1053,585,960,540,-93,-45,0.09375,0.07407869022995794
145,1053,586,960,540,-93,-46,0.09375,0.13053617829767394
146,1054,586,960,540,-94,-46,0.0625,0.14748378785205363
147,1055,585,960,540,-95,-45,0.03125,0.1277541886167448
148,1056,585,960,540,-96,-45,0.0,0.12875717100641482
149,1056,585,960,540,-96,-45,0.0,0.13496888757833148
150,1057,585,960,540,-97,-45,-0.03125,0.14550587996584308
151,1057,585,960,540,-97,-45,-0.03125,0.14367803316294103
152,1058,585,960,540,-98,-45,-0.0625,0.156264497581859
153,1058,585,960,540,-98,-45,-0.0625,0.14576997955859672
154,1058,585,960,540,-98,-45,-0.0625,0.14576997955859672
155,1058,583,960,540,-98,-43,-0.0625,0.0754036371639899
156,1058,580,960,540,-98,-40,-0.0625,-0.03044213987237443
157,1058,578,960,540,-98,-38,-0.0625,-0.07456886388712158
158,1058,576,960,540,-98,-36,-0.0625,-0.17306443842006036
159,1058,577,960,540,-98,-37,-0.0625,-0.16989166217246954
160,1058,578,960,540,-98,-38,-0.0625,-0.12218057137353133
161,1057,579,960,540,-97,-39,-0.03125,-0.0682699340278432
162,1057,579,960,540,-97,-39,-0.03125,-0.030764064340197184
163,1056,577,960,540,-96,-37,0.0,-0.05595464624472468
164,1055,577,960,540,-95,-37,0.03125,-0.06265797043031607
165,1053,576,960,540,-93,-36,0.09375,-0.08666193794408916
166,1052,575,960,540,-92,-35,0.125,-0.09908079595162156
167,1051,575,960,540,-91,-35,0.15625,-0.11606250495833881
168,1051,574,960,540,-91,-34,0.15625,-0.12971878060511344
169,1049,573,960,540,-89,-33,0.21875,-0.16179944880787134
170,1049,573,960,540,-89,-33,0.21875,-0.16561843663516163
171,1048,573,960,540,-88,-33,0.25,-0.18253489251088473
172,1048,574,960,540,-88,-34,0.25,-0.15058827391444307
173,1047,575,960,540,-87,-35,0.28125,-0.10918882883472403
174,1047,575,960,540,-87,-35,0.28125,-0.10033206459079169
175,1046,575,960,540,-86,-35,0.3125,-0.10867024063112973
176,1045,575,960,540,-85,-35,0.34375,-0.10080470772811756
177,1044,574,960,540,-84,-34,0.375,-0.10965747539496151
178,1042,570,960,540,-82,-30,0.4375,-0.2199163624295173
179,1040,567,960,540,-80,-27,0.5,-0.3474681403805593
180,1038,565,960,540,-78,-25,0.5625,-0.43811623810542466
181,1038,565,960,540,-78,-25,0.5625,-0.4564006702698955
182,1038,565,960,540,-78,-25,0.5625,-0.45950502950835026
183,1039,566,960,540,-79,-26,0.53125,-0.40361262850862933
184,1044,565,960,540,-84,-25,0.375,-0.41652550655512366
185,1060,565,960,540,-100,-25,-0.125,-0.4004301815416107
186,1072,565,960,540,-112,-25,-0.5,-0.41852135871082696
187,1071,566,960,540,-111,-26,-0.46875,-0.385334720901798
188,1068,567,960,540,-108,-27,-0.375,-0.36983664467545374
189,1058,569,960,540,-98,-29,-0.0625,-0.3000159737930168
190,1049,569,960,540,-89,-29,0.21875,-0.2589605399255266
191,1046,568,960,540,-86,-28,0.3125,-0.30778869344861715
192,1046,568,960,540,-86,-28,0.3125,-0.2940144064779555
193,1046,568,960,540,-86,-28,0.3125,-0.28837958597338
194,1046,568,960,540,-86,-28,0.3125,-0.2777621466811846
195,1046,567,960,540,-86,-27,0.3125,-0.30582467336055075
196,1046,566,960,540,-86,-26,0.3125,-0.3299653295115689
197,1046,566,960,540,-86,-26,0.3125,-0.332839443403424
198,1046,565,960,540,-86,-25,0.3125,-0.3663980510230622
199,1046,565,960,540,-86,-25,0.3125,-0.3659581138809569
200,1046,564,960,540,-86,-24,0.3125,-0.4077618920882231
201,1045,563,960,540,-85,-23,0.34375,-0.4439790631043439
202,1045,563,960,540,-85,-23,0.34375,-0.44109561074093273
203,1045,563,960,540,-85,-23,0.34375,-0.4394290415994113
204,1044,564,960,540,-84,-24,0.375,-0.4218926576848152
205,1043,565,960,540,-83,-25,0.40625,-0.3906364302155876
206,1043,566,960,540,-83,-26,0.40625,-0.3547323916027031
207,1043,566,960,540,-83,-26,0.40625,-0.34939385599990336
208,1043,566,960,540,-83,-26,0.40625,-0.3468410786945061
209,1043,565,960,540,-83,-25,0.40625,-0.3660621863206772
210,1043,565,960,540,-83,-25,0.40625,-0.38324447594542077
211,1043,566,960,540,-83,-26,0.40625,-0.37305568716280535
212,1043,566,960,540,-83,-26,0.40625,-0.380132117237613
213,1044,567,960,540,-84,-27,0.375,-0.33679509693477483
214,1044,568,960,540,-84,-28,0.375,-0.2773119604095693
215,1045,568,960,540,-85,-28,0.34375,-0.2650420830848419
216,1045,568,960,540,-85,-28,0.34375,-0.25932881311804934
217,1045,567,960,540,-85,-27,0.34375,-0.29859626427752217
218,1045,567,960,540,-85,-27,0.34375,-0.3154085266455702
219,1045,568,960,540,-85,-28,0.34375,-0.28853531319878534
220,1045,568,960,540,-85,-28,0.34375,-0.2797583395857204
221,1044,568,960,540,-84,-28,0.375,-0.2794107829214949
222,1045,568,960,540,-85,-28,0.34375,-0.29107155228650483
223,1045,568,960,540,-85,-28,0.34375,-0.2784519061789781
224,1044,568,960,540,-84,-28,0.375,-0.28007975143850294
225,1044,568,960,540,-84,-28,0.375,-0.2806816279566331
226,1044,568,960,540,-84,-28,0.375,-0.28855452433972584
227,1045,569,960,540,-85,-29,0.34375,-0.24585814131365513
228,1045,569,960,540,-85,-29,0.34375,-0.24802736595455932
229,1045,569,960,540,-85,-29,0.34375,-0.2433950322897096
230,1045,569,960,540,-85,-29,0.34375,-0.23034773599087877
231,1044,569,960,540,-84,-29,0.375,-0.24390826877334115
232,1044,570,960,540,-84,-30,0.375,-0.2070311916601335
233,1045,571,960,540,-85,-31,0.34375,-0.17414992135120588
234,1045,571,960,540,-85,-31,0.34375,-0.17816898964305317
235,1046,572,960,540,-86,-32,0.3125,-0.14039597826964756
236,1046,572,960,540,-86,-32,0.3125,-0.13341397749037331
237,1046,572,960,540,-86,-32,0.3125,-0.13208643773153095
238,1046,572,960,540,-86,-32,0.3125,-0.1345543466875132
239,1045,571,960,540,-85,-31,0.34375,-0.16530451956930348
240,1045,571,960,540,-85,-31,0.34375,-0.17202705300644228
241,1045,572,960,540,-85,-32,0.34375,-0.14906704023705108
242,1045,572,960,540,-85,-32,0.34375,-0.15692529559204615
243,1045,572,960,540,-85,-32,0.34375,-0.14483973815481477
244,1045,571,960,540,-85,-31,0.34375,-0.17891362433024915
245,1045,570,960,540,-85,-30,0.34375,-0.20235512259436694
246,1045,570,960,540,-85,-30,0.34375,-0.20124809358041684
247,1045,570,960,540,-85,-30,0.34375,-0.21548346693224607
248,1045,569,960,540,-85,-29,0.34375,-0.265782297664662
249,1045,568,960,540,-85,-28,0.34375,-0.28954171511496685
250,1045,568,960,540,-85,-28,0.34375,-0.29200806839235294
251,1046,568,960,540,-86,-28,0.3125,-0.28059783196639154
252,1046,568,960,540,-86,-28,0.3125,-0.2864241337946465
253,1046,568,960,540,-86,-28,0.3125,-0.30386338562852444
254,1046,568,960,540,-86,-28,0.3125,-0.27631140629202644
255,1046,568,960,540,-86,-28,0.3125,-0.2681435279901381
256,1046,569,960,540,-86,-29,0.3125,-0.23839326592289045
257,1047,570,960,540,-87,-30,0.28125,-0.21040076920105277
258,1047,571,960,540,-87,-31,0.28125,-0.1688827203511789
259,1047,571,960,540,-87,-31,0.28125,-0.16363658047133933
260,1046,571,960,540,-86,-31,0.3125,-0.1704437183787424
261,1046,571,960,540,-86,-31,0.3125,-0.1735387412595082
262,1046,571,960,540,-86,-31,0.3125,-0.18351492166226535
263,1046,571,960,540,-86,-31,0.3125,-0.185873564729375
264,1058,900,960,540,-98,-360,-0.0625,12.450311627257259
265,1059,900,960,540,-99,-360,-0.09375,12.454194007833706
266,1059,899,960,540,-99,-359,-0.09375,12.416587253362271
267,1059,899,960,540,-99,-359,-0.09375,12.415219155706481
268,1059,899,960,540,-99,-359,-0.09375,12.397356187574484
269,1059,892,960,540,-99,-352,-0.09375,12.14280248319188
270,1059,872,960,540,-99,-332,-0.09375,11.432307928120707
271,1058,788,960,540,-98,-248,-0.0625,8.309087390814058
272,1057,708,960,540,-97,-168,-0.03125,5.3630087396124075
273,1057,694,960,540,-97,-154,-0.03125,4.815970703922395
274,1057,689,960,540,-97,-149,-0.03125,4.639141448820485
275,1056,684,960,540,-96,-144,0.0,4.4462858922985244
276,1056,670,960,540,-96,-130,0.0,3.9236255099411537
277,1056,636,960,540,-96,-96,0.0,2.6747415281565723
278,1056,606,960,540,-96,-66,0.0,1.5775799171564806
279,1056,599,960,540,-96,-59,0.0,1.3044892124596235
280,1056,599,960,540,-96,-59,0.0,1.3035369063041728
281,1056,601,960,540,-96,-61,0.0,1.3967160733376731
282,1055,612,960,540,-95,-72,0.03125,1.7713453397509213
283,1055,622,960,540,-95,-82,0.03125,2.144824612874234
284,1055,624,960,540,-95,-84,0.03125,2.229151332399616
285,1055,623,960,540,-95,-83,0.03125,2.1767881034315804
286,1055,623,960,540,-95,-83,0.03125,2.2061991726081285
287,1055,613,960,540,-95,-73,0.03125,1.836679225254664
288,1055,602,960,540,-95,-62,0.03125,1.4292718178472565
289,1055,598,960,540,-95,-58,0.03125,1.2531792991422868
290,1055,596,960,540,-95,-56,0.03125,1.1491314489999844
291,1054,596,960,540,-94,-56,0.0625,1.1743949849710105
292,1054,596,960,540,-94,-56,0.0625,1.1828705735097893
293,1054,597,960,540,-94,-57,0.0625,1.2095929997853114
294,1054,598,960,540,-94,-58,0.0625,1.2603012211135423
295,1055,598,960,540,-95,-58,0.03125,1.259093153892496
296,1055,598,960,540,-95,-58,0.03125,1.2596869616410715
297,1055,598,960,540,-95,-58,0.03125,1.272258126893558
298,1055,598,960,540,-95,-58,0.03125,1.2825919490823443
299,1055,598,960,540,-95,-58,0.03125,1.2659556564349055
300,1055,598,960,540,-95,-58,0.03125,1.261863161739636
301,1055,598,960,540,-95,-58,0.03125,1.2826347851949311
302,1055,598,960,540,-95,-58,0.03125,1.2630544885054464
303,1055,595,960,540,-95,-55,0.03125,1.1561797465361696
304,1055,580,960,540,-95,-40,0.03125,0.5862945667768171
305,1056,569,960,540,-96,-29,0.0,0.18051812769461684
306,1056,567,960,540,-96,-27,0.0,0.12189132524637225
307,1056,567,960,540,-96,-27,0.0,0.1294769313528038
308,1056,567,960,540,-96,-27,0.0,0.0982327230009179
309,1056,568,960,540,-96,-28,0.0,0.14482544908912087
310,1056,581,960,540,-96,-41,0.0,0.6300067940527372
311,1056,593,960,540,-96,-53,0.0,1.070781835155279
312,1056,592,960,540,-96,-52,0.0,1.0496697582586973
313,1055,591,960,540,-95,-51,0.03125,1.0143865665917393
314,1055,582,960,540,-95,-42,0.03125,0.6481092679366102
315,1056,569,960,540,-96,-29,0.0,0.21121359603822276
316,1056,567,960,540,-96,-27,0.0,0.11908733761276624
317,1056,567,960,540,-96,-27,0.0,0.12565960022517175
318,1056,567,960,540,-96,-27,0.0,0.11607289272231502
319,1057,567,960,540,-97,-27,-0.03125,0.11373092932453477
320,1057,567,960,540,-97,-27,-0.03125,0.11413856989211535
321,1057,567,960,540,-97,-27,-0.03125,0.1307393209555907
322,1057,567,960,540,-97,-27,-0.03125,0.1219746502375384
323,1057,566,960,540,-97,-26,-0.03125,0.06404147709956098
324,1057,566,960,540,-97,-26,-0.03125,0.06404147709956098
325,1057,566,960,540,-97,-26,-0.03125,0.08819577716237448
326,1057,566,960,540,-97,-26,-0.03125,0.08988761680930157
327,1057,566,960,540,-97,-26,-0.03125,0.08121939773050912
328,1057,566,960,540,-97,-26,-0.03125,0.08894581791207878
329,1057,566,960,540,-97,-26,-0.03125,0.09196503075717855
330,1056,566,960,540,-96,-26,0.0,0.09207766557144026
331,1056,566,960,540,-96,-26,0.0,0.09208607316811201
332,1057,566,960,540,-97,-26,-0.03125,0.09208607316811201
333,1057,566,960,540,-97,-26,-0.03125,0.07972431203381469
334,1057,567,960,540,-97,-27,-0.03125,0.12764546199406002
335,1056,567,960,540,-96,-27,0.0,0.10844133334356454
336,1056,567,960,540,-96,-27,0.0,0.11548624941470953
337,1056,568,960,540,-96,-28,0.0,0.15762598875228284
338,1056,567,960,540,-96,-27,0.0,0.11986383451970517
339,1057,567,960,540,-97,-27,-0.03125,0.12134399296650378
340,1056,567,960,540,-96,-27,0.0,0.10667378862937493
341,1056,567,960,540,-96,-27,0.0,0.11848490677332946
342,1056,568,960,540,-96,-28,0.0,0.1495804693820344
343,1056,567,960,540,-96,-27,0.0,0.11557889694738044
344,1057,567,960,540,-97,-27,-0.03125,0.11155456687863519
345,1056,567,960,540,-96,-27,0.0,0.11353529174908616
346,1056,567,960,540,-96,-27,0.0,0.12160155465447597
347,1056,567,960,540,-96,-27,0.0,0.10925716677662489
348,1056,566,960,540,-96,-26,0.0,0.07786148508291746
349,1056,566,960,540,-96,-26,0.0,0.07812046690388796
350,1056,567,960,540,-96,-27,0.0,0.12262857538525396
351,1056,567,960,540,-96,-27,0.0,0.11222629146064833
352,1056,567,960,540,-96,-27,0.0,0.11271022037562362
353,1056,567,960,540,-96,-27,0.0,0.10676354570198032
354,1056,567,960,540,-96,-27,0.0,0.11187097720770067
355,1057,567,960,540,-97,-27,-0.03125,0.11187097720770067
356,1057,567,960,540,-97,-27,-0.03125,0.11650411888785983
357,1056,568,960,540,-96,-28,0.0,0.15429160320197166
358,1056,568,960,540,-96,-28,0.0,0.14564835094854112
359,1056,568,960,540,-96,-28,0.0,0.1577599432964032
360,1057,567,960,540,-97,-27,-0.03125,0.11159601357547799
361,1057,567,960,540,-97,-27,-0.03125,0.11598927352962651
362,1056,567,960,540,-96,-27,0.0,0.10900670824138226
363,1056,567,960,540,-96,-27,0.0,0.11013441783570665
364,1056,567,960,540,-96,-27,0.0,0.11013441783570665
365,1056,567,960,540,-96,-27,0.0,0.10446236762896477
366,1055,567,960,540,-95,-27,0.03125,0.12117204468239207
367,1056,568,960,540,-96,-28,0.0,0.15244081673251575
368,1057,567,960,540,-97,-27,-0.03125,0.11438376808999795
369,1057,567,960,540,-97,-27,-0.03125,0.09410500083076567
370,1057,567,960,540,-97,-27,-0.03125,0.08388840570382894
371,1058,566,960,540,-98,-26,-0.0625,0.06896189563699906
372,1059,566,960,540,-99,-26,-0.09375,0.07402001347431542
373,1058,566,960,540,-98,-26,-0.0625,0.06851550053061672
374,1058,566,960,540,-98,-26,-0.0625,0.05674453784836597
375,1058,565,960,540,-98,-25,-0.0625,0.03477964448150128
376,1058,565,960,540,-98,-25,-0.0625,0.045538057307922264
377,1058,565,960,540,-98,-25,-0.0625,0.03203057697860778
378,1058,565,960,540,-98,-25,-0.0625,0.026779792959341964
379,1057,565,960,540,-97,-25,-0.03125,0.02672452876151743
380,1057,564,960,540,-97,-24,-0.03125,-0.012210880366489985
381,1057,563,960,540,-97,-23,-0.03125,-0.04639405407928576
382,1057,564,960,540,-97,-24,-0.03125,0.0049632865872472065
383,1057,565,960,540,-97,-25,-0.03125,0.058274682896715
384,1057,565,960,540,-97,-25,-0.03125,0.02420790970405673
385,1057,565,960,540,-97,-25,-0.03125,0.049730349144717856
386,1057,565,960,540,-97,-25,-0.03125,0.035173045316872376
387,1057,564,960,540,-97,-24,-0.03125,0.004406355896373393
388,1057,564,960,540,-97,-24,-0.03125,0.005386950273479463
389,1056,563,960,540,-96,-23,0.0,-0.02212902323339494
390,1056,564,960,540,-96,-24,0.0,0.008649429767608519
391,1056,564,960,540,-96,-24,0.0,0.004578639363278403
392,1057,564,960,540,-97,-24,-0.03125,0.004578639363278403
393,1056,564,960,540,-96,-24,0.0,0.02715464127331335
394,1056,565,960,540,-96,-25,0.0,0.06915105494667495
395,1056,564,960,540,-96,-24,0.0,0.007468993686918335
396,1056,565,960,540,-96,-25,0.0,0.06468454590239592
397,1056,565,960,540,-96,-25,0.0,0.055979290830640904
398,1057,564,960,540,-97,-24,-0.03125,-0.0009301076062406821
399,1057,564,960,540,-97,-24,-0.03125,-0.0020607878578046135
400,1057,564,960,540,-97,-24,-0.03125,0.007443289806160824
401,1057,563,960,540,-97,-23,-0.03125,-0.048230269181369634
402,1058,563,960,540,-98,-23,-0.0625,-0.034479818971824616
403,1058,563,960,540,-98,-23,-0.0625,-0.05814088317700272
404,1058,564,960,540,-98,-24,-0.0625,-0.02237005695996519
405,1059,564,960,540,-99,-24,-0.09375,-0.010977082337821131
406,1059,564,960,540,-99,-24,-0.09375,-0.0053910393183281835
407,1058,563,960,540,-98,-23,-0.0625,-0.018163630080077486
408,1056,563,960,540,-96,-23,0.0,-0.04609285443978506
409,1056,683,960,540,-96,-143,0.0,4.308717514779054
410,1057,683,960,540,-97,-143,-0.03125,4.308717514779054
411,1057,683,960,540,-97,-143,-0.03125,4.307957309379185
412,1058,683,960,540,-98,-143,-0.0625,4.315521227939802
413,1059,682,960,540,-99,-142,-0.09375,4.250141291520078
414,1061,660,960,540,-101,-120,-0.15625,3.527994842134695
415,1063,633,960,540,-103,-93,-0.21875,2.513185552631579
416,1063,627,960,540,-103,-87,-0.21875,2.24489330282268
417,1062,622,960,540,-102,-82,-0.1875,2.08942865178434
418,1060,619,960,540,-100,-79,-0.125,1.9783175406732292
419,1059,609,960,540,-99,-69,-0.09375,1.5857517366099216
420,1057,601,960,540,-97,-61,-0.03125,1.272940493479978
421,1056,602,960,540,-96,-62,0.0,1.2753542068339638
422,1054,602,960,540,-94,-62,0.0625,1.3042810966172298
423,1054,601,960,540,-94,-61,0.0625,1.275061954900814
424,1054,601,960,540,-94,-61,0.0625,1.2672131684749557
425,1055,601,960,540,-95,-61,0.03125,1.276280455215426
426,1055,601,960,540,-95,-61,0.03125,1.2602330474931653
427,1055,600,960,540,-95,-60,0.03125,1.2657123815876337
428,1055,600,960,540,-95,-60,0.03125,1.257328781529233
429,1056,600,960,540,-96,-60,0.0,1.2533353731468861
430,1056,600,960,540,-96,-60,0.0,1.2557052282431915
431,1056,600,960,540,-96,-60,0.0,1.2604676666510657
432,1056,600,960,540,-96,-60,0.0,1.2349872371150796
433,1057,599,960,540,-97,-59,-0.03125,1.204567697023429
434,1057,596,960,540,-97,-56,-0.03125,1.0999023713852343
435,1058,593,960,540,-98,-53,-0.0625,0.9743780931281187
436,1057,594,960,540,-97,-54,-0.03125,1.0164679297743207
437,1057,594,960,540,-97,-54,-0.03125,1.0138774991313386
438,1057,588,960,540,-97,-48,-0.03125,0.8030160340055179
439,1058,577,960,540,-98,-37,-0.0625,0.40359702660450003
440,1057,567,960,540,-97,-27,-0.03125,-0.012057572264546623
441,1058,564,960,540,-98,-24,-0.0625,-0.15246825619264137
442,1058,563,960,540,-98,-23,-0.0625,-0.17073828290780058
443,1057,564,960,540,-97,-24,-0.03125,-0.11619993511494275
444,1057,575,960,540,-97,-35,-0.03125,0.29937847010836405
445,1057,585,960,540,-97,-45,-0.03125,0.6713338998693227
446,1056,584,960,540,-96,-44,0.0,0.6207261640614778
447,1055,584,960,540,-95,-44,0.03125,0.6152573677240629
448,1055,584,960,540,-95,-44,0.03125,0.6198790124784197
449,1055,584,960,540,-95,-44,0.03125,0.6093120599155379
450,1055,583,960,540,-95,-43,0.03125,0.6220400587432809
451,1055,575,960,540,-95,-35,0.03125,0.3068450929866805
452,1057,565,960,540,-97,-25,-0.03125,-0.07840327154655458
453,1058,562,960,540,-98,-22,-0.0625,-0.181135947726911
454,1058,561,960,540,-98,-21,-0.0625,-0.21817298476394809
455,1059,563,960,540,-99,-23,-0.09375,-0.15864887895576918
456,1059,573,960,540,-99,-33,-0.09375,0.2036219967342543
457,1059,584,960,540,-99,-44,-0.09375,0.6053388509263891
458,1058,586,960,540,-98,-46,-0.0625,0.6969867161254246
459,1058,585,960,540,-98,-45,-0.0625,0.6239300027736083
460,1057,585,960,540,-97,-45,-0.03125,0.6408044506292121
461,1057,584,960,540,-97,-44,-0.03125,0.6294415826301178
462,1056,576,960,540,-96,-36,0.0,0.3417624934829494
463,1056,570,960,540,-96,-30,0.0,0.1195402712607273
464,1056,567,960,540,-96,-27,0.0,-0.03744954159909608
465,1057,564,960,540,-97,-24,-0.03125,-0.14748956480333208
466,1057,563,960,540,-97,-23,-0.03125,-0.16729714133420615
467,1058,563,960,540,-98,-23,-0.0625,-0.18588246585678725
468,1058,563,960,540,-98,-23,-0.0625,-0.17271829846611375
469,1058,564,960,540,-98,-24,-0.0625,-0.13568126142907677
470,1058,564,960,540,-98,-24,-0.0625,-0.1396990178248283
471,1058,564,960,540,-98,-24,-0.0625,-0.13226424437791184
472,1058,564,960,540,-98,-24,-0.0625,-0.12033183955711202
473,1058,563,960,540,-98,-23,-0.0625,-0.17841836129713395
474,1058,564,960,540,-98,-24,-0.0625,-0.13867423434970738
475,1058,564,960,540,-98,-24,-0.0625,-0.14066557375276467
476,1058,564,960,540,-98,-24,-0.0625,-0.15741365901700255
477,1058,563,960,540,-98,-23,-0.0625,-0.1764423446134864
478,1059,561,960,540,-99,-21,-0.09375,-0.21586822624234392
479,1059,557,960,540,-99,-17,-0.09375,-0.36025993470779494
480,1057,552,960,540,-97,-12,-0.03125,-0.5064022286732146
481,1056,549,960,540,-96,-9,0.0,-0.6343462103743811
482,1055,549,960,540,-95,-9,0.03125,-0.6396073041761698
483,1056,549,960,540,-96,-9,0.0,-0.6372732339303295
484,1057,551,960,540,-97,-11,-0.03125,-0.5848519811488269
485,1058,554,960,540,-98,-14,-0.0625,-0.47236247552976696
486,1058,565,960,540,-98,-25,-0.0625,-0.06953439473258949
487,1059,574,960,540,-99,-34,-0.09375,0.2714289215130796
488,1059,575,960,540,-99,-35,-0.09375,0.2981945112251032
489,1060,574,960,540,-100,-34,-0.125,0.2635361410986373
490,1060,574,960,540,-100,-34,-0.125,0.26559309061059033
491,1060,574,960,540,-100,-34,-0.125,0.26559309061059033
492,1060,574,960,540,-100,-34,-0.125,0.2620555559819301
493,1060,574,960,540,-100,-34,-0.125,0.2535425037360113
494,1059,573,960,540,-99,-33,-0.09375,0.22320516638841392
495,1059,573,960,540,-99,-33,-0.09375,0.21614567522034367
496,1060,573,960,540,-100,-33,-0.125,0.21772917322462138
497,1060,574,960,540,-100,-34,-0.125,0.2854359159711406
498,1060,574,960,540,-100,-34,-0.125,0.26285583400377854
499,1060,573,960,540,-100,-33,-0.125,0.23670977450257003
500,1060,573,960,540,-100,-33,-0.125,0.22605920253161482
501,1061,573,960,540,-101,-33,-0.15625,0.22862647487157284
502,1061,574,960,540,-101,-34,-0.15625,0.27591596385130857
503,1060,572,960,540,-100,-32,-0.125,0.14221055549204054
504,1061,571,960,540,-101,-31,-0.15625,0.13911348583052474
505,1061,572,960,540,-101,-32,-0.15625,0.1996522577869424
506,1061,572,960,540,-101,-32,-0.15625,0.15507031899142754
507,1060,571,960,540,-100,-31,-0.125,0.14170909892339378
508,1060,571,960,540,-100,-31,-0.125,0.1631865384326745
509,1060,572,960,540,-100,-32,-0.125,0.17558139186882693
510,1060,572,960,540,-100,-32,-0.125,0.17558139186882693
511,1060,572,960,540,-100,-32,-0.125,0.16586121351694993
512,1060,572,960,540,-100,-32,-0.125,0.1679373492876033
513,1060,572,960,540,-100,-32,-0.125,0.1723674741730019
514,1060,572,960,540,-100,-32,-0.125,0.1954555182735116
515,1060,572,960,540,-100,-32,-0.125,0.18291774005874806
516,1060,572,960,540,-100,-32,-0.125,0.1691520405705751
517,1060,572,960,540,-100,-32,-0.125,0.16702094312455174
518,1061,573,960,540,-101,-33,-0.15625,0.21908385433389266
519,1060,573,960,540,-100,-33,-0.125,0.2279935934902524
520,1060,573,960,540,-100,-33,-0.125,0.21860563278796197
521,1059,573,960,540,-99,-33,-0.09375,0.20556384241196435
522,1059,571,960,540,-99,-31,-0.09375,0.13775183975876004
523,1060,571,960,540,-100,-31,-0.125,0.13177786358111954
524,1060,572,960,540,-100,-32,-0.125,0.1571753470107593
525,1060,572,960,540,-100,-32,-0.125,0.17249263961742534
526,1061,572,960,540,-101,-32,-0.15625,0.17183138221764271
527,1061,572,960,540,-101,-32,-0.15625,0.15826138391146571
528,1061,572,960,540,-101,-32,-0.15625,0.1948587326564618
529,1061,571,960,540,-101,-31,-0.15625,0.14642639179712114
530,1061,571,960,540,-101,-31,-0.15625,0.15468124574354825
531,1061,571,960,540,-101,-31,-0.15625,0.14628198711009244
532,1060,571,960,540,-100,-31,-0.125,0.13511856243788056
533,1061,571,960,540,-101,-31,-0.15625,0.12409548998356668
534,1061,571,960,540,-101,-31,-0.15625,0.12656692802635083
535,1061,571,960,540,-101,-31,-0.15625,0.13047353722815558
536,1062,571,960,540,-102,-31,-0.1875,0.13307616492131946
537,1062,571,960,540,-102,-31,-0.1875,0.13056543178403923
538,1062,571,960,540,-102,-31,-0.1875,0.12288214136558007
539,1061,571,960,540,-101,-31,-0.15625,0.13981670879169483
540,1060,572,960,540,-100,-32,-0.125,0.17421817017852215
541,1060,572,960,540,-100,-32,-0.125,0.17542855739813712
542,1061,572,960,540,-101,-32,-0.15625,0.17100153232352677
543,1061,572,960,540,-101,-32,-0.15625,0.17393026677220091
544,1061,572,960,540,-101,-32,-0.15625,0.16639460674254303
545,1061,572,960,540,-101,-32,-0.15625,0.15373052365391393
546,1061,572,960,540,-101,-32,-0.15625,0.1536613861906011
547,1062,572,960,540,-102,-32,-0.1875,0.1536613861906011
548,1062,571,960,540,-102,-31,-0.1875,0.096317696653766
549,1062,571,960,540,-102,-31,-0.1875,0.13188489677714377
550,1062,571,960,540,-102,-31,-0.1875,0.11962462656543793
551,1062,572,960,540,-102,-32,-0.1875,0.17455529165483474
552,1062,572,960,540,-102,-32,-0.1875,0.1745363021798425
553,1062,572,960,540,-102,-32,-0.1875,0.18639774772174045
554,1062,573,960,540,-102,-33,-0.1875,0.22271022306140165
555,1061,573,960,540,-101,-33,-0.15625,0.2335049597716231
556,1061,573,960,540,-101,-33,-0.15625,0.22158186636194666
557,1062,573,960,540,-102,-33,-0.1875,0.22158186636194666
558,1062,573,960,540,-102,-33,-0.1875,0.23559689415325713
559,1062,573,960,540,-102,-33,-0.1875,0.21608491572409627
560,1062,573,960,540,-102,-33,-0.1875,0.21784048683621537
561,1062,573,960,540,-102,-33,-0.1875,0.24578167941074536
562,1062,573,960,540,-102,-33,-0.1875,0.23710477698192267
563,1062,573,960,540,-102,-33,-0.1875,0.22885727172524206
564,1062,573,960,540,-102,-33,-0.1875,0.19553949304827567
565,1061,573,960,540,-101,-33,-0.15625,0.24374808071512277
566,1061,573,960,540,-101,-33,-0.15625,0.23069446022653284
567,1061,574,960,540,-101,-34,-0.15625,0.2721781249125296
568,1061,574,960,540,-101,-34,-0.15625,0.29267384214636716
569,1061,573,960,540,-101,-33,-0.15625,0.23380700117151765
570,1061,573,960,540,-101,-33,-0.15625,0.24120932574653176
571,1061,573,960,540,-101,-33,-0.15625,0.22624458094368494
572,1062,573,960,540,-102,-33,-0.1875,0.2328413940875168
573,1061,573,960,540,-101,-33,-0.15625,0.24132841849634934
574,1061,573,960,540,-101,-33,-0.15625,0.23978236922040264
575,1061,573,960,540,-101,-33,-0.15625,0.24642021224891897
576,1062,574,960,540,-102,-34,-0.1875,0.2730527595096963
577,1061,573,960,540,-101,-33,-0.15625,0.258417181400299
578,1061,573,960,540,-101,-33,-0.15625,0.23348961926767708
579,1061,572,960,540,-101,-32,-0.15625,0.1979835365855962
580,1062,572,960,540,-102,-32,-0.1875,0.21133401433496868
581,1062,573,960,540,-102,-33,-0.1875,0.23919835410055545
582,1062,573,960,540,-102,-33,-0.1875,0.25909947429898994
583,1061,573,960,540,-101,-33,-0.15625,0.24617157699142445
584,1061,573,960,540,-101,-33,-0.15625,0.25374365270551635
585,1061,572,960,540,-101,-32,-0.15625,0.2037333657640935
586,1061,572,960,540,-101,-32,-0.15625,0.1995768851635752
587,1061,573,960,540,-101,-33,-0.15625,0.21237069282907894
588,1061,573,960,540,-101,-33,-0.15625,0.24465045808019714
589,1062,573,960,540,-102,-33,-0.1875,0.24465045808019714
590,1062,573,960,540,-102,-33,-0.1875,0.2329151463396295
591,1061,572,960,540,-101,-32,-0.15625,0.1702605331438587
592,1061,572,960,540,-101,-32,-0.15625,0.17409193419422309
593,1061,571,960,540,-101,-31,-0.15625,0.14663233075658866
594,1061,571,960,540,-101,-31,-0.15625,0.15056754480286116
595,1061,571,960,540,-101,-31,-0.15625,0.16576688094603498
596,1060,571,960,540,-100,-31,-0.125,0.1757736583547772
597,1060,572,960,540,-100,-32,-0.125,0.20074251950919297
598,1060,571,960,540,-100,-31,-0.125,0.14227418548954307
599,1060,571,960,540,-100,-31,-0.125,0.14735498704388728
600,1061,571,960,540,-101,-31,-0.15625,0.1485775364434453
601,1061,572,960,540,-101,-32,-0.15625,0.2126827008857145
602,1061,571,960,540,-101,-31,-0.15625,0.1401549547932912
603,1061,571,960,540,-101,-31,-0.15625,0.1637106991819992
604,1060,571,960,540,-100,-31,-0.125,0.16083246109519378
605,1060,571,960,540,-100,-31,-0.125,0.1393745302301106
606,1060,572,960,540,-100,-32,-0.125,0.16355539477243108
607,1060,573,960,540,-100,-33,-0.125,0.2157359633152065
608,1060,573,960,540,-100,-33,-0.125,0.2157359633152065
609,1060,573,960,540,-100,-33,-0.125,0.2193230835463027
610,1061,571,960,540,-101,-31,-0.15625,0.16242269455439584
611,1061,571,960,540,-101,-31,-0.15625,0.15536302506967692
612,1061,572,960,540,-101,-32,-0.15625,0.16424540198783522
613,1061,572,960,540,-101,-32,-0.15625,0.15491290696227233
614,1062,571,960,540,-102,-31,-0.1875,0.12592142887221924
615,1061,571,960,540,-101,-31,-0.15625,0.13612122378538394
616,1061,571,960,540,-101,-31,-0.15625,0.13096067041423276
617,1061,572,960,540,-101,-32,-0.15625,0.20331847898985222
618,1061,572,960,540,-101,-32,-0.15625,0.1724754837528062
619,1061,572,960,540,-101,-32,-0.15625,0.16932928011726145
620,1060,571,960,540,-100,-31,-0.125,0.1577227512073307
621,1060,571,960,540,-100,-31,-0.125,0.1680635214393451
622,1060,572,960,540,-100,-32,-0.125,0.19879137794849422
623,1061,572,960,540,-101,-32,-0.15625,0.19240704206221093
624,1061,572,960,540,-101,-32,-0.15625,0.15675184361074646
625,1062,571,960,540,-102,-31,-0.1875,0.11360160320437851
626,1058,448,960,540,-98,92,-0.0625,-4.319977622464312
627,1058,448,960,540,-98,92,-0.0625,-4.298813271316285
628,1058,447,960,540,-98,93,-0.0625,-4.328398177600767
629,1057,447,960,540,-97,93,-0.03125,-4.320830328719149
630,1057,447,960,540,-97,93,-0.03125,-4.315209310370535
631,1056,448,960,540,-96,92,0.0,-4.301271674585668
632,1056,466,960,540,-96,74,0.0,-3.613629157079975
633,1056,489,960,540,-96,51,0.0,-2.76725830736647
634,1056,494,960,540,-96,46,0.0,-2.576341726339654
635,1056,495,960,540,-96,45,0.0,-2.5393046893026168
636,1056,495,960,540,-96,45,0.0,-2.560582860001908
637,1056,501,960,540,-96,39,0.0,-2.2989638124038896
638,1056,512,960,540,-96,28,0.0,-1.9113749620824936
639,1057,520,960,540,-97,20,-0.03125,-1.6608952820032767
640,1057,523,960,540,-97,17,-0.03125,-1.5280603836288051
641,1057,524,960,540,-97,16,-0.03125,-1.506089221148757
642,1057,525,960,540,-97,15,-0.03125,-1.4525128800545548
643,1057,524,960,540,-97,16,-0.03125,-1.4833422939623522
644,1058,523,960,540,-98,17,-0.0625,-1.5492845379967122
645,1058,523,960,540,-98,17,-0.0625,-1.5173308486733428
646,1058,524,960,540,-98,16,-0.0625,-1.483239462592259
647,1057,527,960,540,-97,13,-0.03125,-1.3539188373867932
648,1057,537,960,540,-97,3,-0.03125,-0.9759527964419923
649,1057,549,960,540,-97,-9,-0.03125,-0.5324106113970488
650,1058,554,960,540,-98,-14,-0.0625,-0.34582557524727275
651,1058,554,960,540,-98,-14,-0.0625,-0.34106301488216917
652,1059,554,960,540,-99,-14,-0.09375,-0.352140546714623
653,1059,554,960,540,-99,-14,-0.09375,-0.33909266582302744
654,1059,554,960,540,-99,-14,-0.09375,-0.3371250459521703
655,1058,548,960,540,-98,-8,-0.0625,-0.5752956122838967
656,1058,539,960,540,-98,1,-0.0625,-0.9217988604940144
657,1058,536,960,540,-98,4,-0.0625,-1.0298220095369721
658,1058,536,960,540,-98,4,-0.0625,-1.0351770659171446
659,1058,536,960,540,-98,4,-0.0625,-1.0123405114083668
660,1058,541,960,540,-98,-1,-0.0625,-0.8479138738590197
661,1058,550,960,540,-98,-10,-0.0625,-0.509745942213871
662,1058,554,960,540,-98,-14,-0.0625,-0.3470061778514756
663,1058,554,960,540,-98,-14,-0.0625,-0.33980521000627584
664,1058,554,960,540,-98,-14,-0.0625,-0.3403739450196811
665,1058,554,960,540,-98,-14,-0.0625,-0.3495430208042163
666,1058,554,960,540,-98,-14,-0.0625,-0.3479630318696144
667,1058,554,960,540,-98,-14,-0.0625,-0.3578924710724207
668,1058,554,960,540,-98,-14,-0.0625,-0.35926329739224594
669,1058,554,960,540,-98,-14,-0.0625,-0.3491470779380892
670,1058,553,960,540,-98,-13,-0.0625,-0.37315682499347075
671,1058,553,960,540,-98,-13,-0.0625,-0.39665359724608834
672,1058,553,960,540,-98,-13,-0.0625,-0.37087921964163223
673,1058,554,960,540,-98,-14,-0.0625,-0.3428799038245077
674,1058,554,960,540,-98,-14,-0.0625,-0.3371125397499458
675,1058,554,960,540,-98,-14,-0.0625,-0.34758186436603367
676,1058,554,960,540,-98,-14,-0.0625,-0.3449926707167039
677,1059,554,960,540,-99,-14,-0.09375,-0.34832665871875923
678,1059,554,960,540,-99,-14,-0.09375,-0.3402810130378625
679,1059,554,960,540,-99,-14,-0.09375,-0.32726327007664857
680,1049,268,960,540,-89,272,0.21875,-11.446686462218183
681,1049,268,960,540,-89,272,0.21875,-11.446686462218183
682,1049,268,960,540,-89,272,0.21875,-11.446686462218183
683,1049,268,960,540,-89,272,0.21875,-11.454180928934013
684,1049,268,960,540,-89,272,0.21875,-11.44528967345839
685,1049,274,960,540,-89,266,0.21875,-11.24565745852067
686,1050,306,960,540,-90,234,0.1875,-10.10260507806016
687,1050,351,960,540,-90,189,0.1875,-8.419912473993495
688,1051,382,960,540,-91,158,0.15625,-7.255004709963867
689,1050,402,960,540,-90,138,0.1875,-6.492457485421394
690,1051,413,960,540,-91,127,0.15625,-6.092835872828048
691,1051,418,960,540,-91,122,0.15625,-5.909411370556325
692,1050,427,960,540,-90,113,0.1875,-5.543504754974897
693,1050,459,960,540,-90,81,0.1875,-4.417804646737945
694,1051,493,960,540,-91,47,0.15625,-3.117298663669411
695,1051,502,960,540,-91,38,0.15625,-2.791143234632068
696,1051,505,960,540,-91,35,0.15625,-2.6533855499382475
697,1051,505,960,540,-91,35,0.15625,-2.669432795704103
698,1051,505,960,540,-91,35,0.15625,-2.670570978075985
699,1051,505,960,540,-91,35,0.15625,-2.6679448296402914
700,1051,505,960,540,-91,35,0.15625,-2.6628567634808586
701,1051,505,960,540,-91,35,0.15625,-2.6715682904690405
702,1051,506,960,540,-91,34,0.15625,-2.6477497001792036
703,1051,506,960,540,-91,34,0.15625,-2.6446821597324393
704,1051,511,960,540,-91,29,0.15625,-2.4573201156455915
705,1051,522,960,540,-91,18,0.15625,-2.0264531420133376
706,1052,529,960,540,-92,11,0.125,-1.7558584527881127
707,1052,529,960,540,-92,11,0.125,-1.7634728515552287
708,1051,528,960,540,-91,12,0.15625,-1.790320612488295
709,1050,527,960,540,-90,13,0.1875,-1.803410720942233
710,1051,526,960,540,-91,14,0.15625,-1.832092630704374
711,1050,524,960,540,-90,16,0.1875,-1.9124214279843272
712,1050,525,960,540,-90,15,0.1875,-1.9148938724866742
713,1051,525,960,540,-91,15,0.15625,-1.9261837734479135
714,1052,528,960,540,-92,12,0.125,-1.8273256262827418
715,1051,536,960,540,-91,4,0.15625,-1.5294535776923925
716,1051,547,960,540,-91,-7,0.15625,-1.104453206694503
717,1052,554,960,540,-92,-14,0.125,-0.8342985207612789
718,1052,556,960,540,-92,-16,0.125,-0.774915670379642
719,1051,557,960,540,-91,-17,0.15625,-0.7277533222763333
720,1050,557,960,540,-90,-17,0.1875,-0.7185833454719026
721,1050,557,960,540,-90,-17,0.1875,-0.7080623033930089
722,1049,557,960,540,-89,-17,0.21875,-0.7030956815196807
723,1049,557,960,540,-89,-17,0.21875,-0.6888345207197557
724,1049,557,960,540,-89,-17,0.21875,-0.6637754346135891
725,1048,557,960,540,-88,-17,0.25,-0.6679214463346674
726,1048,558,960,540,-88,-18,0.25,-0.6464411036461212
727,1049,558,960,540,-89,-18,0.21875,-0.6464411036461212
728,1049,558,960,540,-89,-18,0.21875,-0.6366645759084554
729,1049,558,960,540,-89,-18,0.21875,-0.6516838411051699
730,1050,558,960,540,-90,-18,0.1875,-0.6683784195412007
731,1051,558,960,540,-91,-18,0.15625,-0.68688413198579
732,1051,557,960,540,-91,-17,0.15625,-0.7175840958030042
733,1052,557,960,540,-92,-17,0.125,-0.6995721754199211
734,1053,557,960,540,-93,-17,0.09375,-0.6977506922502994
735,1054,558,960,540,-94,-18,0.0625,-0.6656169376068991
736,1053,558,960,540,-93,-18,0.09375,-0.67673751927491
737,1053,558,960,540,-93,-18,0.09375,-0.7039557111851141
738,1052,558,960,540,-92,-18,0.125,-0.711192395395028
739,1052,558,960,540,-92,-18,0.125,-0.7223251433441397
740,1052,559,960,540,-92,-19,0.125,-0.6809954766798354
741,1051,559,960,540,-91,-19,0.15625,-0.6695203403514884
742,1050,558,960,540,-90,-18,0.1875,-0.7209629158395984
743,1050,560,960,540,-90,-20,0.1875,-0.664621266029213
744,1049,569,960,540,-89,-29,0.21875,-0.32495088015699936
745,1047,580,960,540,-87,-40,0.28125,0.10411457057819073
746,1046,585,960,540,-86,-45,0.3125,0.32634936153253413
747,1045,585,960,540,-85,-45,0.34375,0.3172762725415137
748,1045,585,960,540,-85,-45,0.34375,0.33480917599938786
749,1044,583,960,540,-84,-43,0.375,0.26682627656293456
750,1043,577,960,540,-83,-37,0.40625,0.017513012916085424
751,1043,573,960,540,-83,-33,0.40625,-0.14235482881036932
752,1043,572,960,540,-83,-32,0.40625,-0.19854170126066362
753,1043,572,960,540,-83,-32,0.40625,-0.2054655670040071
754,1043,572,960,540,-83,-32,0.40625,-0.21494354807534877
755,1043,571,960,540,-83,-31,0.40625,-0.23445468192733165
756,1043,570,960,540,-83,-30,0.40625,-0.25063078146530504
757,1043,569,960,540,-83,-29,0.40625,-0.28013426139855113
758,1043,568,960,540,-83,-28,0.40625,-0.32342532760970033
759,1043,568,960,540,-83,-28,0.40625,-0.3373314697253067
760,1043,569,960,540,-83,-29,0.40625,-0.29334573037708367
761,1043,569,960,540,-83,-29,0.40625,-0.2783146416406652
762,1044,570,960,540,-84,-30,0.375,-0.25116758685109564
763,1044,570,960,540,-84,-30,0.375,-0.22914082102054034
764,1044,570,960,540,-84,-30,0.375,-0.23756657119220748
765,1045,571,960,540,-85,-31,0.34375,-0.2005295341551705
766,1045,571,960,540,-85,-31,0.34375,-0.21594554146484568
767,1045,571,960,540,-85,-31,0.34375,-0.21948437368880636
768,1044,572,960,540,-84,-32,0.375,-0.17615415953068925
769,1044,572,960,540,-84,-32,0.375,-0.157930903552844
770,1044,572,960,540,-84,-32,0.375,-0.17822506375218716
771,1044,572,960,540,-84,-32,0.375,-0.20265256986575686
772,1044,572,960,540,-84,-32,0.375,-0.18237618907228348
773,1043,571,960,540,-83,-31,0.40625,-0.22137988964694566
774,1043,570,960,540,-83,-30,0.40625,-0.25841692668398264
775,1043,570,960,540,-83,-30,0.40625,-0.24810791657619435
776,1044,568,960,540,-84,-28,0.375,-0.2903786301012765
777,1045,568,960,540,-85,-28,0.34375,-0.32345693008131016
778,1044,568,960,540,-84,-28,0.375,-0.3224800445049487
779,1044,568,960,540,-84,-28,0.375,-0.32977841483284687
780,1045,569,960,540,-85,-29,0.34375,-0.2838067655419041
781,1046,569,960,540,-86,-29,0.3125,-0.2742794393469432
782,1046,568,960,540,-86,-28,0.3125,-0.28654365092521683
783,1047,566,960,540,-87,-26,0.28125,-0.36800081518931804
784,1047,565,960,540,-87,-25,0.28125,-0.4198714853436105
785,1048,565,960,540,-88,-25,0.25,-0.42958522433824875
786,1048,566,960,540,-88,-26,0.25,-0.4099085060271549
787,1047,567,960,540,-87,-27,0.28125,-0.3695233827494431
788,1048,567,960,540,-88,-27,0.25,-0.36581751414201946
789,1048,567,960,540,-88,-27,0.25,-0.3755457223880103
790,1048,568,960,540,-88,-28,0.25,-0.3522992342219482
791,1049,568,960,540,-89,-28,0.21875,-0.3509023824285833
792,1050,568,960,540,-90,-28,0.1875,-0.3248745672400235
793,1051,567,960,540,-91,-27,0.15625,-0.35566830669988514
794,1051,567,960,540,-91,-27,0.15625,-0.3539117744649498
795,1051,567,960,540,-91,-27,0.15625,-0.3552771811550981
796,1052,567,960,540,-92,-27,0.125,-0.374277446285052
797,1052,568,960,540,-92,-28,0.125,-0.3456802907540353
798,1052,569,960,540,-92,-29,0.125,-0.32063825469621254
799,1052,570,960,540,-92,-30,0.125,-0.28466679178648757
800,1052,570,960,540,-92,-30,0.125,-0.2609223304307857
801,1052,571,960,540,-92,-31,0.125,-0.21959991706118664
802,1051,571,960,540,-91,-31,0.15625,-0.24865251605257543
803,1051,572,960,540,-91,-32,0.15625,-0.21862773211690256
804,1051,571,960,540,-91,-31,0.15625,-0.23266597371140185
805,1051,570,960,540,-91,-30,0.15625,-0.25395816132712534
806,1051,570,960,540,-91,-30,0.15625,-0.2597250081640943
807,1051,570,960,540,-91,-30,0.15625,-0.26214194763922616
808,1051,572,960,540,-91,-32,0.15625,-0.19134325992778245
809,1051,573,960,540,-91,-33,0.15625,-0.1652170145181484
810,1051,575,960,540,-91,-35,0.15625,-0.10559120800772814
811,1050,576,960,540,-90,-36,0.1875,-0.06936874950199967
812,1048,577,960,540,-88,-37,0.25,-0.021069452062423055
813,1047,577,960,540,-87,-37,0.28125,-0.014923067856835726
814,1047,577,960,540,-87,-37,0.28125,-0.028604187430954386
815,1048,577,960,540,-88,-37,0.25,-0.021846323210722662
816,1049,578,960,540,-89,-38,0.21875,0.019608287492397514
817,1049,578,960,540,-89,-38,0.21875,0.019608287492397514
818,1048,578,960,540,-88,-38,0.25,0.013151465963117781
819,1048,578,960,540,-88,-38,0.25,0.02460821649447764
820,1049,578,960,540,-89,-38,0.21875,0.011585565636885953
821,1048,577,960,540,-88,-37,0.25,-0.030683772924918085
822,1048,577,960,540,-88,-37,0.25,-0.02747156226578573
823,1048,577,960,540,-88,-37,0.25,-0.028284846899553573
824,1048,577,960,540,-88,-37,0.25,-0.021376263003088702
825,1048,577,960,540,-88,-37,0.25,-0.02395122442215669
826,1048,577,960,540,-88,-37,0.25,-0.030712639601097935
827,1048,577,960,540,-88,-37,0.25,-0.03110333586687064
828,1048,579,960,540,-88,-39,0.25,0.06819075859746615
829,1048,580,960,540,-88,-40,0.25,0.11616130463428376
830,1048,582,960,540,-88,-42,0.25,0.18228749665892785
831,1048,583,960,540,-88,-43,0.25,0.227071154388524
832,1049,583,960,540,-89,-43,0.21875,0.21419919939878818
833,1050,583,960,540,-90,-43,0.1875,0.21753092924651485
834,1051,583,960,540,-91,-43,0.15625,0.21521982934231332
835,1051,584,960,540,-91,-44,0.15625,0.2557585041736814
836,1051,584,960,540,-91,-44,0.15625,0.25344042193686556
837,1051,585,960,540,-91,-45,0.15625,0.2876885518648524
838,1051,585,960,540,-91,-45,0.15625,0.2898317605530967
839,1051,585,960,540,-91,-45,0.15625,0.29172179621838845
840,1050,585,960,540,-90,-45,0.1875,0.28488087954390195
841,1050,584,960,540,-90,-44,0.1875,0.25274114771147915
842,1050,584,960,540,-90,-44,0.1875,0.2787624426021633
843,1049,584,960,540,-89,-44,0.21875,0.27124920334750624
844,1048,584,960,540,-88,-44,0.25,0.26474687958920784
845,1047,585,960,540,-87,-45,0.28125,0.29871250222182244
846,1047,584,960,540,-87,-44,0.28125,0.2700980727370639
847,1047,583,960,540,-87,-43,0.28125,0.21301461049999837
848,1048,582,960,540,-88,-42,0.25,0.18273429134577102
849,1049,581,960,540,-89,-41,0.21875,0.1399516440357207
850,1050,580,960,540,-90,-40,0.1875,0.08405458239690011
851,1050,579,960,540,-90,-39,0.1875,0.05082382732439483
852,1051,578,960,540,-91,-38,0.15625,0.006430261573719065
853,1050,578,960,540,-90,-38,0.1875,0.016911674387693587
854,1050,577,960,540,-90,-37,0.1875,-0.020125362649343614
855,1050,577,960,540,-90,-37,0.1875,-0.031782225252385166
856,1050,577,960,540,-90,-37,0.1875,-0.03294555838879587
857,1050,578,960,540,-90,-38,0.1875,0.015013172509160677
858,1050,578,960,540,-90,-38,0.1875,0.012648899660816726
859,1050,577,960,540,-90,-37,0.1875,-0.02151976395204014
860,1050,577,960,540,-90,-37,0.1875,-0.025345148152481123
861,1050,577,960,540,-90,-37,0.1875,-0.012347015930399108
862,1050,578,960,540,-90,-38,0.1875,0.02756706231466599
863,1050,578,960,540,-90,-38,0.1875,0.02756706231466599
864,1049,577,960,540,-89,-37,0.21875,-0.0024157636167254637
865,1048,576,960,540,-88,-36,0.25,-0.03051857097310684
866,1048,576,960,540,-88,-36,0.25,-0.03788467926378636
867,1048,576,960,540,-88,-36,0.25,-0.05413102889462107
868,1048,576,960,540,-88,-36,0.25,-0.052867113097864404
869,1047,577,960,540,-87,-37,0.28125,-0.02493468870857596
870,1047,577,960,540,-87,-37,0.28125,-0.042524402560508046
871,1047,577,960,540,-87,-37,0.28125,-0.04165561894291092
872,1048,578,960,540,-88,-38,0.25,0.004448577398236342
873,1047,577,960,540,-87,-37,0.28125,-0.042034323103905535
874,1047,577,960,540,-87,-37,0.28125,-0.0696558057312664
875,1048,577,960,540,-88,-37,0.25,-0.06020120638813631
876,1049,576,960,540,-89,-36,0.21875,-0.08039115060951496
877,1050,575,960,540,-90,-35,0.1875,-0.09442894553934766
878,1050,573,960,540,-90,-33,0.1875,-0.1531677622116996
879,1050,571,960,540,-90,-31,0.1875,-0.21899676775229082
880,1049,569,960,540,-89,-29,0.21875,-0.28357686470668075
881,1048,567,960,540,-88,-27,0.25,-0.3500183313032861
882,1047,567,960,540,-87,-27,0.28125,-0.37960890690107196
883,1046,568,960,540,-86,-28,0.3125,-0.3519242228580366
884,1047,569,960,540,-87,-29,0.28125,-0.31728342539656573
885,1047,569,960,540,-87,-29,0.28125,-0.3403186968701968
886,1048,569,960,540,-88,-29,0.25,-0.32609314180085436
887,1049,569,960,540,-89,-29,0.21875,-0.3096520425883056
888,1049,568,960,540,-89,-28,0.21875,-0.3435332452968618
889,1050,568,960,540,-90,-28,0.1875,-0.3561369067903577
890,1050,568,960,540,-90,-28,0.1875,-0.3650217377061902
891,1050,569,960,540,-90,-29,0.1875,-0.3247119493650297
892,1051,569,960,540,-91,-29,0.15625,-0.2949636276661338
893,1052,570,960,540,-92,-30,0.125,-0.2504771528983467
894,1052,571,960,540,-92,-31,0.125,-0.20492069894481846
895,1053,571,960,540,-93,-31,0.09375,-0.2180109675081856
896,1053,572,960,540,-93,-32,0.09375,-0.21578644178653872
897,1053,574,960,540,-93,-34,0.09375,-0.1319897363855984
898,1053,575,960,540,-93,-35,0.09375,-0.11444848144282771
899,1053,576,960,540,-93,-36,0.09375,-0.07741144440579073
900,1053,576,960,540,-93,-36,0.09375,-0.02208273057417376
901,1052,577,960,540,-92,-37,0.125,-0.008891865770790375
902,1052,577,960,540,-92,-37,0.125,0.0237473704853437
903,1052,577,960,540,-92,-37,0.125,0.013003779396821402
904,1051,577,960,540,-91,-37,0.15625,0.006588830100079823
905,1052,576,960,540,-92,-36,0.125,-0.025133942723894798
906,1052,576,960,540,-92,-36,0.125,-0.02558071227075298
907,1052,575,960,540,-92,-35,0.125,-0.10887057575832904
908,1053,575,960,540,-93,-35,0.09375,-0.10887057575832904
909,1052,575,960,540,-92,-35,0.125,-0.07348767268608625
910,1050,575,960,540,-90,-35,0.1875,-0.05112359567589597
911,1049,576,960,540,-89,-36,0.21875,-0.04491005260125336
912,1048,578,960,540,-88,-38,0.25,-0.009686906420919073
913,1047,579,960,540,-87,-39,0.28125,0.05772031847556569
914,1047,579,960,540,-87,-39,0.28125,0.09326516565837673
915,1048,579,960,540,-88,-39,0.25,0.0887704873975883
916,1048,579,960,540,-88,-39,0.25,0.08620386707252137
917,1049,580,960,540,-89,-40,0.21875,0.10214236243023
918,1049,581,960,540,-89,-41,0.21875,0.11163320819746891
919,1048,582,960,540,-88,-42,0.25,0.18545891080250687
920,1048,582,960,540,-88,-42,0.25,0.16094375221884838
921,1047,581,960,540,-87,-41,0.28125,0.1387560978945681
922,1047,581,960,540,-87,-41,0.28125,0.15483430181626834
923,1048,581,960,540,-88,-41,0.25,0.12874739860883233
924,1048,581,960,540,-88,-41,0.25,0.13136316502459167
925,1048,581,960,540,-88,-41,0.25,0.17408379929881868
926,1048,580,960,540,-88,-40,0.25,0.13207354524474857
927,1049,581,960,540,-89,-41,0.21875,0.1333226829492955
928,1051,581,960,540,-91,-41,0.15625,0.1083532472960671
929,1053,582,960,540,-93,-42,0.09375,0.15217860480018408
930,1054,584,960,540,-94,-44,0.0625,0.24516638234089294
931,1055,585,960,540,-95,-45,0.03125,0.28856611684533084
932,1055,585,960,540,-95,-45,0.03125,0.28113874093115543
933,1054,585,960,540,-94,-45,0.0625,0.2834484354547633
934,1053,586,960,540,-93,-46,0.09375,0.31512531881495565
935,1053,587,960,540,-93,-47,0.09375,0.37840723088851336
936,1053,589,960,540,-93,-49,0.09375,0.4562189370749017
937,1053,589,960,540,-93,-49,0.09375,0.47308354173491285
938,1053,590,960,540,-93,-50,0.09375,0.5133698196129461
939,1053,590,960,540,-93,-50,0.09375,0.5173904472122777
940,1052,590,960,540,-92,-50,0.125,0.5022126429876554
941,1051,589,960,540,-91,-49,0.15625,0.47249205451815257
942,1050,587,960,540,-90,-47,0.1875,0.4028834277011759
943,1049,586,960,540,-89,-46,0.21875,0.3430925268990275
944,1047,586,960,540,-87,-46,0.28125,0.34481922432298195
945,1046,585,960,540,-86,-45,0.3125,0.294423900416263
946,1046,585,960,540,-86,-45,0.3125,0.29018668809362635
947,1046,585,960,540,-86,-45,0.3125,0.2817133301240773
948,1046,586,960,540,-86,-46,0.3125,0.34135871119391026
949,1046,586,960,540,-86,-46,0.3125,0.3525963611330247
950,1047,585,960,540,-87,-45,0.28125,0.29039566982096665
951,1047,585,960,540,-87,-45,0.28125,0.2997537929427354
952,1047,584,960,540,-87,-44,0.28125,0.2668824362921256
953,1048,584,960,540,-88,-44,0.25,0.2696730357659649
954,1047,584,960,540,-87,-44,0.28125,0.2696730357659649
955,1047,584,960,540,-87,-44,0.28125,0.26944833302391036
956,1046,585,960,540,-86,-45,0.3125,0.30275573491487107
957,1045,585,960,540,-85,-45,0.34375,0.2769808101185445
958,1045,585,960,540,-85,-45,0.34375,0.2759442467180797
959,1045,585,960,540,-85,-45,0.34375,0.29801926832849857
960,1045,584,960,540,-85,-44,0.34375,0.2747765049667372
961,1047,584,960,540,-87,-44,0.28125,0.2663044089867206
962,1048,585,960,540,-88,-45,0.25,0.27682468374795
963,1048,584,960,540,-88,-44,0.25,0.2493259205650149
964,1049,585,960,540,-89,-45,0.21875,0.26923764106350156
965,1050,584,960,540,-90,-44,0.1875,0.23190890609415038
966,1050,584,960,540,-90,-44,0.1875,0.22425438890783922
967,1051,584,960,540,-91,-44,0.15625,0.24725666742624264
968,1050,583,960,540,-90,-43,0.1875,0.22972454030924272
969,1049,583,960,540,-89,-43,0.21875,0.23990797088338356
970,1049,583,960,540,-89,-43,0.21875,0.2346178039571667
971,1048,582,960,540,-88,-42,0.25,0.19367876360100245
972,1047,582,960,540,-87,-42,0.28125,0.166725689058985
973,1045,581,960,540,-85,-41,0.34375,0.13287741554333565
974,1044,582,960,540,-84,-42,0.375,0.18411534232394122
975,1044,582,960,540,-84,-42,0.375,0.17687261376135766
976,1043,584,960,540,-83,-44,0.40625,0.24940288920234543
977,1041,585,960,540,-81,-45,0.46875,0.314179933495794
978,1040,584,960,540,-80,-44,0.5,0.275548549578011
979,1040,582,960,540,-80,-42,0.5,0.1914118094225159
980,1041,581,960,540,-81,-41,0.46875,0.1676869720613654
981,1041,581,960,540,-81,-41,0.46875,0.1737030224246925
982,1044,582,960,540,-84,-42,0.375,0.18845654988392258
983,1059,582,960,540,-99,-42,-0.09375,0.1988420481902804
984,1069,582,960,540,-109,-42,-0.40625,0.22914299369735036
985,1063,582,960,540,-103,-42,-0.21875,0.21448205896430128
986,1052,581,960,540,-92,-41,0.125,0.16915116841562128
987,1042,582,960,540,-82,-42,0.4375,0.2207203940389726
988,1039,582,960,540,-79,-42,0.53125,0.20389134213899007
989,1039,581,960,540,-79,-41,0.53125,0.16963086531474758
990,1039,580,960,540,-79,-40,0.53125,0.1325938282777106
991,1040,580,960,540,-80,-40,0.5,0.12680611395274854
992,1044,580,960,540,-84,-40,0.375,0.09511157151397498
993,1053,579,960,540,-93,-39,0.09375,0.05277580002328852
994,1063,580,960,540,-103,-40,-0.21875,0.10875645123441924
995,1067,580,960,540,-107,-40,-0.34375,0.10916449505491954
996,1066,581,960,540,-106,-41,-0.3125,0.16185391835052743
997,1065,582,960,540,-105,-42,-0.28125,0.20301242474531822
998,1065,583,960,540,-105,-43,-0.28125,0.23766116372119384
999,1065,583,960,540,-105,-43,-0.28125,0.23766116372119384
1000,1064,583,960,540,-104,-43,-0.25,0.22960683960476036
1001,1063,583,960,540,-103,-43,-0.21875,0.2276002535010786
1002,1063,583,960,540,-103,-43,-0.21875,0.22172898457653356
1003,1063,583,960,540,-103,-43,-0.21875,0.21605542318130633
1004,1063,584,960,540,-103,-44,-0.21875,0.24841776379263014
1005,1063,584,960,540,-103,-44,-0.21875,0.2495395734254382
1006,1063,585,960,540,-103,-45,-0.21875,0.293864824443014
1007,1063,585,960,540,-103,-45,-0.21875,0.29512584316816737
1008,1062,585,960,540,-102,-45,-0.1875,0.296841201748858
1009,1062,585,960,540,-102,-45,-0.1875,0.2916139209163031
1010,1062,585,960,540,-102,-45,-0.1875,0.2938321140239559
1011,1062,585,960,540,-102,-45,-0.1875,0.29044797960649515
1012,1062,585,960,540,-102,-45,-0.1875,0.3126375548918925
1013,1062,585,960,540,-102,-45,-0.1875,0.3062784510118941
1014,1063,585,960,540,-103,-45,-0.21875,0.30819593307826976
1015,1064,585,960,540,-104,-45,-0.25,0.2910542889924741
1016,1064,584,960,540,-104,-44,-0.25,0.27903696007199374
1017,1064,584,960,540,-104,-44,-0.25,0.27983679976938736
1018,1065,584,960,540,-105,-44,-0.28125,0.28884525325826194
1019,1066,584,960,540,-106,-44,-0.3125,0.30271285886687993
1020,1066,584,960,540,-106,-44,-0.3125,0.30348966716457526
1021,1065,585,960,540,-105,-45,-0.28125,0.32167521822963585
1022,1065,584,960,540,-105,-44,-0.28125,0.29504777006550054
1023,1066,583,960,540,-106,-43,-0.3125,0.2541574185888784
1024,1066,583,960,540,-106,-43,-0.3125,0.26564650513677024
1025,1067,583,960,540,-107,-43,-0.34375,0.2623060916851523
1026,1067,583,960,540,-107,-43,-0.34375,0.25526180344397
1027,1067,584,960,540,-107,-44,-0.34375,0.30516718873258064
1028,1067,583,960,540,-107,-43,-0.34375,0.2768709950283008
1029,1067,582,960,540,-107,-42,-0.34375,0.2180044697919683
1030,1067,582,960,540,-107,-42,-0.34375,0.22233603913617395
1031,1067,583,960,540,-107,-43,-0.34375,0.2458034611366009
1032,1067,583,960,540,-107,-43,-0.34375,0.24283000189438742
1033,1067,583,960,540,-107,-43,-0.34375,0.2401125682579559
1034,1066,584,960,540,-106,-44,-0.3125,0.2676724712948131
1035,1066,584,960,540,-106,-44,-0.3125,0.2676724712948131
1036,1066,583,960,540,-106,-43,-0.3125,0.2672265187841547
1037,1066,583,960,540,-106,-43,-0.3125,0.2641187602224848
1038,1066,583,960,540,-106,-43,-0.3125,0.27561444731178897
1039,1067,583,960,540,-107,-43,-0.34375,0.2505530829773681
1040,1067,584,960,540,-107,-44,-0.34375,0.2886674989829743
1041,1068,584,960,540,-108,-44,-0.375,0.2668332482173146
1042,1068,584,960,540,-108,-44,-0.375,0.2620593309454555
1043,1069,584,960,540,-109,-44,-0.40625,0.2951676344287726
1044,1068,585,960,540,-108,-45,-0.375,0.33220467146580956
1045,1068,585,960,540,-108,-45,-0.375,0.28189059901459435
1046,1069,585,960,540,-109,-45,-0.40625,0.29096205415538146
1047,1068,585,960,540,-108,-45,-0.375,0.328944994628668
1048,1068,585,960,540,-108,-45,-0.375,0.31736584526781964
1049,1068,585,960,540,-108,-45,-0.375,0.32688872830896476
1050,1068,586,960,540,-108,-46,-0.375,0.3628718518268097
1051,1068,585,960,540,-108,-45,-0.375,0.3020433151701669
1052,1068,585,960,540,-108,-45,-0.375,0.29884688226421763
1053,1068,585,960,540,-108,-45,-0.375,0.29149506432961725
1054,1069,585,960,540,-109,-45,-0.40625,0.29897343044534375
1055,1069,585,960,540,-109,-45,-0.40625,0.3162022576555026
1056,1069,585,960,540,-109,-45,-0.40625,0.332485387691974
1057,1069,585,960,540,-109,-45,-0.40625,0.33063050849508313
1058,1069,585,960,540,-109,-45,-0.40625,0.3101042169321282
1059,1069,585,960,540,-109,-45,-0.40625,0.3189705354608008
1060,1070,585,960,540,-110,-45,-0.4375,0.3100940548588027
1061,1070,585,960,540,-110,-45,-0.4375,0.30491354755260813
1062,1070,585,960,540,-110,-45,-0.4375,0.28932450555355405
1063,1069,585,960,540,-109,-45,-0.40625,0.33948347969780945
1064,1069,586,960,540,-109,-46,-0.40625,0.3309408239932565
1065,1070,587,960,540,-110,-47,-0.4375,0.37820317994843067
1066,1070,586,960,540,-110,-46,-0.4375,0.34607350045650365
1067,1072,586,960,540,-112,-46,-0.5,0.35286407755632276
1068,1074,585,960,540,-114,-45,-0.5625,0.3046743900648847
1069,1076,584,960,540,-116,-44,-0.625,0.27871326115687944
1070,1076,584,960,540,-116,-44,-0.625,0.2764995326336912
1071,1072,585,960,540,-112,-45,-0.5,0.32004254990893344
1072,1058,586,960,540,-98,-46,-0.0625,0.33383994445154963
1073,1046,587,960,540,-86,-47,0.3125,0.361779893727862
1074,1046,588,960,540,-86,-48,0.3125,0.38268368597624214
1075,1046,588,960,540,-86,-48,0.3125,0.40453223551541617
1076,1046,588,960,540,-86,-48,0.3125,0.4209110614548548
1077,1045,587,960,540,-85,-47,0.34375,0.3742196416978001
1078,1044,587,960,540,-84,-47,0.375,0.39041627731364326
1079,1044,587,960,540,-84,-47,0.375,0.3933340101248697
1080,1044,587,960,540,-84,-47,0.375,0.3905823546431306
1081,1043,587,960,540,-83,-47,0.40625,0.35872980654137065
1082,1043,587,960,540,-83,-47,0.40625,0.35794113155596086
1083,1043,587,960,540,-83,-47,0.40625,0.3495620271957218
1084,1043,588,960,540,-83,-48,0.40625,0.3890834004240957
1085,1043,588,960,540,-83,-48,0.40625,0.3816589148112406
1086,1043,588,960,540,-83,-48,0.40625,0.38091626101092846
1087,1043,588,960,540,-83,-48,0.40625,0.3834408861745462
1088,1044,588,960,540,-84,-48,0.375,0.41934166674948936
1089,1044,587,960,540,-84,-47,0.375,0.3846416990952837
1090,1044,587,960,540,-84,-47,0.375,0.3846416990952837
1091,1044,587,960,540,-84,-47,0.375,0.362365557614698
1092,1045,587,960,540,-85,-47,0.34375,0.3641811340929084
1093,1045,587,960,540,-85,-47,0.34375,0.3688581124862871
1094,1046,587,960,540,-86,-47,0.3125,0.3702054060622084
1095,1046,587,960,540,-86,-47,0.3125,0.3484040913152322
1096,1046,586,960,540,-86,-46,0.3125,0.3223350047398159
1097,1045,586,960,540,-85,-46,0.34375,0.3220959610913061
1098,1045,587,960,540,-85,-47,0.34375,0.3840089699073763
1099,1046,586,960,540,-86,-46,0.3125,0.33149768971019977
1100,1045,587,960,540,-85,-47,0.34375,0.35635895110986926
1101,1044,586,960,540,-84,-46,0.375,0.3119010612512949
1102,1044,586,960,540,-84,-46,0.375,0.3565961970565943
1103,1043,586,960,540,-83,-46,0.40625,0.3375450104557274
1104,1043,586,960,540,-83,-46,0.40625,0.33077857052419946
1105,1044,586,960,540,-84,-46,0.375,0.32792309561490884
1106,1044,587,960,540,-84,-47,0.375,0.38457038936274524
1107,1043,587,960,540,-83,-47,0.40625,0.40583768308284207
1108,1043,587,960,540,-83,-47,0.40625,0.3815850593865391
1109,1043,587,960,540,-83,-47,0.40625,0.35132240409904525
1110,1043,587,960,540,-83,-47,0.40625,0.3517042655717679
1111,1044,588,960,540,-84,-48,0.375,0.40869726836806963
1112,1043,587,960,540,-83,-47,0.40625,0.37939898376740455
1113,1043,587,960,540,-83,-47,0.40625,0.3663310521448653
1114,1043,586,960,540,-83,-46,0.40625,0.3517112655079422
1115,1043,586,960,540,-83,-46,0.40625,0.3536306535468319
1116,1043,586,960,540,-83,-46,0.40625,0.35581344959263284
1117,1043,586,960,540,-83,-46,0.40625,0.35581344959263284
1118,1042,587,960,540,-82,-47,0.4375,0.3414039421483359
1119,1043,587,960,540,-83,-47,0.40625,0.35189842039076535
1120,1043,587,960,540,-83,-47,0.40625,0.3704687782462044
1121,1044,587,960,540,-84,-47,0.375,0.38074933134578903
1122,1044,587,960,540,-84,-47,0.375,0.3704474442857191
1123,1044,587,960,540,-84,-47,0.375,0.38851650619354094
1124,1045,588,960,540,-85,-48,0.34375,0.4128000933685243
1125,1045,588,960,540,-85,-48,0.34375,0.3966646666226121
1126,1044,588,960,540,-84,-48,0.375,0.37526226225196146
1127,1044,589,960,540,-84,-49,0.375,0.42127476149038223
1128,1044,589,960,540,-84,-49,0.375,0.42978678369461054
1129,1044,589,960,540,-84,-49,0.375,0.4268390850426007
1130,1043,588,960,540,-83,-48,0.40625,0.3885500988478354
1131,1043,588,960,540,-83,-48,0.40625,0.40437304254191964
1132,1043,587,960,540,-83,-47,0.40625,0.3886199682184559
1133,1043,587,960,540,-83,-47,0.40625,0.4043467683350208
1134,1041,586,960,540,-81,-46,0.46875,0.3594510153944903
1135,1040,586,960,540,-80,-46,0.5,0.3549215555459926
1136,1040,587,960,540,-80,-47,0.5,0.4184418722034171
1137,1042,586,960,540,-82,-46,0.4375,0.35266647640853743
1138,1043,586,960,540,-83,-46,0.40625,0.3402103962741998
1139,1052,585,960,540,-92,-45,0.125,0.30136485165024385
1140,1067,583,960,540,-107,-43,-0.34375,0.2335823421104155
1141,1075,583,960,540,-115,-43,-0.59375,0.22884846180258323
1142,1070,583,960,540,-110,-43,-0.4375,0.2187937831017861
1143,1057,584,960,540,-97,-44,-0.03125,0.2282931890549269
1144,1047,585,960,540,-87,-45,0.28125,0.27814000149642304
1145,1045,586,960,540,-85,-46,0.34375,0.33670391060757776
1146,1044,586,960,540,-84,-46,0.375,0.3609490929384642
1147,1043,586,960,540,-83,-46,0.40625,0.33816749496808707
1148,1043,586,960,540,-83,-46,0.40625,0.3498605028170645
1149,1044,586,960,540,-84,-46,0.375,0.3399526493251033
1150,1044,586,960,540,-84,-46,0.375,0.34613810885727725
1151,1044,586,960,540,-84,-46,0.375,0.3456209271092776
1152,1045,586,960,540,-85,-46,0.34375,0.33766174193898113
1153,1045,586,960,540,-85,-46,0.34375,0.3242950082901288
1154,1046,586,960,540,-86,-46,0.3125,0.3297271241029509
1155,1046,586,960,540,-86,-46,0.3125,0.3291331869845344
1156,1046,586,960,540,-86,-46,0.3125,0.323827158440116
1157,1045,585,960,540,-85,-45,0.34375,0.2963634700432136
1158,1045,585,960,540,-85,-45,0.34375,0.2792481572775172
1159,1046,585,960,540,-86,-45,0.3125,0.27394397108589486
1160,1046,585,960,540,-86,-45,0.3125,0.27304174816324056
1161,1047,585,960,540,-87,-45,0.28125,0.28256431671941185
1162,1047,586,960,540,-87,-46,0.28125,0.32276548739836963
1163,1048,586,960,540,-88,-46,0.25,0.31620641267723015
1164,1049,586,960,540,-89,-46,0.21875,0.31620641267723015
1165,1049,586,960,540,-89,-46,0.21875,0.3297210186205153
1166,1049,586,960,540,-89,-46,0.21875,0.32699597022685367
1167,1049,586,960,540,-89,-46,0.21875,0.3121102066388053
1168,1049,586,960,540,-89,-46,0.21875,0.32402620039116625
1169,1048,586,960,540,-88,-46,0.25,0.31814311958292496
1170,1047,586,960,540,-87,-46,0.28125,0.3157653889258192
1171,1046,586,960,540,-86,-46,0.3125,0.31024650700289236
1172,1046,585,960,540,-86,-45,0.3125,0.27019400137211824
1173,1045,585,960,540,-85,-45,0.34375,0.27804194886316
1174,1045,585,960,540,-85,-45,0.34375,0.27804194886316
1175,1044,584,960,540,-84,-44,0.375,0.26118861298090623
1176,1045,584,960,540,-85,-44,0.34375,0.25616707250000204
1177,1045,584,960,540,-85,-44,0.34375,0.2608090920751218
1178,1045,584,960,540,-85,-44,0.34375,0.265649424641208
1179,1044,583,960,540,-84,-43,0.375,0.23068808182183087
1180,1044,583,960,540,-84,-43,0.375,0.2206416280313479
1181,1044,583,960,540,-84,-43,0.375,0.22772839762568453
1182,1044,583,960,540,-84,-43,0.375,0.23191044894147783
1183,1044,584,960,540,-84,-44,0.375,0.24948860271848838
1184,1044,584,960,540,-84,-44,0.375,0.2537494407981222
1185,1044,584,960,540,-84,-44,0.375,0.2598675044138741
1186,1045,583,960,540,-85,-43,0.34375,0.22102046722919
1187,1045,583,960,540,-85,-43,0.34375,0.23002247357889116
1188,1044,584,960,540,-84,-44,0.375,0.2516192560336241
1189,1044,584,960,540,-84,-44,0.375,0.25772259087926597
1190,1044,584,960,540,-84,-44,0.375,0.25394736283158914
1191,1044,583,960,540,-84,-43,0.375,0.2147225840084599
1192,1044,583,960,540,-84,-43,0.375,0.2186224391391538
1193,1045,584,960,540,-85,-44,0.34375,0.26389936691051874
1194,1045,584,960,540,-85,-44,0.34375,0.24578861177942146
1195,1045,583,960,540,-85,-43,0.34375,0.21725760272511563
1196,1045,583,960,540,-85,-43,0.34375,0.21425170059861642
1197,1044,583,960,540,-84,-43,0.375,0.210717273069136
1198,1044,584,960,540,-84,-44,0.375,0.2367083710041693
1199,1044,584,960,540,-84,-44,0.375,0.24516995936933772
1200,1044,584,960,540,-84,-44,0.375,0.2517571365816067
1201,1044,584,960,540,-84,-44,0.375,0.24261799117491045
1202,1044,584,960,540,-84,-44,0.375,0.2521662806454774
1203,1044,584,960,540,-84,-44,0.375,0.25224291221234996
1204,1044,584,960,540,-84,-44,0.375,0.26287688144323784
1205,1044,584,960,540,-84,-44,0.375,0.2518648272629116
1206,1044,584,960,540,-84,-44,0.375,0.2685996618876043
1207,1044,584,960,540,-84,-44,0.375,0.24848457482659358
1208,1045,584,960,540,-85,-44,0.34375,0.2517236367286484
1209,1045,584,960,540,-85,-44,0.34375,0.254747927908211
1210,1045,584,960,540,-85,-44,0.34375,0.24447411041514844
1211,1045,584,960,540,-85,-44,0.34375,0.2390298576709684
1212,1045,584,960,540,-85,-44,0.34375,0.25335656897761116
1213,1045,584,960,540,-85,-44,0.34375,0.2565496363774544
1214,1045,585,960,540,-85,-45,0.34375,0.3005775851320167
1215,1045,585,960,540,-85,-45,0.34375,0.28722585276676105
1216,1045,584,960,540,-85,-44,0.34375,0.27142136416565554
1217,1045,584,960,540,-85,-44,0.34375,0.26553730853501656
1218,1045,585,960,540,-85,-45,0.34375,0.3119438837087851
1219,1045,585,960,540,-85,-45,0.34375,0.2970466693044014
1220,1045,585,960,540,-85,-45,0.34375,0.2979781680261364
1221,1045,585,960,540,-85,-45,0.34375,0.29418255236091495
1222,1044,585,960,540,-84,-45,0.375,0.2883421885971209
1223,1044,585,960,540,-84,-45,0.375,0.2834341150943438
1224,1045,585,960,540,-85,-45,0.34375,0.27826000216027125
1225,1045,585,960,540,-85,-45,0.34375,0.28947472943439845
1226,1045,585,960,540,-85,-45,0.34375,0.2982240671965082
1227,1044,584,960,540,-84,-44,0.375,0.27660671989463315
1228,1044,584,960,540,-84,-44,0.375,0.28561724204061756
1229,1044,583,960,540,-84,-43,0.375,0.24858020500358058
1230,1044,583,960,540,-84,-43,0.375,0.25243784050924556
1231,1043,581,960,540,-83,-41,0.40625,0.193221897058091
1232,1042,581,960,540,-82,-41,0.4375,0.17466184993660283
1233,1042,581,960,540,-82,-41,0.4375,0.2037987765451863
1234,1042,580,960,540,-82,-40,0.4375,0.18249022378308433
1235,1042,580,960,540,-82,-40,0.4375,0.1771253085633726
1236,1042,580,960,540,-82,-40,0.4375,0.1640613366400554
1237,1042,580,960,540,-82,-40,0.4375,0.187639340660114
1238,1042,580,960,540,-82,-40,0.4375,0.17030941052460835
1239,1042,580,960,540,-82,-40,0.4375,0.1596628401881346
1240,1042,581,960,540,-82,-41,0.4375,0.19156319079776662
1241,1042,580,960,540,-82,-40,0.4375,0.16736159090056657
1242,1042,580,960,540,-82,-40,0.4375,0.14119551199859104
1243,1042,581,960,540,-82,-41,0.4375,0.18825053084165555
1244,1042,581,960,540,-82,-41,0.4375,0.17742743124457205
1245,1043,582,960,540,-83,-42,0.40625,0.21647790258678
1246,1043,582,960,540,-83,-42,0.40625,0.2228300673136474
1247,1043,582,960,540,-83,-42,0.40625,0.20411961945553125
1248,1043,582,960,540,-83,-42,0.40625,0.2142404566028755
1249,1043,582,960,540,-83,-42,0.40625,0.19070784362713722
1250,1043,582,960,540,-83,-42,0.40625,0.19059418611207057
1251,1043,582,960,540,-83,-42,0.40625,0.2012099520386741
1252,1043,582,960,540,-83,-42,0.40625,0.21209498589861342
1253,1043,582,960,540,-83,-42,0.40625,0.20697549600172338
1254,1044,582,960,540,-84,-42,0.375,0.18821918828977857
1255,1044,582,960,540,-84,-42,0.375,0.18821918828977857
1256,1044,582,960,540,-84,-42,0.375,0.1951373460193333
1257,1044,583,960,540,-84,-43,0.375,0.24208028720296437
1258,1044,582,960,540,-84,-42,0.375,0.1998499844945829
1259,1044,582,960,540,-84,-42,0.375,0.20332788892247433
1260,1043,582,960,540,-83,-42,0.40625,0.19913208000756377
1261,1043,582,960,540,-83,-42,0.40625,0.21372735320647873
1262,1044,582,960,540,-84,-42,0.375,0.195392468459614
1263,1044,583,960,540,-84,-43,0.375,0.22130675602890482
1264,1044,583,960,540,-84,-43,0.375,0.22860060453899833
1265,1044,584,960,540,-84,-44,0.375,0.2656376415760353
1266,1044,583,960,540,-84,-43,0.375,0.21241225477370418
1267,1044,583,960,540,-84,-43,0.375,0.19735056887947455
1268,1044,583,960,540,-84,-43,0.375,0.19347513371432012
1269,1044,583,960,540,-84,-43,0.375,0.19848600585146747
1270,1044,584,960,540,-84,-44,0.375,0.2133446735182163
1271,1044,585,960,540,-84,-45,0.375,0.25423653781952016
1272,1045,586,960,540,-85,-46,0.34375,0.281512692282444
1273,1045,587,960,540,-85,-47,0.34375,0.33076853703152853
1274,1045,588,960,540,-85,-48,0.34375,0.3678055740685655
1275,1045,588,960,540,-85,-48,0.34375,0.3720501178604172
1276,1045,588,960,540,-85,-48,0.34375,0.37697337934860475
1277,1045,588,960,540,-85,-48,0.34375,0.3804885176318604
1278,1045,587,960,540,-85,-47,0.34375,0.33791260042871074
1279,1044,586,960,540,-84,-46,0.375,0.3048098484182824
1280,1044,586,960,540,-84,-46,0.375,0.2911290909717643
1281,1044,586,960,540,-84,-46,0.375,0.3060650424504059
1282,1044,586,960,540,-84,-46,0.375,0.3120998870969667
1283,1044,586,960,540,-84,-46,0.375,0.30059693864062664
1284,1044,586,960,540,-84,-46,0.375,0.31320648953804797
1285,1044,585,960,540,-84,-45,0.375,0.26344650590215113
1286,1045,586,960,540,-85,-46,0.34375,0.29672156700643515
1287,1044,586,960,540,-84,-46,0.375,0.28624977626094195
1288,1044,586,960,540,-84,-46,0.375,0.29829737323320615
1289,1045,586,960,540,-85,-46,0.34375,0.2974364886569074
1290,1045,586,960,540,-85,-46,0.34375,0.3065973128096431
1291,1045,586,960,540,-85,-46,0.34375,0.29075591847646476
1292,1045,586,960,540,-85,-46,0.34375,0.30813750196841383
1293,1045,587,960,540,-85,-47,0.34375,0.3086431775518277
1294,1046,587,960,540,-86,-47,0.3125,0.30566436108881656
1295,1046,587,960,540,-86,-47,0.3125,0.31725480850147836
1296,1045,587,960,540,-85,-47,0.34375,0.32913595696292064
1297,1046,587,960,540,-86,-47,0.3125,0.2940323636055153
1298,1048,587,960,540,-88,-47,0.25,0.3497656067722643
1299,1050,586,960,540,-90,-46,0.1875,0.31901644761653736
1300,1051,587,960,540,-91,-47,0.15625,0.37591000415793663
1301,1051,589,960,540,-91,-49,0.15625,0.48881370921515477
1302,1051,592,960,540,-91,-52,0.15625,0.5734616653906492
1303,1052,595,960,540,-92,-55,0.125,0.693785083957497
1304,1052,599,960,540,-92,-59,0.125,0.8304989477853457
1305,1051,603,960,540,-91,-63,0.15625,0.9630352155447435
1306,1051,607,960,540,-91,-67,0.15625,1.1090541619399992
1307,1051,609,960,540,-91,-69,0.15625,1.17826619242044
1308,1051,611,960,540,-91,-71,0.15625,1.252340266494514
1309,1051,611,960,540,-91,-71,0.15625,1.2598128928367878
1310,1050,612,960,540,-90,-72,0.1875,1.3003216387856342
1311,1050,609,960,540,-90,-69,0.1875,1.1964592773569358
1312,1049,599,960,540,-89,-59,0.21875,0.8096516486253333
1313,1049,592,960,540,-89,-52,0.21875,0.5269648922681858
1314,1049,591,960,540,-89,-51,0.21875,0.5043306449220835
1315,1048,593,960,540,-88,-53,0.25,0.6083925165183997
1316,1048,596,960,540,-88,-56,0.25,0.6698134347882154
1317,1047,599,960,540,-87,-59,0.28125,0.7714326988784148
1318,1047,601,960,540,-87,-61,0.28125,0.8689424235706567
1319,1046,602,960,540,-86,-62,0.3125,0.9059794606076939
1320,1046,603,960,540,-86,-63,0.3125,0.9619831668627896
1321,1046,603,960,540,-86,-63,0.3125,0.9640768742219696
1322,1045,602,960,540,-85,-62,0.34375,0.899025658560338
1323,1045,600,960,540,-85,-60,0.34375,0.8279483685176743
1324,1044,599,960,540,-84,-59,0.375,0.7978101552979011
1325,1043,597,960,540,-83,-57,0.40625,0.7280433183858359
1326,1043,595,960,540,-83,-55,0.40625,0.644114165136916
1327,1042,593,960,540,-82,-53,0.4375,0.5697429379180297
1328,1041,591,960,540,-81,-51,0.46875,0.4862227015842393
1329,1040,588,960,540,-80,-48,0.5,0.39349416749214905
1330,1037,584,960,540,-77,-44,0.59375,0.24818081703597694
1331,1034,580,960,540,-74,-40,0.6875,0.08184165964661227
1332,1033,578,960,540,-73,-38,0.71875,0.009105832168347483
1333,1033,576,960,540,-73,-36,0.71875,-0.06741225045168608
1334,1039,574,960,540,-79,-34,0.53125,-0.16802945261103752
1335,1053,574,960,540,-93,-34,0.09375,-0.17489184286246395
1336,1060,573,960,540,-100,-33,-0.125,-0.2290712884278343
1337,1059,572,960,540,-99,-32,-0.09375,-0.26760099339615695
1338,1060,571,960,540,-100,-31,-0.125,-0.28714553449829405
1339,1060,571,960,540,-100,-31,-0.125,-0.2621331671619014
1340,1059,570,960,540,-99,-30,-0.09375,-0.31512989237504363
1341,1058,569,960,540,-98,-29,-0.0625,-0.3603422564252794
1342,1059,568,960,540,-99,-28,-0.09375,-0.38271218125969675
1343,1059,569,960,540,-99,-29,-0.09375,-0.3497533776335553
1344,1059,569,960,540,-99,-29,-0.09375,-0.35618585745015197
1345,1059,569,960,540,-99,-29,-0.09375,-0.3692085243922194
1346,1059,569,960,540,-99,-29,-0.09375,-0.3629834105939196
1347,1058,569,960,540,-98,-29,-0.0625,-0.36427477075487014
1348,1059,569,960,540,-99,-29,-0.09375,-0.3793499333759962
1349,1059,569,960,540,-99,-29,-0.09375,-0.38984828175968267
1350,1059,568,960,540,-99,-28,-0.09375,-0.40482468544535477
1351,1059,567,960,540,-99,-27,-0.09375,-0.42817794939512943
1352,1059,567,960,540,-99,-27,-0.09375,-0.425497883293005
1353,1060,567,960,540,-100,-27,-0.125,-0.4232594006310604
1354,1060,567,960,540,-100,-27,-0.125,-0.4083550698006295
1355,1061,567,960,540,-101,-27,-0.15625,-0.4088372012796848
1356,1061,567,960,540,-101,-27,-0.15625,-0.42811817337886304
1357,1061,567,960,540,-101,-27,-0.15625,-0.41911136565871154
1358,1061,567,960,540,-101,-27,-0.15625,-0.40632703165106343
1359,1061,566,960,540,-101,-26,-0.15625,-0.4450623653630158
1360,1061,566,960,540,-101,-26,-0.15625,-0.4585005073055103
1361,1062,567,960,540,-102,-27,-0.1875,-0.39753927680636214
1362,1061,567,960,540,-101,-27,-0.15625,-0.4332597768474682
1363,1061,567,960,540,-101,-27,-0.15625,-0.41664843451515465
1364,1062,567,960,540,-102,-27,-0.1875,-0.42616142311530414
1365,1062,567,960,540,-102,-27,-0.1875,-0.42037314521282965
1366,1062,567,960,540,-102,-27,-0.1875,-0.42037314521282965
1367,1062,567,960,540,-102,-27,-0.1875,-0.4742332466235619
1368,1061,568,960,540,-101,-28,-0.15625,-0.4263714080205365
1369,1061,568,960,540,-101,-28,-0.15625,-0.39332710729833154
1370,1062,568,960,540,-102,-28,-0.1875,-0.3707967999194035
1371,1062,567,960,540,-102,-27,-0.1875,-0.38524756268396176
1372,1063,567,960,540,-103,-27,-0.21875,-0.38769376413013656
1373,1064,566,960,540,-104,-26,-0.25,-0.42742623899421994
1374,1066,567,960,540,-106,-27,-0.3125,-0.40045105541871484
1375,1070,568,960,540,-110,-28,-0.4375,-0.34417184468928674
1376,1073,570,960,540,-113,-30,-0.53125,-0.2662724038829376
1377,1076,572,960,540,-116,-32,-0.625,-0.1778529830860951
1378,1079,573,960,540,-119,-33,-0.71875,-0.1730292020715647
1379,1078,574,960,540,-118,-34,-0.6875,-0.15267147808873283
1380,1069,574,960,540,-109,-34,-0.40625,-0.15327979913082834
1381,1058,573,960,540,-98,-33,-0.0625,-0.19042243825680805
1382,1052,573,960,540,-92,-33,0.125,-0.19795982388044941
1383,1052,573,960,540,-92,-33,0.125,-0.20497826531660035
1384,1052,573,960,540,-92,-33,0.125,-0.2021239242608508
1385,1053,573,960,540,-93,-33,0.09375,-0.19236779964978612
1386,1053,572,960,540,-93,-32,0.09375,-0.21183892432676465
1387,1053,571,960,540,-93,-31,0.09375,-0.22671424268861062
1388,1054,570,960,540,-94,-30,0.0625,-0.270888250881153
1389,1055,569,960,540,-95,-29,0.03125,-0.3090346855561399
1390,1056,569,960,540,-96,-29,0.0,-0.3136957504101072
1391,1057,569,960,540,-97,-29,-0.03125,-0.3217524544859056
1392,1057,569,960,540,-97,-29,-0.03125,-0.3169228382005329
1393,1058,569,960,540,-98,-29,-0.0625,-0.31717283541077057
1394,1058,569,960,540,-98,-29,-0.0625,-0.3171896187338472
1395,1058,569,960,540,-98,-29,-0.0625,-0.32062680337478877
1396,1058,569,960,540,-98,-29,-0.0625,-0.31603163391508504
1397,1058,569,960,540,-98,-29,-0.0625,-0.3267099335481889
1398,1058,569,960,540,-98,-29,-0.0625,-0.33387755790705054
1399,1058,569,960,540,-98,-29,-0.0625,-0.33112668355045827
1400,1058,569,960,540,-98,-29,-0.0625,-0.3348528145068961
1401,1058,569,960,540,-98,-29,-0.0625,-0.32380429242025976
1402,1058,569,960,540,-98,-29,-0.0625,-0.3473108120273496
1403,1058,570,960,540,-98,-30,-0.0625,-0.3102737749903124
1404,1058,570,960,540,-98,-30,-0.0625,-0.321258395726266
1405,1059,571,960,540,-99,-31,-0.09375,-0.2673245356865446
1406,1059,570,960,540,-99,-30,-0.09375,-0.29918979327705664
1407,1059,569,960,540,-99,-29,-0.09375,-0.3397803464318887
1408,1059,569,960,540,-99,-29,-0.09375,-0.3221700756161976
1409,1059,568,960,540,-99,-28,-0.09375,-0.3605816597128102
1410,1058,568,960,540,-98,-28,-0.0625,-0.37480763510229154
1411,1057,568,960,540,-97,-28,-0.03125,-0.38712845197498336
1412,1055,567,960,540,-95,-27,0.03125,-0.405142129241876
1413,1054,566,960,540,-94,-26,0.0625,-0.44217916627891307
1414,1053,566,960,540,-93,-26,0.09375,-0.44363600722511143
1415,1053,567,960,540,-93,-27,0.09375,-0.39255033099495473
1416,1052,568,960,540,-92,-28,0.125,-0.34695674755073425
1417,1053,567,960,540,-93,-27,0.09375,-0.32584098592091104
1418,1054,565,960,540,-94,-25,0.0625,-0.39825908055604486
1419,1054,565,960,540,-94,-25,0.0625,-0.4325553630684458
1420,1055,567,960,540,-95,-27,0.03125,-0.3992118454126665
1421,1055,569,960,540,-95,-29,0.03125,-0.34240260604817574
1422,1056,568,960,540,-96,-28,0.0,-0.36135436346747296
1423,1056,568,960,540,-96,-28,0.0,-0.36605475616503425
1424,1056,567,960,540,-96,-27,0.0,-0.3886822841386237
1425,1056,567,960,540,-96,-27,0.0,-0.3680609348929025
1426,1056,566,960,540,-96,-26,0.0,-0.3877375346178814
1427,1055,565,960,540,-95,-25,0.03125,-0.4409024363234775
1428,1054,565,960,540,-94,-25,0.0625,-0.4817445213330258
1429,1052,564,960,540,-92,-24,0.125,-0.5280212205363086
1430,1051,564,960,540,-91,-24,0.15625,-0.4582442505672375
1431,1051,563,960,540,-91,-23,0.15625,-0.49503125364258405
1432,1051,563,960,540,-91,-23,0.15625,-0.5455099248503938
1433,1051,564,960,540,-91,-24,0.15625,-0.516570154589219
1434,1051,566,960,540,-91,-26,0.15625,-0.45802365293895886
1435,1051,568,960,540,-91,-28,0.15625,-0.40021493905948713
1436,1052,568,960,540,-92,-28,0.125,-0.3687139416270655
1437,1051,572,960,540,-91,-32,0.15625,-0.23489890084652387
1438,1050,577,960,540,-90,-37,0.1875,0.010911297143097354
1439,1050,579,960,540,-90,-39,0.1875,0.06176192244155021
1440,1050,579,960,540,-90,-39,0.1875,0.1011344872533062
1441,1050,574,960,540,-90,-34,0.1875,-0.12288020074779493
1442,1049,567,960,540,-89,-27,0.21875,-0.4069602279433111
1443,1049,564,960,540,-89,-24,0.21875,-0.5086427529001067
1444,1049,563,960,540,-89,-23,0.21875,-0.5402242816871605
1445,1051,563,960,540,-91,-23,0.15625,-0.5365661800865318
1446,1051,563,960,540,-91,-23,0.15625,-0.5339363497409366
1447,1051,563,960,540,-91,-23,0.15625,-0.5204069159584872
1448,1052,563,960,540,-92,-23,0.125,-0.5429902068412185
1449,1050,570,960,540,-90,-30,0.1875,-0.2795082873198509
1450,1049,576,960,540,-89,-36,0.21875,-0.058655504750254384
1451,1049,576,960,540,-89,-36,0.21875,-0.05782523122492966
1452,1049,576,960,540,-89,-36,0.21875,-0.06214813861747537
1453,1049,575,960,540,-89,-35,0.21875,-0.0893626154981475
1454,1049,575,960,540,-89,-35,0.21875,-0.10110132801990579
1455,1049,576,960,540,-89,-36,0.21875,-0.055484429956161874
1456,1049,576,960,540,-89,-36,0.21875,-0.06834412158474157
1457,1049,576,960,540,-89,-36,0.21875,-0.0566897030540614
1458,1050,576,960,540,-90,-36,0.1875,-0.056766954945303594
1459,1051,576,960,540,-91,-36,0.15625,-0.07123501421038725
1460,1051,576,960,540,-91,-36,0.15625,-0.054438139714365175
1461,1051,576,960,540,-91,-36,0.15625,-0.06389910620783623
1462,1052,576,960,540,-92,-36,0.125,-0.06329492859027375
1463,1052,576,960,540,-92,-36,0.125,-0.07711924078799148
1464,1051,577,960,540,-91,-37,0.15625,-0.045379725056686304
1465,1051,577,960,540,-91,-37,0.15625,-0.05775181860117895
1466,1051,577,960,540,-91,-37,0.15625,-0.0228424840240129
1467,1050,578,960,540,-90,-38,0.1875,0.002441824722929864
1468,1049,579,960,540,-89,-39,0.21875,0.07253362088612647
1469,1049,579,960,540,-89,-39,0.21875,0.04495879085202481
1470,1049,580,960,540,-89,-40,0.21875,0.06874850421369927
1471,1048,580,960,540,-88,-40,0.25,0.08248722517727036
1472,1048,579,960,540,-88,-39,0.25,0.056958430955070805
1473,1049,580,960,540,-89,-40,0.21875,0.10631696067406482
1474,1048,580,960,540,-88,-40,0.25,0.08499099051127867
1475,1048,580,960,540,-88,-40,0.25,0.093410180590348
1476,1049,580,960,540,-89,-40,0.21875,0.07982513987098394
1477,1048,580,960,540,-88,-40,0.25,0.11009934371061658
1478,1048,579,960,540,-88,-39,0.25,0.058580617968587934
1479,1047,578,960,540,-87,-38,0.28125,0.01065798078860758
1480,1047,578,960,540,-87,-38,0.28125,0.022047900897363304
1481,1046,577,960,540,-86,-37,0.3125,-0.01140336264105768
1482,1046,577,960,540,-86,-37,0.3125,-0.03731435951086026
1483,1046,577,960,540,-86,-37,0.3125,-0.03547740608537375
1484,1047,578,960,540,-87,-38,0.28125,0.013517533497231504
1485,1048,578,960,540,-88,-38,0.25,0.029084590625338524
1486,1048,579,960,540,-88,-39,0.25,0.06653667981682476
1487,1049,579,960,540,-89,-39,0.21875,0.08215425341042337
1488,1049,580,960,540,-89,-40,0.21875,0.07759314386817562
1489,1050,581,960,540,-90,-41,0.1875,0.11190049931123047
1490,1051,581,960,540,-91,-41,0.15625,0.09125618979007233
1491,1051,581,960,540,-91,-41,0.15625,0.1026005059365116
1492,1052,581,960,540,-92,-41,0.125,0.10644606659660427
1493,1052,582,960,540,-92,-42,0.125,0.13457017604271337
1494,1052,583,960,540,-92,-43,0.125,0.18629039131579184
1495,1052,583,960,540,-92,-43,0.125,0.18691805548107432
1496,1053,583,960,540,-93,-43,0.09375,0.1841160514521687
1497,1053,583,960,540,-93,-43,0.09375,0.19563450429566331
1498,1054,583,960,540,-94,-43,0.0625,0.1861307961905172
1499,1054,583,960,540,-94,-43,0.0625,0.19143954652107875
1500,1054,583,960,540,-94,-43,0.0625,0.1976390205433487
1501,1054,583,960,540,-94,-43,0.0625,0.21041276028802458
1502,1054,583,960,540,-94,-43,0.0625,0.19720886555105466
1503,1054,581,960,540,-94,-41,0.0625,0.12888057476176207
1504,1054,581,960,540,-94,-41,0.0625,0.11413005143978161
1505,1053,581,960,540,-93,-41,0.09375,0.14351734059186394
1506,1052,579,960,540,-92,-39,0.125,0.06570536718985132
1507,1051,577,960,540,-91,-37,0.15625,-0.005458208526164077
1508,1049,576,960,540,-89,-36,0.21875,-0.02391184207549557
1509,1047,575,960,540,-87,-35,0.28125,-0.05293881379296561
1510,1044,575,960,540,-84,-35,0.375,-0.07223039632435646
1511,1041,574,960,540,-81,-34,0.46875,-0.114738346038882
1512,1039,573,960,540,-79,-33,0.53125,-0.170797347956255
1513,1038,573,960,540,-78,-33,0.5625,-0.1612267977288404
1514,1036,571,960,540,-76,-31,0.625,-0.22996798228557425
1515,1034,571,960,540,-74,-31,0.6875,-0.22193726056416296
1516,1037,571,960,540,-77,-31,0.59375,-0.19269597813467487
1517,1046,572,960,540,-86,-32,0.3125,-0.19062683815341952
1518,1058,572,960,540,-98,-32,-0.0625,-0.17568692508113926
1519,1066,573,960,540,-106,-33,-0.3125,-0.11244190781564911
1520,1067,573,960,540,-107,-33,-0.34375,-0.13344580448800825
1521,1069,572,960,540,-109,-32,-0.40625,-0.16984040454589455
1522,1072,572,960,540,-112,-32,-0.5,-0.1827388158356209
1523,1073,572,960,540,-113,-32,-0.53125,-0.17770909394595646
1524,1074,571,960,540,-114,-31,-0.5625,-0.22034183638535088
1525,1073,571,960,540,-113,-31,-0.53125,-0.21634890009359342
1526,1066,571,960,540,-106,-31,-0.3125,-0.23015401029524263
1527,1054,571,960,540,-94,-31,0.0625,-0.22315509647662002
1528,1046,571,960,540,-86,-31,0.3125,-0.20344815702649366
1529,1044,571,960,540,-84,-31,0.375,-0.1938086977819924
1530,1044,571,960,540,-84,-31,0.375,-0.20346069147666812
1531,1044,570,960,540,-84,-30,0.375,-0.2479300579413921
1532,1044,570,960,540,-84,-30,0.375,-0.24601401579466442
1533,1044,570,960,540,-84,-30,0.375,-0.2422865664236129
1534,1044,570,960,540,-84,-30,0.375,-0.23275277474616263
1535,1044,570,960,540,-84,-30,0.375,-0.21585602100627943
1536,1043,570,960,540,-83,-30,0.40625,-0.22086267622544709
1537,1042,570,960,540,-82,-30,0.4375,-0.22721386981964753
1538,1042,570,960,540,-82,-30,0.4375,-0.21094122469602228
1539,1042,570,960,540,-82,-30,0.4375,-0.23049166687570533
1540,1042,570,960,540,-82,-30,0.4375,-0.23081698336107448
1541,1042,570,960,540,-82,-30,0.4375,-0.23081698336107448
1542,1041,570,960,540,-81,-30,0.46875,-0.2379788324399581
1543,1041,571,960,540,-81,-31,0.46875,-0.2119107423108706
1544,1041,571,960,540,-81,-31,0.46875,-0.19807480897549223
1545,1041,569,960,540,-81,-29,0.46875,-0.2677026030459042
1546,1041,568,960,540,-81,-28,0.46875,-0.30834306962362956
1547,1041,567,960,540,-81,-27,0.46875,-0.32818884528091496
1548,1042,567,960,540,-82,-27,0.4375,-0.327235153680385
1549,1043,567,960,540,-83,-27,0.40625,-0.33368097240048455
1550,1043,567,960,540,-83,-27,0.40625,-0.33368097240048455
1551,1044,567,960,540,-84,-27,0.375,-0.3297062146594849
1552,1044,567,960,540,-84,-27,0.375,-0.33488536480525743
1553,1044,566,960,540,-84,-26,0.375,-0.37942709047938494
1554,1045,566,960,540,-85,-26,0.34375,-0.3884381444523338
1555,1045,566,960,540,-85,-26,0.34375,-0.393016374158344
1556,1045,566,960,540,-85,-26,0.34375,-0.4067146054822749
1557,1045,567,960,540,-85,-27,0.34375,-0.3920674281509713
1558,1045,567,960,540,-85,-27,0.34375,-0.3831635351667426
1559,1045,565,960,540,-85,-25,0.34375,-0.43612130474909927
1560,1045,564,960,540,-85,-24,0.34375,-0.45701475747073905
1561,1045,562,960,540,-85,-22,0.34375,-0.5007676603390007
1562,1045,563,960,540,-85,-23,0.34375,-0.49163539848407867
1563,1044,563,960,540,-84,-23,0.375,-0.48349018204812944
1564,1044,564,960,540,-84,-24,0.375,-0.47450197392714677
1565,1043,565,960,540,-83,-25,0.40625,-0.4392857659160945
1566,1043,565,960,540,-83,-25,0.40625,-0.42354402202565855
1567,1043,565,960,540,-83,-25,0.40625,-0.41838719757984166
1568,1042,565,960,540,-82,-25,0.4375,-0.4192520026006781
1569,1042,565,960,540,-82,-25,0.4375,-0.42586680690340817
1570,1042,565,960,540,-82,-25,0.4375,-0.44896377589251135
1571,1042,564,960,540,-82,-24,0.4375,-0.4336127199194615
1572,1042,564,960,540,-82,-24,0.4375,-0.42253436009215317
1573,1042,563,960,540,-82,-23,0.4375,-0.4651592507023665
1574,1042,564,960,540,-82,-24,0.4375,-0.4297429253960692
1575,1042,564,960,540,-82,-24,0.4375,-0.41103685369033305
1576,1042,564,960,540,-82,-24,0.4375,-0.413936750072325
1577,1042,564,960,540,-82,-24,0.4375,-0.413936750072325
1578,1042,564,960,540,-82,-24,0.4375,-0.43613798866923603
1579,1042,565,960,540,-82,-25,0.4375,-0.39879975168898407
1580,1042,565,960,540,-82,-25,0.4375,-0.4109414346188256
1581,1042,565,960,540,-82,-25,0.4375,-0.4090751855944379
1582,1042,565,960,540,-82,-25,0.4375,-0.41461877871703856
1583,1042,565,960,540,-82,-25,0.4375,-0.4059941556210529
1584,1042,565,960,540,-82,-25,0.4375,-0.38883544119310165
1585,1041,564,960,540,-81,-24,0.46875,-0.4241816319792755
1586,1041,564,960,540,-81,-24,0.46875,-0.42000838203782864
1587,1041,565,960,540,-81,-25,0.46875,-0.4181158408515808
1588,1041,565,960,540,-81,-25,0.46875,-0.41231869620124173
1589,1040,565,960,540,-80,-25,0.5,-0.40502949891040907
1590,1040,565,960,540,-80,-25,0.5,-0.3835691685483502
1591,1041,566,960,540,-81,-26,0.46875,-0.3568822037661933
1592,1041,566,960,540,-81,-26,0.46875,-0.3719716085827808
1593,1049,566,960,540,-89,-26,0.21875,-0.43775069233171393
1594,1064,567,960,540,-104,-27,-0.25,-0.3625647417642741
1595,1069,568,960,540,-109,-28,-0.40625,-0.29071884130194525
1596,1069,567,960,540,-109,-27,-0.40625,-0.3330787535107189
1597,1069,567,960,540,-109,-27,-0.40625,-0.3308469759628385
1598,1070,568,960,540,-110,-28,-0.4375,-0.3063982305964388
1599,1071,568,960,540,-111,-28,-0.46875,-0.29465289424283836
1600,1071,568,960,540,-111,-28,-0.46875,-0.3008098832602779
1601,1071,569,960,540,-111,-29,-0.46875,-0.2664978362369823
1602,1071,568,960,540,-111,-28,-0.46875,-0.3062681120805115
1603,1071,569,960,540,-111,-29,-0.46875,-0.26548251358046593
1604,1071,569,960,540,-111,-29,-0.46875,-0.27135894915248615
1605,1071,569,960,540,-111,-29,-0.46875,-0.29243697713936934
1606,1071,568,960,540,-111,-28,-0.46875,-0.33436698746175475
1607,1071,569,960,540,-111,-29,-0.46875,-0.29732995042471777
1608,1071,569,960,540,-111,-29,-0.46875,-0.3184588294541726
1609,1071,569,960,540,-111,-29,-0.46875,-0.3029346091667009
1610,1071,569,960,540,-111,-29,-0.46875,-0.30899173213212694
1611,1071,569,960,540,-111,-29,-0.46875,-0.31085130623088686
1612,1071,568,960,540,-111,-28,-0.46875,-0.3393469224140673
1613,1071,568,960,540,-111,-28,-0.46875,-0.344130262972661
1614,1071,569,960,540,-111,-29,-0.46875,-0.30162559740256123
1615,1071,569,960,540,-111,-29,-0.46875,-0.31668100428191615
1616,1071,569,960,540,-111,-29,-0.46875,-0.29863570146330876
1617,1071,569,960,540,-111,-29,-0.46875,-0.3120937906017831
1618,1071,569,960,540,-111,-29,-0.46875,-0.31651631238211486
1619,1071,569,960,540,-111,-29,-0.46875,-0.33056065998557593
1620,1072,570,960,540,-112,-30,-0.5,-0.299304051751369
1621,1071,570,960,540,-111,-30,-0.46875,-0.28054128058223804
1622,1071,569,960,540,-111,-29,-0.46875,-0.31548001081877564
1623,1071,569,960,540,-111,-29,-0.46875,-0.3026931941854034
1624,1068,568,960,540,-108,-28,-0.375,-0.32163948849157653
1625,1417,866,960,540,-457,-326,-11.28125,11.156379990460179
1626,1405,865,960,540,-445,-325,-10.90625,11.138832515824738
1627,1401,865,960,540,-441,-325,-10.78125,11.124302497628998
1628,1400,865,960,540,-440,-325,-10.75,11.159049750581943
1629,1393,865,960,540,-433,-325,-10.53125,11.124925134649583
1630,1376,856,960,540,-416,-316,-10.0,10.814349963674367
1631,1348,829,960,540,-388,-289,-9.125,9.829450933649758
1632,1299,771,960,540,-339,-231,-7.59375,7.6778863908246695
1633,1268,729,960,540,-308,-189,-6.625,6.122330835269114
1634,1255,702,960,540,-295,-162,-6.21875,5.090669097499523
1635,1243,671,960,540,-283,-131,-5.84375,3.9553678315885277
1636,1244,665,960,540,-284,-125,-5.875,3.7207861641015954
1637,1240,662,960,540,-280,-122,-5.75,3.611458754518244
1638,1229,652,960,540,-269,-112,-5.40625,3.269523392797321
1639,1211,633,960,540,-251,-93,-4.84375,2.5499176915909914
1640,1194,616,960,540,-234,-76,-4.3125,1.919487234433436
1641,1185,607,960,540,-225,-67,-4.03125,1.5946305551956135
1642,1183,606,960,540,-223,-66,-3.96875,1.5649788677688496
1643,1177,606,960,540,-217,-66,-3.78125,1.560577966943011
1644,1165,606,960,540,-205,-66,-3.40625,1.5710987811135884
1645,1156,606,960,540,-196,-66,-3.125,1.560251809728812
1646,1149,607,960,540,-189,-67,-2.90625,1.592033059422352
1647,1137,612,960,540,-177,-72,-2.53125,1.7686570071124983
1648,1129,620,960,540,-169,-80,-2.28125,2.0829656736083537
1649,1127,622,960,540,-167,-82,-2.21875,2.1846005835463473
1650,1128,622,960,540,-168,-82,-2.25,2.1797955459773264
1651,1128,615,960,540,-168,-75,-2.25,1.8753623255741796
1652,1128,607,960,540,-168,-67,-2.25,1.6318313823561472
1653,1128,605,960,540,-168,-65,-2.25,1.5174155511169805
1654,1127,605,960,540,-167,-65,-2.21875,1.5213375027676141
1655,1127,593,960,540,-167,-53,-2.21875,1.1166958518356918
1656,1127,579,960,540,-167,-39,-2.21875,0.5884000898518409
1657,1127,577,960,540,-167,-37,-2.21875,0.5329561982129603
1658,1125,577,960,540,-165,-37,-2.15625,0.5196759527708942
1659,1115,577,960,540,-155,-37,-1.84375,0.5153285404910768
1660,1102,577,960,540,-142,-37,-1.4375,0.5346498230725658
1661,1101,577,960,540,-141,-37,-1.40625,0.5599910483196681
1662,1102,577,960,540,-142,-37,-1.4375,0.5279346780794522
1663,1101,584,960,540,-141,-44,-1.40625,0.7740864909640991
1664,1099,591,960,540,-139,-51,-1.34375,1.027005613428658
1665,1098,591,960,540,-138,-51,-1.3125,1.008134767213658
1666,1098,591,960,540,-138,-51,-1.3125,1.0109366744083992
1667,1098,591,960,540,-138,-51,-1.3125,1.0074295364064683
1668,1098,591,960,540,-138,-51,-1.3125,1.0074295364064683
1669,1098,584,960,540,-138,-44,-1.3125,0.7739343791306112
1670,1097,576,960,540,-137,-36,-1.28125,0.5163742470958259
1671,1085,576,960,540,-125,-36,-0.90625,0.4779419596530602
1672,1071,576,960,540,-111,-36,-0.46875,0.4495072815661618
1673,1068,576,960,540,-108,-36,-0.375,0.48245858294370125
1674,1068,576,960,540,-108,-36,-0.375,0.4779118765364455
1675,1068,576,960,540,-108,-36,-0.375,0.4869924695503811
1676,1068,577,960,540,-108,-37,-0.375,0.5240295065874181
1677,1068,577,960,540,-108,-37,-0.375,0.5023050950953423
1678,1068,577,960,540,-108,-37,-0.375,0.5158544685551903
1679,1068,576,960,540,-108,-36,-0.375,0.4855796514171675
1680,1068,576,960,540,-108,-36,-0.375,0.4783913160811727
1681,1068,576,960,540,-108,-36,-0.375,0.4382052115304982
1682,1068,576,960,540,-108,-36,-0.375,0.4561548606840983
1683,1068,576,960,540,-108,-36,-0.375,0.49851822725461414
1684,1068,576,960,540,-108,-36,-0.375,0.4784576647823773
1685,1068,576,960,540,-108,-36,-0.375,0.47266807395446886
1686,1068,576,960,540,-108,-36,-0.375,0.46373386965876884
1687,1069,576,960,540,-109,-36,-0.40625,0.4789300786594549
1688,1069,576,960,540,-109,-36,-0.40625,0.47308233624588947
1689,1069,576,960,540,-109,-36,-0.40625,0.46345117168614236
1690,1067,456,960,540,-107,84,-0.34375,-3.966011932010656
1691,1066,456,960,540,-106,84,-0.3125,-3.9800911850934106
1692,1066,456,960,540,-106,84,-0.3125,-3.967464827072368
1693,1066,456,960,540,-106,84,-0.3125,-3.977700627471373
1694,1066,456,960,540,-106,84,-0.3125,-3.9698462625867124
1695,1066,457,960,540,-106,83,-0.3125,-3.925100516658299
1696,1066,464,960,540,-106,76,-0.3125,-3.6544294151598193
1697,1066,471,960,540,-106,69,-0.3125,-3.3985974009912825
1698,1066,473,960,540,-106,67,-0.3125,-3.3321891376986867
1699,1066,487,960,540,-106,53,-0.3125,-2.810939290206063
1700,1066,498,960,540,-106,42,-0.3125,-2.4035318827986556
1701,1066,500,960,540,-106,40,-0.3125,-2.3361760753725593
1702,1067,501,960,540,-107,39,-0.34375,-2.3004424670579535
1703,1068,500,960,540,-108,40,-0.375,-2.3102811683615974
1704,1068,500,960,540,-108,40,-0.375,-2.3280587007266136
1705,1068,500,960,540,-108,40,-0.375,-2.319897157176167
1706,1068,500,960,540,-108,40,-0.375,-2.324032024931863
1707,1069,506,960,540,-109,34,-0.40625,-2.0944412883175265
1708,1069,518,960,540,-109,22,-0.40625,-1.6503604599238795
1709,1071,526,960,540,-111,14,-0.46875,-1.2965588174245695
1710,1072,528,960,540,-112,12,-0.5,-1.2649423602492267
1711,1072,528,960,540,-112,12,-0.5,-1.264310205340472
1712,1073,529,960,540,-113,11,-0.53125,-1.2282956516086352
1713,1073,529,960,540,-113,11,-0.53125,-1.221629539856364
1714,1073,528,960,540,-113,12,-0.53125,-1.2237459686550387
1715,1073,527,960,540,-113,13,-0.53125,-1.2278829037238925
1716,1072,527,960,540,-112,13,-0.5,-1.2691890049023806
1717,1072,527,960,540,-112,13,-0.5,-1.2436322699017495
1718,1072,526,960,540,-112,14,-0.5,-1.2982685642103604
1719,1072,527,960,540,-112,13,-0.5,-1.252734543854384
1720,1073,527,960,540,-113,13,-0.53125,-1.2734138940899877
1721,1073,527,960,540,-113,13,-0.53125,-1.2499822726358616
1722,1073,527,960,540,-113,13,-0.53125,-1.2670870272680987
1723,1073,528,960,540,-113,12,-0.53125,-1.2493898784649329
1724,1072,533,960,540,-112,7,-0.5,-1.0864009201990474
1725,1071,543,960,540,-111,-3,-0.46875,-0.6928002395954203
1726,1070,554,960,540,-110,-14,-0.4375,-0.3314148395354114
1727,1068,558,960,540,-108,-18,-0.375,-0.18658713486840384
1728,1069,558,960,540,-109,-18,-0.40625,-0.18143130265549012
1729,1069,558,960,540,-109,-18,-0.40625,-0.1913461451454025
1730,1069,558,960,540,-109,-18,-0.40625,-0.17420489384557436
1731,1070,558,960,540,-110,-18,-0.4375,-0.19380137858974722
1732,1071,556,960,540,-111,-16,-0.46875,-0.2678754526638213
1733,1071,556,960,540,-111,-16,-0.46875,-0.24271825988787998
1734,1070,558,960,540,-110,-18,-0.4375,-0.17950077727239055
1735,1070,559,960,540,-110,-19,-0.4375,-0.15091560510020763
1736,1070,558,960,540,-110,-18,-0.4375,-0.18795264213724472
1737,1071,558,960,540,-111,-18,-0.46875,-0.15472687680188235
1738,1071,558,960,540,-111,-18,-0.46875,-0.19038718396743304
1739,1069,558,960,540,-109,-18,-0.40625,-0.19014560644983525
1740,1069,558,960,540,-109,-18,-0.40625,-0.18081446190642614
1741,1070,558,960,540,-110,-18,-0.4375,-0.17818326860026756
1742,1071,556,960,540,-111,-16,-0.46875,-0.14756058922239979
1743,714,395,960,540,246,145,10.6875,-6.757145075745508
1744,714,395,960,540,246,145,10.6875,-6.780364720828971
1745,714,395,960,540,246,145,10.6875,-6.772758741151233
1746,714,395,960,540,246,145,10.6875,-6.766339427903608
1747,715,395,960,540,245,145,10.65625,-6.769237609702138
1748,722,402,960,540,238,138,10.4375,-6.480439258475689
1749,747,416,960,540,213,124,9.65625,-5.979329512786037
1750,770,423,960,540,190,117,8.9375,-5.709002264560736
1751,774,423,960,540,186,117,8.8125,-5.684963142980586
1752,774,424,960,540,186,116,8.8125,-5.6723619387720206
1753,777,430,960,540,183,110,8.71875,-5.426595063288882
1754,790,444,960,540,170,96,8.3125,-4.942345620343216
1755,815,462,960,540,145,78,7.53125,-4.256570755487069
1756,847,476,960,540,113,64,6.53125,-3.7464415266498774
1757,864,482,960,540,96,58,6.0,-3.4914317808668693
1758,864,481,960,540,96,59,6.0,-3.526004371940058
1759,867,487,960,540,93,53,5.90625,-3.346669568491758
1760,891,503,960,540,69,37,5.15625,-2.7699076297361347
1761,918,512,960,540,42,28,4.3125,-2.3843151844610215
1762,923,512,960,540,37,28,4.15625,-2.3975483618303155
1763,927,513,960,540,33,27,4.03125,-2.3724829152602007
1764,940,513,960,540,20,27,3.625,-2.3817744994453767
1765,952,513,960,540,8,27,3.25,-2.3742176728163873
1766,954,513,960,540,6,27,3.1875,-2.368699655104293
1767,955,513,960,540,5,27,3.15625,-2.36377896203759
1768,956,513,960,540,4,27,3.125,-2.3550628671866374
1769,956,516,960,540,4,24,3.125,-2.258579136958799
1770,956,529,960,540,4,11,3.125,-1.79342116946053
1771,956,539,960,540,4,1,3.125,-1.4283264157159317
1772,956,539,960,540,4,1,3.125,-1.386231968605371
1773,956,540,960,540,4,0,3.125,-1.3872441427709519
1774,956,539,960,540,4,1,3.125,-1.40303128780373
1775,956,539,960,540,4,1,3.125,-1.405875641107081
1776,956,539,960,540,4,1,3.125,-1.4056535744540724
1777,963,539,960,540,-3,1,2.90625,-1.3907071234078
1778,978,539,960,540,-18,1,2.4375,-1.395367245880215
1779,984,539,960,540,-24,1,2.25,-1.3901704849350829
1780,984,539,960,540,-24,1,2.25,-1.3982676338537054
1781,983,540,960,540,-23,0,2.28125,-1.3661349770431017
1782,983,547,960,540,-23,-7,2.28125,-1.0903604835318015
1783,983,559,960,540,-23,-19,2.28125,-0.6538192851103193
1784,983,567,960,540,-23,-27,2.28125,-0.36012716387756494
1785,983,569,960,540,-23,-29,2.28125,-0.28262633923030966
1786,987,569,960,540,-27,-29,2.15625,-0.28045448325549915
1787,1002,568,960,540,-42,-28,1.6875,-0.35084751327615926
1788,1013,568,960,540,-53,-28,1.34375,-0.338580700145918
1789,1013,568,960,540,-53,-28,1.34375,-0.33406358146648607
1790,1014,567,960,540,-54,-27,1.3125,-0.37530324190777486
1791,1014,562,960,540,-54,-22,1.3125,-0.5452605381375494
1792,1014,555,960,540,-54,-15,1.3125,-0.8198051769646773
1793,1014,554,960,540,-54,-14,1.3125,-0.8417584218623902
1794,1014,554,960,540,-54,-14,1.3125,-0.8457117480213213
1795,1014,554,960,540,-54,-14,1.3125,-0.8416125569833591
1796,1014,554,960,540,-54,-14,1.3125,-0.8544224185319683
1797,1014,555,960,540,-54,-15,1.3125,-0.8163698209401398
1798,1014,555,960,540,-54,-15,1.3125,-0.832696531546141
1799,1014,558,960,540,-54,-18,1.3125,-0.7117785104031503
1800,1014,564,960,540,-54,-24,1.3125,-0.4891139445813777
1801,1014,567,960,540,-54,-27,1.3125,-0.35126662220833804
1802,1017,567,960,540,-57,-27,1.21875,-0.4003359072702597
1803,1028,567,960,540,-68,-27,0.875,-0.3960912516087898
1804,1041,568,960,540,-81,-28,0.46875,-0.35319099960358646
1805,1044,568,960,540,-84,-28,0.375,-0.3456432696647329
1806,1044,568,960,540,-84,-28,0.375,-0.3473278615024098
1807,1044,561,960,540,-84,-21,0.375,-0.5748033313936054
1808,1044,553,960,540,-84,-13,0.375,-0.8540079093796962
1809,1044,553,960,540,-84,-13,0.375,-0.8686354212536322
1810,1044,553,960,540,-84,-13,0.375,-0.8496897213878218
1811,1044,553,960,540,-84,-13,0.375,-0.8662931653063668
1812,1044,558,960,540,-84,-18,0.375,-0.7344620381681087
1813,1044,566,960,540,-84,-26,0.375,-0.4269965277849098
1814,1044,568,960,540,-84,-28,0.375,-0.3695584967728096
1815,1044,568,960,540,-84,-28,0.375,-0.36039670321285366
1816,1044,568,960,540,-84,-28,0.375,-0.3529511690868159
1817,1044,569,960,540,-84,-29,0.375,-0.3089472577185002
1818,1044,569,960,540,-84,-29,0.375,-0.31792843150982186
1819,1044,569,960,540,-84,-29,0.375,-0.3072023882412098
1820,1044,568,960,540,-84,-28,0.375,-0.3526897180007307
1821,1044,568,960,540,-84,-28,0.375,-0.3526897180007307
1822,1044,569,960,540,-84,-29,0.375,-0.29223647482838033
1823,1044,569,960,540,-84,-29,0.375,-0.31300390764954855
1824,1045,569,960,540,-85,-29,0.34375,-0.32733000771214105
1825,1045,569,960,540,-85,-29,0.34375,-0.32959828219281495
1826,1045,569,960,540,-85,-29,0.34375,-0.322840038877638
1827,1045,569,960,540,-85,-29,0.34375,-0.32064688922599704
1828,1045,569,960,540,-85,-29,0.34375,-0.33107933226491504
1829,1045,569,960,540,-85,-29,0.34375,-0.3082370090967721
1830,1045,569,960,540,-85,-29,0.34375,-0.3267574595505922
1831,1045,568,960,540,-85,-28,0.34375,-0.37673856048031684
1832,1045,568,960,540,-85,-28,0.34375,-0.3711108071366094
1833,1045,568,960,540,-85,-28,0.34375,-0.3659486871867801
1834,1045,568,960,540,-85,-28,0.34375,-0.3703523117812144
1835,1045,568,960,540,-85,-28,0.34375,-0.356258903916411
1836,1045,568,960,540,-85,-28,0.34375,-0.3680645674640577
1837,1045,568,960,540,-85,-28,0.34375,-0.37114157969918615
1838,1045,568,960,540,-85,-28,0.34375,-0.35108072301961224
1839,1046,568,960,540,-86,-28,0.3125,-0.3606676999938325
1840,1045,568,960,540,-85,-28,0.34375,-0.37821958967310243
1841,1045,569,960,540,-85,-29,0.34375,-0.3202329691607968
1842,1045,569,960,540,-85,-29,0.34375,-0.32791728474186876
1843,1045,569,960,540,-85,-29,0.34375,-0.329705886433294
1844,1045,569,960,540,-85,-29,0.34375,-0.33786456275307253
1845,1045,569,960,540,-85,-29,0.34375,-0.3177050600894147
1846,1045,569,960,540,-85,-29,0.34375,-0.34595547937716065
1847,1045,569,960,540,-85,-29,0.34375,-0.32717406978384855
1848,1045,569,960,540,-85,-29,0.34375,-0.3289947693608388
1849,1045,569,960,540,-85,-29,0.34375,-0.339169343186253
1850,1045,568,960,540,-85,-28,0.34375,-0.3626888496338623
1851,1045,568,960,540,-85,-28,0.34375,-0.36746163767966333
1852,1045,568,960,540,-85,-28,0.34375,-0.3540198239300052
1853,1045,568,960,540,-85,-28,0.34375,-0.3616524662277718
1854,1045,568,960,540,-85,-28,0.34375,-0.3546913825069973
1855,1045,568,960,540,-85,-28,0.34375,-0.3630343614734799
1856,1045,568,960,540,-85,-28,0.34375,-0.38160560685305533
1857,1045,569,960,540,-85,-29,0.34375,-0.32652319154955833
1858,1045,568,960,540,-85,-28,0.34375,-0.37139265890790707
1859,1045,568,960,540,-85,-28,0.34375,-0.3640795162595123
1860,1045,569,960,540,-85,-29,0.34375,-0.32296766886693384
1861,1045,569,960,540,-85,-29,0.34375,-0.3218152975089448
1862,1045,569,960,540,-85,-29,0.34375,-0.3229419713697399
1863,1046,569,960,540,-86,-29,0.3125,-0.3343660612195216
1864,1045,569,960,540,-85,-29,0.34375,-0.33276814293677237
1865,1045,568,960,540,-85,-28,0.34375,-0.37189438914744044
1866,1045,569,960,540,-85,-29,0.34375,-0.3183760571586527
1867,1045,569,960,540,-85,-29,0.34375,-0.3057125608522786
1868,1045,569,960,540,-85,-29,0.34375,-0.31800545455485385
1869,1046,569,960,540,-86,-29,0.3125,-0.2988709367739193
1870,1045,568,960,540,-85,-28,0.34375,-0.34393141438876484
1871,1045,568,960,540,-85,-28,0.34375,-0.3615269776600796
1872,1046,568,960,540,-86,-28,0.3125,-0.3320757355574313
1873,1046,567,960,540,-86,-27,0.3125,-0.3641804064133145
1874,1046,567,960,540,-86,-27,0.3125,-0.3537968669326732
1875,1047,568,960,540,-87,-28,0.28125,-0.3331272249575845
1876,1047,568,960,540,-87,-28,0.28125,-0.3464438142767734
1877,1047,569,960,540,-87,-29,0.28125,-0.306367091033537
1878,1048,569,960,540,-88,-29,0.25,-0.29572653501853763
1879,1049,569,960,540,-89,-29,0.21875,-0.2933267072837302
1880,1050,569,960,540,-90,-29,0.1875,-0.30418185239457696
1881,1050,570,960,540,-90,-30,0.1875,-0.2632258862130179
1882,1050,571,960,540,-90,-31,0.1875,-0.2367241386047374
1883,1050,571,960,540,-90,-31,0.1875,-0.23285668769004864
1884,1051,571,960,540,-91,-31,0.15625,-0.22540244555560918
1885,1051,571,960,540,-91,-31,0.15625,-0.23670646831567455
1886,1052,570,960,540,-92,-30,0.125,-0.29215065466164125
1887,1052,570,960,540,-92,-30,0.125,-0.28717637127443063
1888,1052,569,960,540,-92,-29,0.125,-0.3160118323348944
1889,1052,569,960,540,-92,-29,0.125,-0.30680706027449567
1890,1052,569,960,540,-92,-29,0.125,-0.3055395238208338
1891,1053,569,960,540,-93,-29,0.09375,-0.30741372910318954
1892,1053,569,960,540,-93,-29,0.09375,-0.3072370706436869
1893,1054,569,960,540,-94,-29,0.0625,-0.28727132332613636
1894,1054,570,960,540,-94,-30,0.0625,-0.2787795408510221
1895,1054,569,960,540,-94,-29,0.0625,-0.3215291314895776
1896,1053,569,960,540,-93,-29,0.09375,-0.3100298794852223
1897,1053,568,960,540,-93,-28,0.09375,-0.3448992297605926
1898,1053,568,960,540,-93,-28,0.09375,-0.33288228289781485
1899,1054,569,960,540,-94,-29,0.0625,-0.3055644639888371
1900,1054,569,960,540,-94,-29,0.0625,-0.2918764282219828
1901,1055,569,960,540,-95,-29,0.03125,-0.29953311985621545
1902,1055,569,960,540,-95,-29,0.03125,-0.317174072436446
1903,1056,569,960,540,-96,-29,0.0,-0.29684009161966873
1904,1056,570,960,540,-96,-30,0.0,-0.25980305458263153
1905,1056,570,960,540,-96,-30,0.0,-0.2838834843604314
1906,1056,570,960,540,-96,-30,0.0,-0.2839760607703057
1907,1056,570,960,540,-96,-30,0.0,-0.2866754610880251
1908,1056,570,960,540,-96,-30,0.0,-0.2758533694408962
1909,1056,570,960,540,-96,-30,0.0,-0.2690477427718243
1910,1056,570,960,540,-96,-30,0.0,-0.27918150470463043
1911,1056,570,960,540,-96,-30,0.0,-0.26850511448933734
1912,1055,570,960,540,-95,-30,0.03125,-0.27306904721507874
1913,1055,570,960,540,-95,-30,0.03125,-0.27021446934777615
1914,1055,570,960,540,-95,-30,0.03125,-0.2962750288415261
1915,1054,570,960,540,-94,-30,0.0625,-0.2856075614049145
1916,1054,570,960,540,-94,-30,0.0625,-0.2943221752694438
1917,1054,571,960,540,-94,-31,0.0625,-0.2415920269227445
1918,1054,571,960,540,-94,-31,0.0625,-0.23191652508780614
1919,1054,570,960,540,-94,-30,0.0625,-0.27272662133959047
1920,1054,570,960,540,-94,-30,0.0625,-0.27045713237064684
1921,1055,571,960,540,-95,-31,0.03125,-0.22559505300865013
1922,1055,571,960,540,-95,-31,0.03125,-0.23455115920876213
1923,1055,571,960,540,-95,-31,0.03125,-0.2410853150770147
1924,1055,570,960,540,-95,-30,0.03125,-0.27600023061760237
1925,1055,570,960,540,-95,-30,0.03125,-0.26036468682780134
1926,1055,571,960,540,-95,-31,0.03125,-0.20096221097993805
1927,1055,571,960,540,-95,-31,0.03125,-0.21186965624581489
1928,1056,570,960,540,-96,-30,0.0,-0.23148499427092073
1929,1056,570,960,540,-96,-30,0.0,-0.26011133768761563
1930,1057,570,960,540,-97,-30,-0.03125,-0.24491487867601935
1931,1057,570,960,540,-97,-30,-0.03125,-0.2658008342666096
1932,1057,571,960,540,-97,-31,-0.03125,-0.21979092551599733
1933,1057,570,960,540,-97,-30,-0.03125,-0.2542676096120644
1934,1057,570,960,540,-97,-30,-0.03125,-0.2669627076454708
1935,1057,570,960,540,-97,-30,-0.03125,-0.26708227043220667
1936,1057,570,960,540,-97,-30,-0.03125,-0.2599234577130807
1937,1057,570,960,540,-97,-30,-0.03125,-0.2529069814087097
1938,1057,570,960,540,-97,-30,-0.03125,-0.265820845005577
1939,1057,570,960,540,-97,-30,-0.03125,-0.27607361932902963
1940,1056,570,960,540,-96,-30,0.0,-0.291241896384675
1941,1056,571,960,540,-96,-31,0.0,-0.25734857998140814
1942,1056,571,960,540,-96,-31,0.0,-0.21494185460717197
1943,1056,571,960,540,-96,-31,0.0,-0.23698282379040125
1944,1055,570,960,540,-95,-30,0.03125,-0.26734908580839867
1945,1055,570,960,540,-95,-30,0.03125,-0.28799870058534194
1946,1055,571,960,540,-95,-31,0.03125,-0.22116901469993788
1947,1055,571,960,540,-95,-31,0.03125,-0.2087416519885974
1948,1055,571,960,540,-95,-31,0.03125,-0.2299578725250797
1949,1055,571,960,540,-95,-31,0.03125,-0.21552373142446313
1950,1055,571,960,540,-95,-31,0.03125,-0.21552373142446313
1951,1054,570,960,540,-94,-30,0.0625,-0.2736319930974429
1952,1049,569,960,540,-89,-29,0.21875,-0.3252227870186548
1953,1041,569,960,540,-81,-29,0.46875,-0.3313734623418838
1954,1032,569,960,540,-72,-29,0.75,-0.2801907283872933
1955,1022,569,960,540,-62,-29,1.0625,-0.24087568144937155
1956,1012,570,960,540,-52,-30,1.375,-0.22094571834506538
1957,996,573,960,540,-36,-33,1.875,-0.10591968276948571
1958,979,578,960,540,-19,-38,2.40625,0.10569079729484487
1959,967,581,960,540,-7,-41,2.78125,0.16856998851438365
1960,951,585,960,540,9,-45,3.28125,0.296235915032653
1961,933,588,960,540,27,-48,3.84375,0.4375078442390903
1962,927,591,960,540,33,-51,4.03125,0.49292045679776164
1963,928,592,960,540,32,-52,4.0,0.5492918595032843
1964,925,596,960,540,35,-56,4.09375,0.7044859950207889
1965,913,602,960,540,47,-62,4.46875,0.9923689049815367
1966,908,608,960,540,52,-68,4.625,1.263453223967008
1967,924,613,960,540,36,-73,4.125,1.327634169230636
1968,934,618,960,540,26,-78,3.8125,1.6034474171228035
1969,927,622,960,540,33,-82,4.03125,1.787282646421925
1970,922,625,960,540,38,-85,4.1875,1.894204980754839
1971,920,626,960,540,40,-86,4.25,1.945122347631514
1972,934,620,960,540,26,-80,3.8125,1.6063498599255328
1973,946,613,960,540,14,-73,3.4375,1.3596326377468708
1974,947,607,960,540,13,-67,3.40625,1.189970983185996
1975,949,600,960,540,11,-60,3.34375,0.9307117239267368
1976,963,590,960,540,-3,-50,2.90625,0.6166879469449609
1977,977,580,960,540,-17,-40,2.46875,0.2207264498375514
1978,978,578,960,540,-18,-38,2.4375,0.18860231230143243
1979,989,578,960,540,-29,-38,2.09375,0.12124795101528418
1980,1007,578,960,540,-47,-38,1.53125,0.19537490429905224
1981,1013,577,960,540,-53,-37,1.34375,0.05704863660493298
1982,1014,576,960,540,-54,-36,1.3125,0.11802873592642515
1983,1015,579,960,540,-55,-39,1.28125,0.2647171152423402
1984,1016,586,960,540,-56,-46,1.25,0.331703514784651
1985,1017,589,960,540,-57,-49,1.21875,0.47658731646412456
1986,1017,589,960,540,-57,-49,1.21875,0.466145062436661
1987,1017,589,960,540,-57,-49,1.21875,0.4961380258702821
1988,1017,588,960,540,-57,-48,1.21875,0.4694020517492967
1989,1018,588,960,540,-58,-48,1.1875,0.44403141847321215
1990,1018,587,960,540,-58,-47,1.1875,0.458136037233148
1991,1018,587,960,540,-58,-47,1.1875,0.4142763986724738
1992,1017,588,960,540,-57,-48,1.21875,0.43655175308404837
1993,1017,589,960,540,-57,-49,1.21875,0.4516075526726002
1994,1018,589,960,540,-58,-49,1.1875,0.48112035032179157
1995,1018,589,960,540,-58,-49,1.1875,0.4606290070296617
1996,1018,589,960,540,-58,-49,1.1875,0.4606290070296617
1997,1018,589,960,540,-58,-49,1.1875,0.4816771987758566
1998,1020,589,960,540,-60,-49,1.125,0.4144955616277317
1999,1021,590,960,540,-61,-50,1.09375,0.4310519672262847
2000,1030,592,960,540,-70,-52,0.8125,0.4813748669531974
2001,1045,591,960,540,-85,-51,0.34375,0.4843271230836088
2002,1053,587,960,540,-93,-47,0.09375,0.37444276438053414
2003,1054,585,960,540,-94,-45,0.0625,0.25437934347316626
2004,1060,580,960,540,-100,-40,-0.125,0.21051347553917665
2005,1066,575,960,540,-106,-35,-0.3125,0.025328290353991534
2006,1061,570,960,540,-101,-30,-0.15625,-0.2116563490006258
2007,1058,563,960,540,-98,-23,-0.0625,-0.48791920381727194
2008,1068,558,960,540,-108,-18,-0.375,-0.6011510215390378
2009,1085,552,960,540,-125,-12,-0.90625,-0.8778486049021696
2010,1103,547,960,540,-143,-7,-1.46875,-1.053482334190617
2011,1122,542,960,540,-162,-2,-2.0625,-1.2161509265265278
2012,1141,539,960,540,-181,1,-2.65625,-1.3684520265769555
2013,1155,536,960,540,-195,4,-3.09375,-1.4427153827122623
2014,1170,533,960,540,-210,7,-3.5625,-1.5788369702377645
2015,1180,530,960,540,-220,10,-3.875,-1.66868852732854
2016,1185,528,960,540,-225,12,-4.03125,-1.771245762896229
2017,1196,528,960,540,-236,12,-4.375,-1.7831761579981937
2018,1211,536,960,540,-251,4,-4.84375,-1.4808851794685998
2019,1223,548,960,540,-263,-8,-5.21875,-1.0377170166172738
2020,1232,555,960,540,-272,-15,-5.5,-0.7644392242691751
2021,1238,557,960,540,-278,-17,-5.6875,-0.6713091956501107
2022,1231,556,960,540,-271,-16,-5.46875,-0.7283291279311999
2023,1222,556,960,540,-262,-16,-5.1875,-0.7148625858619095
2024,1223,557,960,540,-263,-17,-5.21875,-0.6867745118262363
2025,1209,558,960,540,-249,-18,-4.78125,-0.6444712684365365
2026,1186,558,960,540,-226,-18,-4.0625,-0.6543104297804637
2027,1175,559,960,540,-215,-19,-3.71875,-0.5986272240116466
2028,1167,559,960,540,-207,-19,-3.46875,-0.6056305706416796
2029,1154,559,960,540,-194,-19,-3.0625,-0.6188311162364859
2030,1141,558,960,540,-181,-18,-2.65625,-0.6452355783253344
2031,1131,558,960,540,-171,-18,-2.34375,-0.6376703563811835
2032,1117,558,960,540,-157,-18,-1.90625,-0.6341214667666445
2033,1105,558,960,540,-145,-18,-1.53125,-0.6243012245307741
2034,1100,558,960,540,-140,-18,-1.375,-0.6296554793697825
2035,1098,558,960,540,-138,-18,-1.3125,-0.652507875582044
2036,1095,559,960,540,-135,-19,-1.21875,-0.6197085481460698
2037,1093,559,960,540,-133,-19,-1.15625,-0.6400969074898539
2038,1092,559,960,540,-132,-19,-1.125,-0.639040915463218
2039,1090,560,960,540,-130,-20,-1.0625,-0.598158006645878
2040,1089,561,960,540,-129,-21,-1.03125,-0.5528062119581587
2041,1087,562,960,540,-127,-22,-0.96875,-0.5157691749211216
2042,1086,573,960,540,-126,-33,-0.9375,-0.113391793737744
2043,1084,586,960,540,-124,-46,-0.875,0.38028777266096414
2044,1083,589,960,540,-123,-49,-0.84375,0.4949425928772937
2045,1083,589,960,540,-123,-49,-0.84375,0.5088868182648012
2046,1083,589,960,540,-123,-49,-0.84375,0.5111378963642399
2047,1083,589,960,540,-123,-49,-0.84375,0.5214034100230973
2048,1082,582,960,540,-122,-42,-0.8125,0.22681632727613876
2049,1082,576,960,540,-122,-36,-0.8125,0.024305963815243192
2050,1082,576,960,540,-122,-36,-0.8125,0.01253211933705578
2051,1081,576,960,540,-121,-36,-0.78125,0.015099414579618387
2052,1080,576,960,540,-120,-36,-0.75,-0.02047745923881772
2053,1080,576,960,540,-120,-36,-0.75,0.005377290645356414
2054,1080,577,960,540,-120,-37,-0.75,0.04955666159111671
2055,1077,577,960,540,-117,-37,-0.65625,0.05427037503634047
2056,1062,578,960,540,-102,-38,-0.1875,0.05971433680225524
2057,1050,578,960,540,-90,-38,0.1875,0.06807505274620906
2058,1048,579,960,540,-88,-39,0.25,0.10530194424241501
2059,1046,579,960,540,-86,-39,0.3125,0.12014503593709902
2060,1047,579,960,540,-87,-39,0.28125,0.11007586472651076
2061,1053,579,960,540,-93,-39,0.09375,0.08920654701477204
2062,1062,578,960,540,-102,-38,-0.1875,0.11745798967092558
2063,1066,577,960,540,-106,-37,-0.3125,0.0671607478544709
2064,1065,577,960,540,-105,-37,-0.28125,0.08064569392338772
2065,1065,577,960,540,-105,-37,-0.28125,0.08028199581554274
2066,1065,576,960,540,-105,-36,-0.28125,0.0437820552719943
2067,1065,576,960,540,-105,-36,-0.28125,0.04224037166779859
2068,1065,576,960,540,-105,-36,-0.28125,0.04422240105818065
2069,1065,576,960,540,-105,-36,-0.28125,0.03895316590178899
2070,1065,576,960,540,-105,-36,-0.28125,0.04378620537220379
2071,1065,576,960,540,-105,-36,-0.28125,0.041018376630839626
2072,1065,576,960,540,-105,-36,-0.28125,0.05885417736842635
2073,1064,577,960,540,-104,-37,-0.25,0.09116235631924696
2074,1064,577,960,540,-104,-37,-0.25,0.09245789751757894
2075,1064,576,960,540,-104,-36,-0.25,0.05444548073267064
2076,1064,576,960,540,-104,-36,-0.25,0.06013086637024978
2077,1064,576,960,540,-104,-36,-0.25,0.07088556090696163
2078,1064,576,960,540,-104,-36,-0.25,0.058456789975440904
2079,1064,576,960,540,-104,-36,-0.25,0.05249768101856933
2080,1064,577,960,540,-104,-37,-0.25,0.08384991740563486
2081,1064,577,960,540,-104,-37,-0.25,0.0974465661330497
2082,1064,577,960,540,-104,-37,-0.25,0.0998783993932848
2083,1064,576,960,540,-104,-36,-0.25,0.06198761533289865
2084,1064,575,960,540,-104,-35,-0.25,0.01576807659133017
2085,1064,575,960,540,-104,-35,-0.25,0.006989945546479692
2086,1065,574,960,540,-105,-34,-0.28125,-0.03445318725187407
2087,1066,573,960,540,-106,-33,-0.3125,-0.0857717311251982
2088,1067,572,960,540,-107,-32,-0.34375,-0.0991724495257067
2089,1068,569,960,540,-108,-29,-0.375,-0.14729502272050965
2090,1069,565,960,540,-109,-25,-0.40625,-0.18639238971888017
2091,1069,563,960,540,-109,-23,-0.40625,-0.306939810581649
2092,1069,565,960,540,-109,-25,-0.40625,-0.22181719412883116
2093,1069,567,960,540,-109,-27,-0.40625,-0.29208279142563054
2094,1071,570,960,540,-111,-30,-0.46875,-0.1438990250050085
2095,1071,571,960,540,-111,-31,-0.46875,-0.03961442429751627
2096,1072,571,960,540,-112,-31,-0.5,-0.06234588521558293
2097,1072,571,960,540,-112,-31,-0.5,-0.08340790016430155
2098,1071,571,960,540,-111,-31,-0.46875,-0.08340790016430155
2099,1070,571,960,540,-110,-31,-0.4375,-0.10289681758790192
2100,1068,572,960,540,-108,-32,-0.375,-0.05418531588710951
2101,1061,573,960,540,-101,-33,-0.15625,-0.11465348697679789
2102,1050,574,960,540,-90,-34,0.1875,0.037751853644009126
2103,1044,573,960,540,-84,-33,0.375,0.0008156126088298965
2104,1045,572,960,540,-85,-32,0.34375,-0.047971992231424565
2105,1053,571,960,540,-93,-31,0.09375,-0.1407988993737863
2106,1064,570,960,540,-104,-30,-0.25,-0.07562033398365164
2107,1071,570,960,540,-111,-30,-0.46875,-0.09944809348881178
2108,1072,571,960,540,-112,-31,-0.5,-0.15896293429051767
2109,1073,572,960,540,-113,-32,-0.53125,-0.0907326112160356
2110,1073,572,960,540,-113,-32,-0.53125,-0.07899278009868338
2111,1074,572,960,540,-114,-32,-0.5625,-0.0460811854583163
2112,1071,573,960,540,-111,-33,-0.46875,-0.07769177691893514
2113,1060,573,960,540,-100,-33,-0.125,-0.053748318905001646
2114,1051,572,960,540,-91,-32,0.15625,-0.02852543754178405
2115,1047,571,960,540,-87,-31,0.28125,-0.03249292227557232
2116,1052,569,960,540,-92,-29,0.125,-0.1517731089445904
2117,1064,570,960,540,-104,-30,-0.25,-0.09987475901749066
2118,1072,572,960,540,-112,-32,-0.5,-0.19369226239079262
2119,1074,575,960,540,-114,-35,-0.5625,-0.08978834393874147
2120,1074,576,960,540,-114,-36,-0.5625,-0.05830418803751791
2121,1075,575,960,540,-115,-35,-0.59375,0.007170908045518898
2122,1076,573,960,540,-116,-33,-0.625,0.02523178263045822
2123,1071,572,960,540,-111,-32,-0.46875,-0.12366361919227109
2124,1059,573,960,540,-99,-33,-0.09375,-0.040137021655950234
2125,1050,573,960,540,-90,-33,0.1875,-0.030923340833872492
2126,1047,574,960,540,-87,-34,0.28125,-0.10354276154514519
2127,1046,575,960,540,-86,-35,0.3125,0.014774145330533228
2128,1046,575,960,540,-86,-35,0.3125,0.008493867700439584
2129,1046,573,960,540,-86,-33,0.3125,-0.09646833083201245
2130,1046,573,960,540,-86,-33,0.3125,-0.12252638356076728
2131,1047,573,960,540,-87,-33,0.28125,-0.09568624434841277
2132,1047,573,960,540,-87,-33,0.28125,-0.1496174401400896
2133,1048,572,960,540,-88,-32,0.25,-0.10675430710259559
2134,1048,571,960,540,-88,-31,0.25,-0.18118519594075533
2135,1048,571,960,540,-88,-31,0.25,-0.17512448591511665
2136,1047,572,960,540,-87,-32,0.28125,-0.17581209063932168
2137,1047,572,960,540,-87,-32,0.28125,-0.11482753884813857
2138,1048,572,960,540,-88,-32,0.25,-0.1451726328227998
2139,1048,572,960,540,-88,-32,0.25,-0.09953861039530376
2140,1048,573,960,540,-88,-33,0.25,-0.12338451421541774
2141,1048,573,960,540,-88,-33,0.25,-0.10609037568196578
2142,1049,573,960,540,-89,-33,0.21875,-0.10729800816693968
2143,1049,573,960,540,-89,-33,0.21875,-0.0941095424150662
2144,1049,572,960,540,-89,-32,0.21875,-0.12943323113401273
2145,1049,572,960,540,-89,-32,0.21875,-0.11740600347299979
2146,1049,573,960,540,-89,-33,0.21875,-0.1401128135517007
2147,1049,573,960,540,-89,-33,0.21875,-0.08384042070522724
2148,1050,572,960,540,-90,-32,0.1875,-0.11787613482664905
2149,1050,572,960,540,-90,-32,0.1875,-0.13844393295087687
2150,1050,572,960,540,-90,-32,0.1875,-0.0996837338487282
2151,1049,572,960,540,-89,-32,0.21875,-0.14002532295774328
2152,1049,572,960,540,-89,-32,0.21875,-0.16972437060706014
2153,1049,572,960,540,-89,-32,0.21875,-0.16661909163903776
2154,1049,572,960,540,-89,-32,0.21875,-0.13077123256981338
2155,1050,572,960,540,-90,-32,0.1875,-0.1312150655325397
2156,1050,572,960,540,-90,-32,0.1875,-0.08020502797160156
2157,1051,572,960,540,-91,-32,0.15625,-0.12347917525202434
2158,1050,573,960,540,-90,-33,0.1875,-0.11930787732213322
2159,1050,573,960,540,-90,-33,0.1875,-0.14939072467198589
2160,1050,573,960,540,-90,-33,0.1875,-0.11219943977344538
2161,1050,573,960,540,-90,-33,0.1875,-0.07111330019457585
2162,1050,573,960,540,-90,-33,0.1875,-0.10651271367863901
2163,1049,573,960,540,-89,-33,0.21875,-0.11109314857043873
2164,1049,573,960,540,-89,-33,0.21875,-0.09968780993046544
2165,1050,572,960,540,-90,-32,0.1875,-0.15591857012598553
2166,1050,572,960,540,-90,-32,0.1875,-0.14559466300879742
2167,1050,573,960,540,-90,-33,0.1875,-0.09736969429808884
2168,1050,572,960,540,-90,-32,0.1875,-0.13707018155256745
2169,1050,572,960,540,-90,-32,0.1875,-0.11195801905561575
2170,1051,571,960,540,-91,-31,0.15625,-0.018389686924785265
2171,1051,571,960,540,-91,-31,0.15625,-0.07737078705279155
2172,1052,571,960,540,-92,-31,0.125,-0.13184049497006578
2173,1051,572,960,540,-91,-32,0.15625,-0.09019501196443325
2174,1051,573,960,540,-91,-33,0.15625,-0.04032164501064228
2175,1051,573,960,540,-91,-33,0.15625,-0.03506725461629667
2176,1051,573,960,540,-91,-33,0.15625,-0.07417631572185601
2177,1050,574,960,540,-90,-34,0.1875,-0.02643365492197569
2178,1050,574,960,540,-90,-34,0.1875,-0.03261120261045658
2179,1050,573,960,540,-90,-33,0.1875,-0.08759939603653799
2180,1048,574,960,540,-88,-34,0.25,-0.045929843898645295
2181,1048,573,960,540,-88,-33,0.25,-0.06640890459115711
2182,1049,573,960,540,-89,-33,0.21875,-0.05587971156264748
2183,1049,574,960,540,-89,-34,0.21875,-0.02854398811518344
2184,1050,574,960,540,-90,-34,0.1875,-0.039025867581384155
2185,1051,573,960,540,-91,-33,0.15625,-0.06335955261596049
2186,1052,573,960,540,-92,-33,0.125,-0.058629039607042355
2187,1052,574,960,540,-92,-34,0.125,-0.020092775328363954
2188,1053,574,960,540,-93,-34,0.09375,-0.041434914755874575
2189,1054,574,960,540,-94,-34,0.0625,-0.004566707971412232
2190,1054,574,960,540,-94,-34,0.0625,-0.01816441016382142
2191,1054,573,960,540,-94,-33,0.0625,-0.05837814637202543
2192,1054,572,960,540,-94,-32,0.0625,-0.1497616422996848
2193,1055,572,960,540,-95,-32,0.03125,-0.1497616422996848
2194,1055,572,960,540,-95,-32,0.03125,-0.07059048513572663
2195,1056,573,960,540,-96,-33,0.0,-0.012579144851240898
2196,1057,573,960,540,-97,-33,-0.03125,-0.009353845356987911
2197,1057,574,960,540,-97,-34,-0.03125,-0.002106997907406871
2198,1058,574,960,540,-98,-34,-0.0625,0.017058890207389377
2199,1059,574,960,540,-99,-34,-0.09375,0.015400289400598899
2200,1060,574,960,540,-100,-34,-0.125,0.017105721028991328
2201,1061,575,960,540,-101,-35,-0.15625,0.06312866075424761
2202,1061,574,960,540,-101,-34,-0.15625,0.03288901628907981
2203,1062,574,960,540,-102,-34,-0.1875,0.03288901628907981
2204,1062,574,960,540,-102,-34,-0.1875,0.024294951811640653
2205,1062,575,960,540,-102,-35,-0.1875,0.037359340563531074
2206,1061,575,960,540,-101,-35,-0.15625,0.04667294046865078
2207,1061,575,960,540,-101,-35,-0.15625,0.04068912575770289
2208,1061,575,960,540,-101,-35,-0.15625,0.05083700411234626
2209,1061,575,960,540,-101,-35,-0.15625,0.048594492069931494
2210,1061,575,960,540,-101,-35,-0.15625,0.04977290164511072
2211,1061,575,960,540,-101,-35,-0.15625,0.03073761830744237
2212,1061,575,960,540,-101,-35,-0.15625,0.008616515409494374
2213,1061,574,960,540,-101,-34,-0.15625,-0.03545215711480543
2214,1061,573,960,540,-101,-33,-0.15625,-0.07216139969532342
2215,1061,573,960,540,-101,-33,-0.15625,-0.045246338238398076
2216,1061,572,960,540,-101,-32,-0.15625,-0.07708992880278975
2217,1061,573,960,540,-101,-33,-0.15625,-0.11762661630884197
2218,1061,573,960,540,-101,-33,-0.15625,-0.12689330775951912
2219,1061,573,960,540,-101,-33,-0.15625,-0.15284042123515107
2220,1062,573,960,540,-102,-33,-0.1875,-0.10384428228290732
2221,1062,573,960,540,-102,-33,-0.1875,-0.08567248760147184
2222,1061,572,960,540,-101,-32,-0.15625,-0.11475359681736008
2223,1060,572,960,540,-100,-32,-0.125,-0.13110424989745195
2224,1059,572,960,540,-99,-32,-0.09375,-0.0956570897357576
2225,1059,571,960,540,-99,-31,-0.09375,-0.13690358828877947
2226,1058,571,960,540,-98,-31,-0.0625,-0.14423624424059645
2227,1058,571,960,540,-98,-31,-0.0625,-0.13989193979700976
2228,1058,571,960,540,-98,-31,-0.0625,-0.11993244534461533
2229,1057,571,960,540,-97,-31,-0.03125,-0.14130475477873827
2230,1056,571,960,540,-96,-31,0.0,-0.1717186348809041
2231,1055,571,960,540,-95,-31,0.03125,-0.1717186348809041
2232,1054,572,960,540,-94,-32,0.0625,-0.1526776432150041
2233,1053,573,960,540,-93,-33,0.09375,-0.13648805886988913
2234,1052,573,960,540,-92,-33,0.125,-0.09364417541028813
2235,1050,572,960,540,-90,-32,0.1875,-0.12982588229807712
2236,1049,572,960,540,-89,-32,0.21875,-0.11163429273722403
2237,1048,572,960,540,-88,-32,0.25,-0.10971413173788225
2238,1046,572,960,540,-86,-32,0.3125,-0.10910924024288238
2239,1046,573,960,540,-86,-33,0.3125,-0.05004600502839418
2240,1044,574,960,540,-84,-34,0.375,-0.03387175686848076
2241,1043,575,960,540,-83,-35,0.40625,0.01596145259561199
2242,1043,576,960,540,-83,-36,0.40625,0.05061621210946421
2243,1043,576,960,540,-83,-36,0.40625,0.048291696651417304
2244,1043,577,960,540,-83,-37,0.40625,0.10018693082028074
2245,1042,577,960,540,-82,-37,0.4375,0.07992643257114196
2246,1042,577,960,540,-82,-37,0.4375,0.09174579540573724
2247,1042,577,960,540,-82,-37,0.4375,0.09604923165890367
2248,1043,576,960,540,-83,-36,0.40625,0.057585993623423315
2249,1043,576,960,540,-83,-36,0.40625,0.05539090502606636
2250,1043,577,960,540,-83,-37,0.40625,0.09242794206310334
2251,1043,577,960,540,-83,-37,0.40625,0.09300928094305183
2252,1043,577,960,540,-83,-37,0.40625,0.07818055008788782
2253,1043,577,960,540,-83,-37,0.40625,0.08219244042154172
2254,1044,577,960,540,-84,-37,0.375,0.09227980745529907
2255,1044,577,960,540,-84,-37,0.375,0.09101354098303926
2256,1043,577,960,540,-83,-37,0.40625,0.07297196132263029
2257,1043,577,960,540,-83,-37,0.40625,0.07016178856556055
2258,1043,577,960,540,-83,-37,0.40625,0.07484533242544589
2259,1043,577,960,540,-83,-37,0.40625,0.07714873016523138
2260,1043,577,960,540,-83,-37,0.40625,0.0800710792435253
2261,1043,577,960,540,-83,-37,0.40625,0.08393066000971006
2262,1044,577,960,540,-84,-37,0.375,0.0992949605409652
2263,1043,577,960,540,-83,-37,0.40625,0.09249580554435877
2264,1043,576,960,540,-83,-36,0.40625,0.05667695041535126
2265,1043,576,960,540,-83,-36,0.40625,0.05971920379026763
2266,1042,577,960,540,-82,-37,0.4375,0.07630348605160253
2267,1042,577,960,540,-82,-37,0.4375,0.08627705726052937
2268,1042,577,960,540,-82,-37,0.4375,0.09312776968087078
2269,1042,577,960,540,-82,-37,0.4375,0.08074863462932069
2270,1042,577,960,540,-82,-37,0.4375,0.07163011783512352
2271,1042,577,960,540,-82,-37,0.4375,0.060299066557408576
2272,1042,577,960,540,-82,-37,0.4375,0.06366333278833869
2273,1042,577,960,540,-82,-37,0.4375,0.0678526295112365
2274,1042,576,960,540,-82,-36,0.4375,0.01542343703979454
2275,1042,576,960,540,-82,-36,0.4375,0.01860134703453853
2276,1042,576,960,540,-82,-36,0.4375,0.013418900419911672
2277,1042,576,960,540,-82,-36,0.4375,0.01224589532136311
2278,1042,575,960,540,-82,-35,0.4375,-0.035783025549871894
2279,1042,574,960,540,-82,-34,0.4375,-0.09033203366675946
2280,1042,573,960,540,-82,-33,0.4375,-0.10924260720268508
2281,1042,572,960,540,-82,-32,0.4375,-0.15040573505597887
2282,1042,572,960,540,-82,-32,0.4375,-0.13842090221675818
2283,1042,571,960,540,-82,-31,0.4375,-0.1808611685311119
2284,1042,571,960,540,-82,-31,0.4375,-0.18929636970839048
2285,1042,571,960,540,-82,-31,0.4375,-0.18332681866821332
2286,1042,572,960,540,-82,-32,0.4375,-0.1466619742086892
2287,1042,574,960,540,-82,-34,0.4375,-0.04459664900413518
2288,1042,574,960,540,-82,-34,0.4375,-0.04459664900413518
2289,1042,574,960,540,-82,-34,0.4375,-0.06722631424762437
2290,1042,574,960,540,-82,-34,0.4375,-0.06722631424762437
2291,1042,574,960,540,-82,-34,0.4375,-0.0682906112169206
2292,1042,574,960,540,-82,-34,0.4375,-0.044112034001473344
2293,1043,575,960,540,-83,-35,0.40625,-0.01643324547601477
2294,1043,575,960,540,-83,-35,0.40625,0.01844645447894755
2295,1043,575,960,540,-83,-35,0.40625,0.01964172214722204
2296,1043,574,960,540,-83,-34,0.40625,-0.029246690020930277
2297,1044,574,960,540,-84,-34,0.375,-0.03391911783572277
2298,1044,575,960,540,-84,-35,0.375,0.007001842495545141
2299,1044,575,960,540,-84,-35,0.375,-0.0023502556296299826
2300,1044,576,960,540,-84,-36,0.375,0.03155915051919034
2301,1044,577,960,540,-84,-37,0.375,0.08220197647882954
2302,1043,577,960,540,-83,-37,0.40625,0.06529310947587463
2303,1043,576,960,540,-83,-36,0.40625,0.05040159324930027
2304,1042,576,960,540,-82,-36,0.4375,0.04496924610545161
2305,1042,576,960,540,-82,-36,0.4375,0.031890459984559305
2306,1042,577,960,540,-82,-37,0.4375,0.07399995620137756
2307,1042,577,960,540,-82,-37,0.4375,0.04282643726110358
2308,1041,577,960,540,-81,-37,0.46875,0.04462795766048111
2309,1040,577,960,540,-80,-37,0.5,0.04579220470745504
2310,1039,577,960,540,-79,-37,0.53125,0.06270730999380625
2311,1039,577,960,540,-79,-37,0.53125,0.04848441873030507
2312,1040,576,960,540,-80,-36,0.5,0.035596131394023844
2313,1044,576,960,540,-84,-36,0.375,0.025539571405203132
2314,1057,576,960,540,-97,-36,-0.03125,0.055450595614587206
2315,1066,576,960,540,-106,-36,-0.3125,0.026913686682910498
2316,1065,576,960,540,-105,-36,-0.28125,0.04957500246398272
2317,1066,576,960,540,-106,-36,-0.3125,0.03333980300506978
2318,1066,575,960,540,-106,-35,-0.3125,0.011751222676420037
2319,1067,575,960,540,-107,-35,-0.34375,0.011290754506404932
2320,1067,576,960,540,-107,-36,-0.34375,0.05239084139237282
2321,1067,576,960,540,-107,-36,-0.34375,0.043149427617105385
2322,1067,576,960,540,-107,-36,-0.34375,0.045584641125214986
2323,1067,576,960,540,-107,-36,-0.34375,0.03872862907623076
2324,1067,576,960,540,-107,-36,-0.34375,0.03513496097664803
2325,1067,576,960,540,-107,-36,-0.34375,0.03513496097664803
2326,1067,576,960,540,-107,-36,-0.34375,0.035476829323036085
2327,1067,576,960,540,-107,-36,-0.34375,0.028377096675727298
2328,1067,577,960,540,-107,-37,-0.34375,0.0717454904665924
2329,1067,577,960,540,-107,-37,-0.34375,0.07574783353247683
2330,1067,577,960,540,-107,-37,-0.34375,0.0819721755926135
2331,1067,577,960,540,-107,-37,-0.34375,0.08878045503167242
2332,1067,577,960,540,-107,-37,-0.34375,0.09428036473584256
2333,1067,577,960,540,-107,-37,-0.34375,0.07798887304014279
2334,1067,578,960,540,-107,-38,-0.34375,0.08027768848622596
2335,1067,578,960,540,-107,-38,-0.34375,0.05441063667197432
2336,1067,579,960,540,-107,-39,-0.34375,0.0914476737090113
2337,1066,578,960,540,-106,-38,-0.3125,0.0827572089809816
2338,1066,577,960,540,-106,-37,-0.3125,0.0457201719439444
2339,1066,577,960,540,-106,-37,-0.3125,0.05105326979531455
2340,1066,577,960,540,-106,-37,-0.3125,0.04231649597581533
2341,1065,577,960,540,-105,-37,-0.28125,0.03422218283099698
2342,1065,577,960,540,-105,-37,-0.28125,0.03044049902963053
2343,1065,577,960,540,-105,-37,-0.28125,0.052632998991192004
2344,1066,576,960,540,-106,-36,-0.3125,0.027240973947844527
2345,1066,576,960,540,-106,-36,-0.3125,0.02366300464701787
2346,1066,575,960,540,-106,-35,-0.3125,-0.021847926909728033
2347,1066,575,960,540,-106,-35,-0.3125,-0.011148701288127505
2348,1067,575,960,540,-107,-35,-0.34375,-0.006286794087839942
2349,1067,575,960,540,-107,-35,-0.34375,0.011436199750677556
2350,1067,574,960,540,-107,-34,-0.34375,-0.015015386421294297
2351,1067,574,960,540,-107,-34,-0.34375,-0.01671464250195065
2352,1067,575,960,540,-107,-35,-0.34375,0.028829262914953135
2353,1067,575,960,540,-107,-35,-0.34375,0.011458741463744815
2354,1067,575,960,540,-107,-35,-0.34375,0.008196934015430646
2355,1068,575,960,540,-108,-35,-0.375,0.018746733487375433
2356,1069,575,960,540,-109,-35,-0.40625,-0.003986149692284835
2357,1069,575,960,540,-109,-35,-0.40625,0.012038462311334541
2358,1069,576,960,540,-109,-36,-0.40625,0.0572292969962056
2359,1069,577,960,540,-109,-37,-0.40625,0.08014755716035915
2360,1069,577,960,540,-109,-37,-0.40625,0.09466639467357796
2361,1069,577,960,540,-109,-37,-0.40625,0.0688374018922897
2362,1069,577,960,540,-109,-37,-0.40625,0.0581468313567759
2363,1069,579,960,540,-109,-39,-0.40625,0.16085906218957158
2364,1068,579,960,540,-108,-39,-0.375,0.16564707653267452
2365,1068,579,960,540,-108,-39,-0.375,0.1541295958398845
2366,1068,579,960,540,-108,-39,-0.375,0.17130967744708503
2367,1068,579,960,540,-108,-39,-0.375,0.17167814535231107
2368,1067,579,960,540,-107,-39,-0.34375,0.13928817754061096
2369,1067,579,960,540,-107,-39,-0.34375,0.14183988967319672
2370,1067,578,960,540,-107,-38,-0.34375,0.10385793886001693
2371,1067,578,960,540,-107,-38,-0.34375,0.10384917602123855
2372,1067,578,960,540,-107,-38,-0.34375,0.10987482629552248
2373,1067,579,960,540,-107,-39,-0.34375,0.13223108576945863
2374,1067,578,960,540,-107,-38,-0.34375,0.10469063043839855
2375,1068,578,960,540,-108,-38,-0.375,0.09892371169840808
2376,1068,578,960,540,-108,-38,-0.375,0.10430888669247596
2377,1067,578,960,540,-107,-38,-0.34375,0.09960435547402535
2378,1067,578,960,540,-107,-38,-0.34375,0.1224546830068276
2379,1068,578,960,540,-108,-38,-0.375,0.11451876368428526
2380,1068,578,960,540,-108,-38,-0.375,0.09789249729371585
2381,1068,578,960,540,-108,-38,-0.375,0.11182875030556061
2382,1068,578,960,540,-108,-38,-0.375,0.10769850077589327
2383,1067,579,960,540,-107,-39,-0.34375,0.1604366298826463
2384,1066,578,960,540,-106,-38,-0.3125,0.11332063629579614
2385,1066,578,960,540,-106,-38,-0.3125,0.09499670614059985
2386,1065,578,960,540,-105,-38,-0.28125,0.0933041054196877
2387,1065,577,960,540,-105,-37,-0.28125,0.0644615697746116
2388,1066,577,960,540,-106,-37,-0.3125,0.06577189367520919
2389,1066,577,960,540,-106,-37,-0.3125,0.05713856933515027
2390,1066,577,960,540,-106,-37,-0.3125,0.03487300748196631
2391,1065,578,960,540,-105,-38,-0.28125,0.09230678334795384
2392,1065,578,960,540,-105,-38,-0.28125,0.09230678334795384
2393,1065,578,960,540,-105,-38,-0.28125,0.07728460281765925
2394,1065,578,960,540,-105,-38,-0.28125,0.07930917018661199
2395,1066,578,960,540,-106,-38,-0.3125,0.0921887491456137
2396,1066,578,960,540,-106,-38,-0.3125,0.09049855930961392
2397,1066,578,960,540,-106,-38,-0.3125,0.07349315179568938
2398,1065,578,960,540,-105,-38,-0.28125,0.08185973703068816
2399,1065,578,960,540,-105,-38,-0.28125,0.08415181037738861
2400,1066,577,960,540,-106,-37,-0.3125,0.057225400268400506
2401,1066,577,960,540,-106,-37,-0.3125,0.07505523840351103
2402,1066,577,960,540,-106,-37,-0.3125,0.07359434915760033
2403,1066,577,960,540,-106,-37,-0.3125,0.07602368310772656
2404,1066,577,960,540,-106,-37,-0.3125,0.04229004751668741
2405,1065,578,960,540,-105,-38,-0.28125,0.08910281943573017
2406,1065,578,960,540,-105,-38,-0.28125,0.0851319752616051
2407,1065,578,960,540,-105,-38,-0.28125,0.05231083186315
2408,1065,578,960,540,-105,-38,-0.28125,0.04648754552222534
2409,1065,579,960,540,-105,-39,-0.28125,0.07484812714044642
2410,1065,579,960,540,-105,-39,-0.28125,0.06593160204711945
2411,1064,580,960,540,-104,-40,-0.25,0.09188816206221251
2412,1064,580,960,540,-104,-40,-0.25,0.09634757094701096
2413,1065,580,960,540,-105,-40,-0.28125,0.11445131003469156
2414,1065,580,960,540,-105,-40,-0.28125,0.12519883343859783
2415,1065,580,960,540,-105,-40,-0.28125,0.13878345230188183
2416,1065,580,960,540,-105,-40,-0.28125,0.12595814006101524
2417,1064,579,960,540,-104,-39,-0.25,0.09307812026069273
2418,1064,579,960,540,-104,-39,-0.25,0.10028711459367412
2419,1064,579,960,540,-104,-39,-0.25,0.09316039789406694
2420,1064,578,960,540,-104,-38,-0.25,0.08484880790518678
2421,1064,578,960,540,-104,-38,-0.25,0.07178994288424101
2422,1065,578,960,540,-105,-38,-0.28125,0.07375340517346096
2423,1064,578,960,540,-104,-38,-0.25,0.07268238623568979
2424,1064,577,960,540,-104,-37,-0.25,0.033073331513030935
2425,1064,577,960,540,-104,-37,-0.25,0.03262609438602526
2426,1064,577,960,540,-104,-37,-0.25,0.04156812310734215
2427,1064,577,960,540,-104,-37,-0.25,0.052876744142019705
2428,1064,577,960,540,-104,-37,-0.25,0.061926519925332046
2429,1064,577,960,540,-104,-37,-0.25,0.041993114513580565
2430,1064,577,960,540,-104,-37,-0.25,0.05292572423691699
2431,1064,576,960,540,-104,-36,-0.25,0.020009993913946422
2432,1063,576,960,540,-103,-36,-0.21875,-0.015470968251596329
2433,1063,577,960,540,-103,-37,-0.21875,0.049014231227365146
2434,1063,577,960,540,-103,-37,-0.21875,0.026823099350691937
2435,1063,577,960,540,-103,-37,-0.21875,0.040472477881111635
2436,1062,577,960,540,-102,-37,-0.1875,0.033851830456682386
2437,1062,577,960,540,-102,-37,-0.1875,0.028610168194177943
2438,1062,576,960,540,-102,-36,-0.1875,-0.007943159770770647
2439,1061,576,960,540,-101,-36,-0.15625,-0.026940824059606516
2440,1061,577,960,540,-101,-37,-0.15625,0.010096212977430463
2441,1061,577,960,540,-101,-37,-0.15625,0.011313299256969112
2442,1061,578,960,540,-101,-38,-0.15625,0.02715897740129858
2443,1061,578,960,540,-101,-38,-0.15625,0.026130712181033466
2444,1061,579,960,540,-101,-39,-0.15625,0.05350520017194005
2445,1061,579,960,540,-101,-39,-0.15625,0.08237392295692714
2446,1061,579,960,540,-101,-39,-0.15625,0.06727712062892066
2447,1061,580,960,540,-101,-40,-0.15625,0.12098749879335124
2448,1061,580,960,540,-101,-40,-0.15625,0.1267716570336168
2449,1060,580,960,540,-100,-40,-0.125,0.1049431089224504
2450,1060,580,960,540,-100,-40,-0.125,0.12634376780568157
2451,1061,580,960,540,-101,-40,-0.15625,0.11456708115601955
2452,1061,580,960,540,-101,-40,-0.15625,0.12862298603544686
2453,1061,580,960,540,-101,-40,-0.15625,0.11968581825522362
2454,1061,580,960,540,-101,-40,-0.15625,0.13252793511275418
2455,1061,580,960,540,-101,-40,-0.15625,0.12163586907099089
2456,1062,580,960,540,-102,-40,-0.1875,0.11952055685125584
2457,1062,580,960,540,-102,-40,-0.1875,0.13111813660899085
2458,1061,580,960,540,-101,-40,-0.15625,0.15883734814130968
2459,1061,579,960,540,-101,-39,-0.15625,0.1218003111042727
2460,1061,579,960,540,-101,-39,-0.15625,0.113311589725821
2461,1061,580,960,540,-101,-40,-0.15625,0.16554982621606862
2462,1061,580,960,540,-101,-40,-0.15625,0.14498002935707954
2463,1061,580,960,540,-101,-40,-0.15625,0.15559916750032854
2464,1061,579,960,540,-101,-39,-0.15625,0.12962805663747057
2465,1061,579,960,540,-101,-39,-0.15625,0.11170314693064465
2466,1061,579,960,540,-101,-39,-0.15625,0.14675881311772154
2467,1061,579,960,540,-101,-39,-0.15625,0.13486434125063318
2468,1061,579,960,540,-101,-39,-0.15625,0.14288816214648992
2469,1061,579,960,540,-101,-39,-0.15625,0.15113812323857334
2470,1061,579,960,540,-101,-39,-0.15625,0.1455575834395233
2471,1061,579,960,540,-101,-39,-0.15625,0.1425124423951578
2472,1061,578,960,540,-101,-38,-0.15625,0.12488752734798281
2473,1061,578,960,540,-101,-38,-0.15625,0.11697313021929778
2474,1061,579,960,540,-101,-39,-0.15625,0.13326630414766139
2475,1061,579,960,540,-101,-39,-0.15625,0.12927948435250847
2476,1061,579,960,540,-101,-39,-0.15625,0.15488939642542765
2477,1061,579,960,540,-101,-39,-0.15625,0.15023376432877433
2478,1061,579,960,540,-101,-39,-0.15625,0.1424236526350935
2479,1061,579,960,540,-101,-39,-0.15625,0.15192959709890919
2480,1061,579,960,540,-101,-39,-0.15625,0.12062868195055665
2481,1061,578,960,540,-101,-38,-0.15625,0.10067133469689926
2482,1061,578,960,540,-101,-38,-0.15625,0.09173865616111065
2483,1061,578,960,540,-101,-38,-0.15625,0.08820505991465133
2484,1061,578,960,540,-101,-38,-0.15625,0.09748857735425331
2485,1061,578,960,540,-101,-38,-0.15625,0.10774914093193844
2486,1061,579,960,540,-101,-39,-0.15625,0.132928336100693
2487,1062,579,960,540,-102,-39,-0.1875,0.11440509502783258
2488,1062,579,960,540,-102,-39,-0.1875,0.12261397541702768
2489,1062,578,960,540,-102,-38,-0.1875,0.08744678044863496
2490,1062,578,960,540,-102,-38,-0.1875,0.09969533979391798
2491,1061,579,960,540,-101,-39,-0.15625,0.1343765162827526
2492,1061,578,960,540,-101,-38,-0.15625,0.105563928947215
2493,1061,578,960,540,-101,-38,-0.15625,0.10682275000814134
2494,1061,578,960,540,-101,-38,-0.15625,0.1023007816994721
2495,1061,578,960,540,-101,-38,-0.15625,0.09964369463726941
2496,1061,578,960,540,-101,-38,-0.15625,0.09706343357887914
2497,1061,578,960,540,-101,-38,-0.15625,0.09198073985823374
2498,1061,578,960,540,-101,-38,-0.15625,0.09317593450944117
2499,1061,578,960,540,-101,-38,-0.15625,0.08975797282192399
2500,1061,578,960,540,-101,-38,-0.15625,0.08657407212663282
2501,1061,577,960,540,-101,-37,-0.15625,0.06585081579396612
2502,1061,577,960,540,-101,-37,-0.15625,0.05768380127465833
2503,1061,578,960,540,-101,-38,-0.15625,0.10885754908891188
2504,1061,578,960,540,-101,-38,-0.15625,0.10063744962915533
2505,1061,578,960,540,-101,-38,-0.15625,0.10051795326728241
2506,1062,578,960,540,-102,-38,-0.1875,0.10133958695786638
2507,1062,578,960,540,-102,-38,-0.1875,0.10530495022796016
2508,1061,578,960,540,-101,-38,-0.15625,0.09680358611542594
2509,1061,578,960,540,-101,-38,-0.15625,0.09680358611542594
2510,1061,578,960,540,-101,-38,-0.15625,0.1024844146227939
2511,1061,578,960,540,-101,-38,-0.15625,0.10895158078366785
2512,1061,578,960,540,-101,-38,-0.15625,0.09590917874786054
2513,1062,578,960,540,-102,-38,-0.1875,0.09050408252225739
2514,1062,578,960,540,-102,-38,-0.1875,0.09479832473658689
2515,1062,578,960,540,-102,-38,-0.1875,0.08749388753329868
2516,1062,578,960,540,-102,-38,-0.1875,0.0995321073873221
2517,1062,578,960,540,-102,-38,-0.1875,0.08875429614332675
2518,1062,578,960,540,-102,-38,-0.1875,0.09548671590915192
2519,1062,578,960,540,-102,-38,-0.1875,0.09681778217219628
2520,1062,578,960,540,-102,-38,-0.1875,0.10018495657063742
2521,1062,578,960,540,-102,-38,-0.1875,0.0850619953554852
2522,1062,577,960,540,-102,-37,-0.1875,0.07457209300662182
2523,1061,577,960,540,-101,-37,-0.15625,0.05074172738761007
2524,1061,578,960,540,-101,-38,-0.15625,0.09340728188182523
2525,1062,578,960,540,-102,-38,-0.1875,0.08128741635381509
2526,1062,578,960,540,-102,-38,-0.1875,0.08708973527774733
2527,1062,577,960,540,-102,-37,-0.1875,0.050052698240710125
2528,1062,577,960,540,-102,-37,-0.1875,0.05073118100149232
2529,1062,578,960,540,-102,-38,-0.1875,0.09298062487439651
2530,1062,578,960,540,-102,-38,-0.1875,0.10531926790262203
2531,1062,578,960,540,-102,-38,-0.1875,0.09116428767067042
2532,1062,578,960,540,-102,-38,-0.1875,0.09760691708296099
2533,1062,578,960,540,-102,-38,-0.1875,0.0892968313581668
2534,1062,578,960,540,-102,-38,-0.1875,0.10537927935753855
2535,1062,578,960,540,-102,-38,-0.1875,0.09110953280199574
2536,1062,577,960,540,-102,-37,-0.1875,0.04672839611125035
2537,1062,577,960,540,-102,-37,-0.1875,0.0483369402518905
2538,1062,578,960,540,-102,-38,-0.1875,0.08530668485365234
2539,1062,578,960,540,-102,-38,-0.1875,0.08248832178305543
2540,1062,578,960,540,-102,-38,-0.1875,0.09339290645984732
2541,1062,578,960,540,-102,-38,-0.1875,0.10632113866299897
2542,1062,577,960,540,-102,-37,-0.1875,0.053495369207264165
2543,1062,577,960,540,-102,-37,-0.1875,0.055955528085654294
2544,1062,578,960,540,-102,-38,-0.1875,0.0835416414135326
2545,1062,578,960,540,-102,-38,-0.1875,0.10003945744639364
2546,1062,578,960,540,-102,-38,-0.1875,0.10952643912070315
2547,1061,578,960,540,-101,-38,-0.15625,0.09558896622048829
2548,1060,578,960,540,-100,-38,-0.125,0.09301983566631766
2549,1058,577,960,540,-98,-37,-0.0625,0.03081318307592662
2550,1056,577,960,540,-96,-37,0.0,0.03844944961388541
2551,1055,578,960,540,-95,-38,0.03125,0.07039660182300933
2552,1053,578,960,540,-93,-38,0.09375,0.08186671234104725
2553,1051,579,960,540,-91,-39,0.15625,0.10379996731060714
2554,1050,579,960,540,-90,-39,0.1875,0.10395489665466462
2555,1048,580,960,540,-88,-40,0.25,0.1586368258265265
2556,1046,581,960,540,-86,-41,0.3125,0.1710051340770944
2557,1047,581,960,540,-87,-41,0.28125,0.16706304483014534
2558,1049,580,960,540,-89,-40,0.21875,0.11019551650344317
2559,1051,579,960,540,-91,-39,0.15625,0.06995768089278553
2560,1053,579,960,540,-93,-39,0.09375,0.0623049178961832
2561,1054,580,960,540,-94,-40,0.0625,0.1146046246029504
2562,1055,581,960,540,-95,-41,0.03125,0.15164166163998738
2563,1056,580,960,540,-96,-40,0.0,0.13160607508435396
2564,1057,579,960,540,-97,-39,-0.03125,0.1032011137967026
2565,1058,579,960,540,-98,-39,-0.0625,0.11702175861826691
2566,1058,578,960,540,-98,-38,-0.0625,0.07832301470525982
2567,1059,578,960,540,-99,-38,-0.09375,0.0844840259684565
2568,1059,578,960,540,-99,-38,-0.09375,0.07208461143111511
2569,1060,577,960,540,-100,-37,-0.125,0.025514393701541183
2570,1059,577,960,540,-99,-37,-0.09375,0.02942947465220702
2571,1059,576,960,540,-99,-36,-0.09375,-0.011120105234850408
2572,1059,576,960,540,-99,-36,-0.09375,-0.011120105234850408
2573,1059,575,960,540,-99,-35,-0.09375,-0.04878634668484616
2574,1060,575,960,540,-100,-35,-0.125,-0.034353713676256614
2575,1060,576,960,540,-100,-36,-0.125,0.011700563710133283
2576,1060,576,960,540,-100,-36,-0.125,0.003394962617667696
2577,1060,576,960,540,-100,-36,-0.125,-0.004770831547332488
2578,1060,576,960,540,-100,-36,-0.125,0.010037776290969358
2579,1060,576,960,540,-100,-36,-0.125,-0.0050146106896713505
2580,1059,576,960,540,-99,-36,-0.09375,0.016592197837510536
2581,1059,576,960,540,-99,-36,-0.09375,0.02425274214061357
2582,1058,576,960,540,-98,-36,-0.0625,0.0024084180010517375
2583,1057,576,960,540,-97,-36,-0.03125,-0.01955417627610956
2584,1057,576,960,540,-97,-36,-0.03125,-0.01325078926028378
2585,1056,576,960,540,-96,-36,0.0,-0.014999951306238657
2586,1056,576,960,540,-96,-36,0.0,-0.018704508715432056
2587,1056,576,960,540,-96,-36,0.0,-0.021783181097502213
2588,1056,576,960,540,-96,-36,0.0,0.0027209363779649998
2589,1057,576,960,540,-97,-36,-0.03125,0.0035691954396308567
2590,1057,576,960,540,-97,-36,-0.03125,-3.4895374625421027e-06
2591,1057,576,960,540,-97,-36,-0.03125,0.0012272553197325564
2592,1057,576,960,540,-97,-36,-0.03125,-0.00810955997467655
2593,1056,577,960,540,-96,-37,0.0,0.007358503515340065
2594,1054,579,960,540,-94,-39,0.0625,0.08280757732140054
2595,1052,581,960,540,-92,-41,0.125,0.19100010014109015
2596,1047,584,960,540,-87,-44,0.28125,0.26922406539366195
2597,1041,586,960,540,-81,-46,0.46875,0.36769113219870664
2598,1036,588,960,540,-76,-48,0.625,0.4272005792004927
2599,1032,591,960,540,-72,-51,0.75,0.52129559270955
2600,1029,592,960,540,-69,-52,0.84375,0.5963234694039725
2601,1026,592,960,540,-66,-52,0.9375,0.580613689923074
2602,1024,594,960,540,-64,-54,1.0,0.6280931128416816
2603,1021,597,960,540,-61,-57,1.09375,0.7310387354190655
2604,1019,598,960,540,-59,-58,1.15625,0.7873449403611443
2605,1017,599,960,540,-57,-59,1.21875,0.8049751973801131
2606,1016,599,960,540,-56,-59,1.25,0.809561465475396
2607,1015,599,960,540,-55,-59,1.28125,0.8540778249959136
2608,1013,599,960,540,-53,-59,1.34375,0.8422579346425763
2609,1015,599,960,540,-55,-59,1.28125,0.8322292177859751
2610,1026,599,960,540,-66,-59,0.9375,0.8625307381011187
2611,1035,600,960,540,-75,-60,0.65625,0.8995677751381559
2612,1034,601,960,540,-74,-61,0.6875,0.929681245499177
2613,1032,596,960,540,-72,-56,0.75,0.7114084673568362
2614,1029,584,960,540,-69,-44,0.84375,0.28475900838546253
2615,1026,576,960,540,-66,-36,0.9375,-0.03597446145309746
2616,1022,575,960,540,-62,-35,1.0625,-0.09321165223453876
2617,1017,576,960,540,-57,-36,1.21875,-0.010078394813242575
2618,1012,577,960,540,-52,-37,1.375,0.028357764507447536
2619,1006,580,960,540,-46,-40,1.5625,0.11186757812327941
2620,1000,586,960,540,-40,-46,1.75,0.2917705818331504
2621,997,589,960,540,-37,-49,1.84375,0.40288169294426135
2622,992,589,960,540,-32,-49,2.0,0.4099102390526923
2623,982,586,960,540,-22,-46,2.3125,0.28453647098368795
2624,978,583,960,540,-18,-43,2.4375,0.1416063122941742
2625,981,581,960,540,-21,-41,2.34375,0.04300004494219345
2626,979,580,960,540,-19,-40,2.40625,0.011115626671476031
2627,971,580,960,540,-11,-40,2.65625,-0.01067743950903588
2628,972,581,960,540,-12,-41,2.625,0.04456305354064205
2629,975,581,960,540,-15,-41,2.53125,0.012652995015794533
2630,969,582,960,540,-9,-42,2.71875,0.10286428340640219
2631,954,584,960,540,6,-44,3.1875,0.11723445670444899
2632,937,587,960,540,23,-47,3.71875,0.18381273758318506
2633,921,591,960,540,39,-51,4.21875,0.3063061117711472
2634,911,596,960,540,49,-56,4.53125,0.5139942988051944
2635,909,599,960,540,51,-59,4.59375,0.6244755051083644
2636,899,604,960,540,61,-64,4.90625,0.7839790759762846
2637,875,611,960,540,85,-71,5.65625,1.0077213370228293
2638,857,622,960,540,103,-82,6.21875,1.4474419262315705
2639,847,632,960,540,113,-92,6.53125,1.793428434887178
2640,826,647,960,540,134,-107,7.1875,2.2916766082182205
2641,801,663,960,540,159,-123,7.96875,2.8642128714736534
2642,793,670,960,540,167,-130,8.21875,3.185630706801865
2643,797,674,960,540,163,-134,8.09375,3.2588121422992806
2644,802,678,960,540,158,-138,7.9375,3.455763264520339
2645,797,685,960,540,163,-145,8.09375,3.7561290181802858
2646,791,687,960,540,169,-147,8.28125,3.820206324195291
2647,799,676,960,540,161,-136,8.03125,3.362759600079251
2648,819,656,960,540,141,-116,7.40625,2.648010417980376
2649,841,638,960,540,119,-98,6.71875,1.9468777921033755
2650,859,628,960,540,101,-88,6.15625,1.5445100585993567
2651,867,623,960,540,93,-83,5.90625,1.3783482235988531
2652,873,611,960,540,87,-71,5.71875,0.9708285120114655
2653,891,591,960,540,69,-51,5.15625,0.2297039563718919
2654,921,578,960,540,39,-38,4.21875,-0.30405604643107753
2655,952,574,960,540,8,-34,3.25,-0.3904765372278991
2656,977,570,960,540,-17,-30,2.46875,-0.5062761398245106
2657,994,566,960,540,-34,-26,1.9375,-0.6658105052648605
2658,1008,560,960,540,-48,-20,1.5,-0.9635232832160514
2659,1027,557,960,540,-67,-17,0.90625,-1.0627766377596772
2660,1041,556,960,540,-81,-16,0.46875,-1.0998136747967142
2661,1058,548,960,540,-98,-8,-0.0625,-1.3439831635241613
2662,1076,546,960,540,-116,-6,-0.625,-1.397442332616956
2663,1092,547,960,540,-132,-7,-1.125,-1.3634227320415149
2664,1117,540,960,540,-157,0,-1.90625,-1.6364007958597893
2665,1145,531,960,540,-185,9,-2.78125,-1.9459019892356884
2666,1173,521,960,540,-213,19,-3.65625,-2.2829346557742713
2667,1190,515,960,540,-230,25,-4.1875,-2.517974699054867
2668,1201,508,960,540,-241,32,-4.53125,-2.7697789587457935
2669,1212,502,960,540,-252,38,-4.875,-2.992001180968016
2670,1231,499,960,540,-271,41,-5.46875,-3.0336321248256812
2671,1242,509,960,540,-282,31,-5.8125,-2.668032506242918
2672,1243,521,960,540,-283,19,-5.84375,-2.2023754276103853
2673,1254,521,960,540,-294,19,-6.1875,-2.223332712414815
2674,1278,523,960,540,-318,17,-6.9375,-2.1173761916398206
2675,1300,529,960,540,-340,11,-7.625,-1.9284929686782792
2676,1303,542,960,540,-343,-2,-7.71875,-1.363523125146474
2677,1296,555,960,540,-336,-15,-7.5,-0.8384696638096254
2678,1291,562,960,540,-331,-22,-7.34375,-0.5264398373014753
2679,1296,564,960,540,-336,-24,-7.5,-0.49073247399861986
2680,1302,565,960,540,-342,-25,-7.6875,-0.41848652889757476
2681,1283,565,960,540,-323,-25,-7.09375,-0.44090674464049595
2682,1256,565,960,540,-296,-25,-6.25,-0.3844413304570442
2683,1245,566,960,540,-285,-26,-5.90625,-0.3308991754299261
2684,1242,567,960,540,-282,-27,-5.8125,-0.2801516022686208
2685,1239,570,960,540,-279,-30,-5.71875,-0.24368563092099227
2686,1219,572,960,540,-259,-32,-5.09375,-0.10287787635300649
2687,1198,573,960,540,-238,-33,-4.4375,-0.08425627227885513
2688,1194,576,960,540,-234,-36,-4.3125,0.0018394053532713173
2689,1188,578,960,540,-228,-38,-4.125,-0.009876700401728833
2690,1175,580,960,540,-215,-40,-3.71875,0.08009873853887495
2691,1164,580,960,540,-204,-40,-3.375,0.061826897322383445
2692,1159,581,960,540,-199,-41,-3.21875,0.105616458301653
2693,1158,580,960,540,-198,-40,-3.1875,0.06917566569485345
2694,1157,579,960,540,-197,-39,-3.15625,0.04609874607839948
2695,1157,577,960,540,-197,-37,-3.15625,-0.021101436578652377
2696,1157,575,960,540,-197,-35,-3.15625,-0.09189851488890177
2697,1151,573,960,540,-191,-33,-2.96875,-0.16598280802690368
2698,1138,571,960,540,-178,-31,-2.5625,-0.21965942868112087
2699,1129,571,960,540,-169,-31,-2.28125,-0.23604503428278
2700,1126,570,960,540,-166,-30,-2.1875,-0.2663161036827515
2701,1126,569,960,540,-166,-29,-2.1875,-0.32009127725957387
2702,1125,569,960,540,-165,-29,-2.15625,-0.32343055136641086
2703,1124,569,960,540,-164,-29,-2.125,-0.3173781088359715
2704,1123,569,960,540,-163,-29,-2.09375,-0.3018360740146442
2705,1122,569,960,540,-162,-29,-2.0625,-0.3155468090445668
2706,1108,570,960,540,-148,-30,-1.625,-0.2644730936806541
2707,1090,570,960,540,-130,-30,-1.0625,-0.25497675267152253
2708,1084,571,960,540,-124,-31,-0.875,-0.2140349046812191
2709,1082,571,960,540,-122,-31,-0.8125,-0.24575476254836026
2710,1081,571,960,540,-121,-31,-0.78125,-0.22797499466571436
2711,1080,570,960,540,-120,-30,-0.75,-0.2727784210257862
2712,1079,570,960,540,-119,-30,-0.71875,-0.26565910055403275
2713,1079,569,960,540,-119,-29,-0.71875,-0.29457678064534054
2714,1079,570,960,540,-119,-30,-0.71875,-0.25753974360830334
2715,1079,569,960,540,-119,-29,-0.71875,-0.2897115134266639
2716,1079,569,960,540,-119,-29,-0.71875,-0.27918211814757177
2717,1079,569,960,540,-119,-29,-0.71875,-0.2884105984408962
2718,1079,569,960,540,-119,-29,-0.71875,-0.2939671274839888
2719,1080,570,960,540,-120,-30,-0.75,-0.2709220907193579
2720,1080,570,960,540,-120,-30,-0.75,-0.27463562890330984
2721,1081,570,960,540,-121,-30,-0.78125,-0.26392588377541015
2722,1082,571,960,540,-122,-31,-0.8125,-0.22067920088325854
2723,1083,571,960,540,-123,-31,-0.84375,-0.2184502618917301
2724,1082,570,960,540,-122,-30,-0.8125,-0.2644135862690957
2725,1082,570,960,540,-122,-30,-0.8125,-0.26085816510174453
2726,1082,570,960,540,-122,-30,-0.8125,-0.271124831448853
2727,1082,570,960,540,-122,-30,-0.8125,-0.2560129138380989
2728,1081,570,960,540,-121,-30,-0.78125,-0.26879824364501514
2729,1080,570,960,540,-120,-30,-0.75,-0.27300926745232945
2730,1080,570,960,540,-120,-30,-0.75,-0.27171672487678
2731,1080,570,960,540,-120,-30,-0.75,-0.2691736931782287
2732,1079,570,960,540,-119,-30,-0.71875,-0.2649044690157776
2733,1079,570,960,540,-119,-30,-0.71875,-0.2673159317954892
2734,1078,570,960,540,-118,-30,-0.6875,-0.2671576897530257
2735,1072,570,960,540,-112,-30,-0.5,-0.25412350060686073
2736,1059,570,960,540,-99,-30,-0.09375,-0.2669733486250425
2737,1049,569,960,540,-89,-29,0.21875,-0.29000228185073995
2738,1045,570,960,540,-85,-30,0.34375,-0.2578981589560492
2739,1045,570,960,540,-85,-30,0.34375,-0.2566506111003308
2740,1046,570,960,540,-86,-30,0.3125,-0.2566506111003308
2741,1056,570,960,540,-96,-30,0.0,-0.2629385601687364
2742,1068,570,960,540,-108,-30,-0.375,-0.26360277598912973
2743,1071,571,960,540,-111,-31,-0.46875,-0.21880039951801233
2744,1071,571,960,540,-111,-31,-0.46875,-0.23188952487804593
2745,1069,571,960,540,-109,-31,-0.40625,-0.23198037274982664
2746,1068,572,960,540,-108,-32,-0.375,-0.19076050961132074
2747,1067,572,960,540,-107,-32,-0.34375,-0.1858820266020198
2748,1066,572,960,540,-106,-32,-0.3125,-0.18510390897770312
2749,1065,572,960,540,-105,-32,-0.28125,-0.18926164473653806
2750,1063,572,960,540,-103,-32,-0.21875,-0.19087066389558371
2751,1062,573,960,540,-102,-33,-0.1875,-0.15831976088679056
2752,1061,573,960,540,-101,-33,-0.15625,-0.16461874862084924
2753,1061,573,960,540,-101,-33,-0.15625,-0.1630622333914189
2754,1061,573,960,540,-101,-33,-0.15625,-0.1568292322899132
2755,1060,573,960,540,-100,-33,-0.125,-0.17227498223805338
2756,1060,573,960,540,-100,-33,-0.125,-0.16151553339104918
2757,1060,574,960,540,-100,-34,-0.125,-0.13061868781605956
2758,1060,573,960,540,-100,-33,-0.125,-0.18837083101523278
2759,1060,573,960,540,-100,-33,-0.125,-0.19353257275557878
2760,1060,573,960,540,-100,-33,-0.125,-0.19353257275557878
2761,1060,573,960,540,-100,-33,-0.125,-0.1959613741125592
2762,1059,573,960,540,-99,-33,-0.09375,-0.17473957300345333
2763,1059,574,960,540,-99,-34,-0.09375,-0.15720915764839605
2764,1059,574,960,540,-99,-34,-0.09375,-0.15610771013642055
2765,1059,575,960,540,-99,-35,-0.09375,-0.09759808430177452
2766,1060,575,960,540,-100,-35,-0.125,-0.11443984563472931
2767,1060,575,960,540,-100,-35,-0.125,-0.09883532369275971
2768,1060,575,960,540,-100,-35,-0.125,-0.09391635635952511
2769,1060,575,960,540,-100,-35,-0.125,-0.10153331583851632
2770,1060,575,960,540,-100,-35,-0.125,-0.11055876877567106
2771,1060,576,960,540,-100,-36,-0.125,-0.07604763211935928
2772,1060,576,960,540,-100,-36,-0.125,-0.07675710180977457
2773,1060,576,960,540,-100,-36,-0.125,-0.09167148356558252
2774,1060,576,960,540,-100,-36,-0.125,-0.07110914889635356
2775,1061,576,960,540,-101,-36,-0.15625,-0.06816589326863354
2776,1061,576,960,540,-101,-36,-0.15625,-0.057023143928493836
2777,1061,577,960,540,-101,-37,-0.15625,-0.004302172337143029
2778,1061,576,960,540,-101,-36,-0.15625,-0.04144078501880033
2779,1062,577,960,540,-102,-37,-0.1875,-0.023646662223820503
2780,1062,577,960,540,-102,-37,-0.1875,-0.008044209691563609
2781,1062,577,960,540,-102,-37,-0.1875,0.0010694358413803062
2782,1062,577,960,540,-102,-37,-0.1875,-0.02010180076382917
2783,1061,578,960,540,-101,-38,-0.15625,0.017888265712487694
2784,1061,578,960,540,-101,-38,-0.15625,0.015565267013926354
2785,1061,578,960,540,-101,-38,-0.15625,0.030021356765348006
2786,1061,578,960,540,-101,-38,-0.15625,0.02964711554249999
2787,1060,578,960,540,-100,-38,-0.125,0.0265294021190996
2788,1060,577,960,540,-100,-37,-0.125,-0.0008908413297501472
2789,1059,577,960,540,-99,-37,-0.09375,-0.021352582510827833
2790,1059,577,960,540,-99,-37,-0.09375,-0.0048546245161367185
2791,1059,577,960,540,-99,-37,-0.09375,-0.019987270330916074
2792,1059,577,960,540,-99,-37,-0.09375,-0.007688963274403715
2793,1059,577,960,540,-99,-37,-0.09375,-0.023723834088389628
2794,1059,577,960,540,-99,-37,-0.09375,-0.023723834088389628
2795,1059,577,960,540,-99,-37,-0.09375,-0.03448788480866538
2796,1060,578,960,540,-100,-38,-0.125,0.02787286981392012
2797,1060,577,960,540,-100,-37,-0.125,0.00173385652178637
2798,1060,577,960,540,-100,-37,-0.125,0.00173385652178637
2799,1060,577,960,540,-100,-37,-0.125,0.004882377597797083
2800,1060,577,960,540,-100,-37,-0.125,0.001719889249715001
2801,1060,577,960,540,-100,-37,-0.125,-0.026670014061012104
2802,694,787,960,540,266,-247,11.3125,8.284267430720192
2803,695,787,960,540,265,-247,11.28125,8.279450137697673
2804,695,786,960,540,265,-246,11.28125,8.230383843075664
2805,696,786,960,540,264,-246,11.25,8.236079213591418
2806,707,780,960,540,253,-240,10.90625,8.11519423254375
2807,718,773,960,540,242,-233,10.5625,7.855934973284492
2808,753,739,960,540,207,-199,9.46875,6.585802554712663
2809,808,691,960,540,152,-151,7.75,4.782111318996475
2810,850,664,960,540,110,-124,6.4375,3.777614622660264
2811,874,650,960,540,86,-110,5.6875,3.2576642370832283
2812,877,650,960,540,83,-110,5.59375,3.2433616381469363
2813,881,642,960,540,79,-102,5.46875,2.947755643685462
2814,896,623,960,540,64,-83,5.0,2.2756783743217417
2815,921,603,960,540,39,-63,4.21875,1.4904383433699477
2816,946,592,960,540,14,-52,3.4375,1.088838767653305
2817,960,589,960,540,0,-49,3.0,0.9854410340768284
2818,962,590,960,540,-2,-50,2.9375,1.0344327447748247
2819,961,597,960,540,-1,-57,2.96875,1.3126780737240757
2820,961,604,960,540,-1,-64,2.96875,1.5826366097174631
2821,962,605,960,540,-2,-65,2.9375,1.6181818516489384
2822,962,605,960,540,-2,-65,2.9375,1.6121410409610324
2823,962,605,960,540,-2,-65,2.9375,1.6390554468425367
2824,963,605,960,540,-3,-65,2.90625,1.6438023098431378
2825,973,601,960,540,-13,-61,2.59375,1.449378977362343
2826,987,593,960,540,-27,-53,2.15625,1.1780433183874832
2827,991,587,960,540,-31,-47,2.03125,0.971708394355831
2828,989,587,960,540,-29,-47,2.09375,0.9577492227249153
2829,989,587,960,540,-29,-47,2.09375,0.96482550752947
2830,989,587,960,540,-29,-47,2.09375,0.9512967159910185
2831,988,587,960,540,-28,-47,2.125,0.9876267989753258
2832,989,587,960,540,-29,-47,2.09375,1.0051177792050583
2833,989,587,960,540,-29,-47,2.09375,0.9367902166370559
2834,989,587,960,540,-29,-47,2.09375,0.9648253377664587
2835,991,587,960,540,-31,-47,2.03125,0.997910753512573
2836,1006,585,960,540,-46,-45,1.5625,0.9098854519547134
2837,1018,585,960,540,-58,-45,1.1875,0.8817637447387147
2838,1016,585,960,540,-56,-45,1.25,0.9109672380498551
2839,1015,586,960,540,-55,-46,1.28125,0.9487990786373329
2840,1015,585,960,540,-55,-45,1.28125,0.8939550604235023
2841,1015,585,960,540,-55,-45,1.28125,0.8941694113798575
2842,1016,585,960,540,-56,-45,1.25,0.9126080493164436
2843,1016,583,960,540,-56,-43,1.25,0.8222836998300056
2844,1016,581,960,540,-56,-41,1.25,0.7482096257559314
2845,1016,569,960,540,-56,-29,1.25,0.31571597612900837
2846,1017,557,960,540,-57,-17,1.21875,-0.12279802493995629
2847,1017,557,960,540,-57,-17,1.21875,-0.11436130043683501
2848,1033,556,960,540,-73,-16,0.71875,-0.19087688980215678
2849,1048,564,960,540,-88,-24,0.25,0.06619660694790508
2850,1048,574,960,540,-88,-34,0.25,0.45146763168574666
2851,1048,575,960,540,-88,-35,0.25,0.5036727534725242
2852,1047,575,960,540,-87,-35,0.28125,0.49852756529512887
2853,1047,565,960,540,-87,-25,0.28125,0.11439160794084147
2854,1047,556,960,540,-87,-16,0.28125,-0.20532670189230517
2855,1048,556,960,540,-88,-16,0.25,-0.20927532745988697
2856,1047,556,960,540,-87,-16,0.28125,-0.18447878018207386
2857,1047,556,960,540,-87,-16,0.28125,-0.18662824497462005
2858,1048,557,960,540,-88,-17,0.25,-0.15351279143073981
2859,1048,556,960,540,-88,-16,0.25,-0.21543921598576243
2860,1048,556,960,540,-88,-16,0.25,-0.18815695625425455
2861,1049,556,960,540,-89,-16,0.21875,-0.20097850671645512
2862,1049,556,960,540,-89,-16,0.21875,-0.19477640545753905
2863,1049,556,960,540,-89,-16,0.21875,-0.16266122081085077
2864,1049,555,960,540,-89,-15,0.21875,-0.17820165049238346
2865,1048,555,960,540,-88,-15,0.25,-0.196057873555873
2866,1048,555,960,540,-88,-15,0.25,-0.21770867541617256
2867,1049,555,960,540,-89,-15,0.21875,-0.2385983814082202
2868,1049,556,960,540,-89,-16,0.21875,-0.2120461257827142
2869,1049,556,960,540,-89,-16,0.21875,-0.19740515182820106
2870,1049,556,960,540,-89,-16,0.21875,-0.207852359026106
2871,1049,557,960,540,-89,-17,0.21875,-0.1679613232652164
2872,1049,557,960,540,-89,-17,0.21875,-0.16949335280998878
2873,1049,557,960,540,-89,-17,0.21875,-0.16949335280998878
2874,1049,557,960,540,-89,-17,0.21875,-0.15899955617502814
2875,1048,556,960,540,-88,-16,0.25,-0.1819818910712313
2876,1048,556,960,540,-88,-16,0.25,-0.21101428804932643
2877,1049,557,960,540,-89,-17,0.21875,-0.16730920552496886
2878,1049,557,960,540,-89,-17,0.21875,-0.16918520056052344
2879,1049,556,960,540,-89,-16,0.21875,-0.2033336643358512
2880,1049,556,960,540,-89,-16,0.21875,-0.16320340692945845
2881,1049,555,960,540,-89,-15,0.21875,-0.25401359417060276
2882,1049,556,960,540,-89,-16,0.21875,-0.2045920371310317
2883,1050,555,960,540,-90,-15,0.1875,-0.25400962256609283
2884,1050,554,960,540,-90,-14,0.1875,-0.3055332846709241
2885,1050,554,960,540,-90,-14,0.1875,-0.29031478950465606
2886,1049,553,960,540,-89,-13,0.21875,-0.2492916650860842
2887,1050,553,960,540,-90,-13,0.1875,-0.33998165778463835
2888,1051,554,960,540,-91,-14,0.15625,-0.3098194667784604
2889,1051,555,960,540,-91,-15,0.15625,-0.25050124726801304
2890,1051,555,960,540,-91,-15,0.15625,-0.26399374292936295
2891,1051,554,960,540,-91,-14,0.15625,-0.3030005500990618
2892,1051,554,960,540,-91,-14,0.15625,-0.3025121422570497
2893,1051,554,960,540,-91,-14,0.15625,-0.3226174705010184
2894,1051,555,960,540,-91,-15,0.15625,-0.26760815399954674
2895,1051,555,960,540,-91,-15,0.15625,-0.27083777754201976
2896,1052,556,960,540,-92,-16,0.125,-0.23574787507430395
2897,1052,556,960,540,-92,-16,0.125,-0.22015177949879605
2898,1052,556,960,540,-92,-16,0.125,-0.21172348295105425
2899,1052,556,960,540,-92,-16,0.125,-0.2290814070517755
2900,1052,556,960,540,-92,-16,0.125,-0.2032914404174746
2901,1052,556,960,540,-92,-16,0.125,-0.2049486660762666
2902,1052,556,960,540,-92,-16,0.125,-0.22045216151566827
2903,1052,556,960,540,-92,-16,0.125,-0.20508672112870863
2904,1052,556,960,540,-92,-16,0.125,-0.19703951955798493
2905,1052,556,960,540,-92,-16,0.125,-0.21657111823468966
2906,1052,556,960,540,-92,-16,0.125,-0.21425824991610987
2907,1051,556,960,540,-91,-16,0.15625,-0.22678811338923743
2908,1051,557,960,540,-91,-17,0.15625,-0.179044055156944
2909,1052,557,960,540,-92,-17,0.125,-0.18923915445681072
2910,1052,556,960,540,-92,-16,0.125,-0.19666537119654293
2911,1052,556,960,540,-92,-16,0.125,-0.20229428191925192
2912,1052,556,960,540,-92,-16,0.125,-0.20935017260651834
2913,1052,556,960,540,-92,-16,0.125,-0.21601097069135178
2914,1052,557,960,540,-92,-17,0.125,-0.16094548492351335
2915,1052,556,960,540,-92,-16,0.125,-0.21420071691895803
2916,1053,555,960,540,-93,-15,0.09375,-0.28836948055969547
2917,1053,555,960,540,-93,-15,0.09375,-0.28228572198157453
2918,1053,555,960,540,-93,-15,0.09375,-0.27452147601057786
2919,1053,555,960,540,-93,-15,0.09375,-0.29839846841456197
2920,1053,555,960,540,-93,-15,0.09375,-0.2678620491606549
2921,1053,555,960,540,-93,-15,0.09375,-0.23483369524397668
2922,1053,556,960,540,-93,-16,0.09375,-0.2071442493284974
2923,1052,556,960,540,-92,-16,0.125,-0.2015370497019412
2924,1053,556,960,540,-93,-16,0.09375,-0.20464245462200992
2925,1053,556,960,540,-93,-16,0.09375,-0.18938822664772514
2926,1053,557,960,540,-93,-17,0.09375,-0.16363231671563394
2927,1053,557,960,540,-93,-17,0.09375,-0.1766229098891221
2928,1053,556,960,540,-93,-16,0.09375,-0.2093910220677957
2929,1053,556,960,540,-93,-16,0.09375,-0.20977090022071876
2930,1053,557,960,540,-93,-17,0.09375,-0.19825933736610335
2931,1053,558,960,540,-93,-18,0.09375,-0.14440175345279027
2932,1053,557,960,540,-93,-17,0.09375,-0.1772335226342604
2933,1053,557,960,540,-93,-17,0.09375,-0.1566888689271988
2934,1052,557,960,540,-92,-17,0.125,-0.16129393500863676
2935,1052,557,960,540,-92,-17,0.125,-0.16456608494212122
2936,1053,557,960,540,-93,-17,0.09375,-0.16419488291891216
2937,1053,557,960,540,-93,-17,0.09375,-0.16419488291891216
2938,1052,557,960,540,-92,-17,0.125,-0.16956843067319372
2939,1052,557,960,540,-92,-17,0.125,-0.1616735276537764
2940,1053,557,960,540,-93,-17,0.09375,-0.15978493788333437
2941,1054,557,960,540,-94,-17,0.0625,-0.14703460968538873
2942,1054,557,960,540,-94,-17,0.0625,-0.15593819425347388
2943,1053,557,960,540,-93,-17,0.09375,-0.15919059866368723
2944,1053,557,960,540,-93,-17,0.09375,-0.15976257276229133
2945,1053,557,960,540,-93,-17,0.09375,-0.15976257276229133
2946,1053,557,960,540,-93,-17,0.09375,-0.15772422124454455
2947,1054,557,960,540,-94,-17,0.0625,-0.15783031018715687
2948,1054,557,960,540,-94,-17,0.0625,-0.1494139784085795
2949,1053,558,960,540,-93,-18,0.09375,-0.11891614235442971
2950,1053,558,960,540,-93,-18,0.09375,-0.1307071681407883
2951,1053,558,960,540,-93,-18,0.09375,-0.12953750999363722
2952,1053,558,960,540,-93,-18,0.09375,-0.10369855835004471
2953,1053,558,960,540,-93,-18,0.09375,-0.11232743684452473
2954,1053,558,960,540,-93,-18,0.09375,-0.10949739675927095
2955,1053,558,960,540,-93,-18,0.09375,-0.13154194826693344
2956,1053,558,960,540,-93,-18,0.09375,-0.12158137745959252
2957,1053,559,960,540,-93,-19,0.09375,-0.09432947182323403
2958,1053,559,960,540,-93,-19,0.09375,-0.08523705653402147
2959,1053,559,960,540,-93,-19,0.09375,-0.07022217167115785
2960,1053,558,960,540,-93,-18,0.09375,-0.13590887300248278
2961,1053,558,960,540,-93,-18,0.09375,-0.11304402764710464
2962,1053,557,960,540,-93,-17,0.09375,-0.15273194493751185
2963,1054,557,960,540,-94,-17,0.0625,-0.14695586278993578
2964,1054,557,960,540,-94,-17,0.0625,-0.1610941862761065
2965,1054,557,960,540,-94,-17,0.0625,-0.1597590476339834
2966,1053,558,960,540,-93,-18,0.09375,-0.12427532442196465
2967,1053,558,960,540,-93,-18,0.09375,-0.12784798977385825
2968,1053,558,960,540,-93,-18,0.09375,-0.14500178555498955
2969,1053,558,960,540,-93,-18,0.09375,-0.12892166617331202
2970,1053,559,960,540,-93,-19,0.09375,-0.09404462499261501
2971,1053,559,960,540,-93,-19,0.09375,-0.0957839547062368
2972,1053,558,960,540,-93,-18,0.09375,-0.13282023605161097
2973,1053,558,960,540,-93,-18,0.09375,-0.14568031919119928
2974,1052,558,960,540,-92,-18,0.125,-0.13068474542435204
2975,1052,558,960,540,-92,-18,0.125,-0.1264851107181939
2976,1052,558,960,540,-92,-18,0.125,-0.1329239934873896
2977,1053,559,960,540,-93,-19,0.09375,-0.09558047624221477
2978,1053,558,960,540,-93,-18,0.09375,-0.14375937670191463
2979,1053,558,960,540,-93,-18,0.09375,-0.14918585406557971
2980,1052,559,960,540,-92,-19,0.125,-0.09047722569821715
2981,1052,559,960,540,-92,-19,0.125,-0.12098447680740276
2982,1052,559,960,540,-92,-19,0.125,-0.12098447680740276
2983,1052,559,960,540,-92,-19,0.125,-0.11811862041667975
2984,1052,559,960,540,-92,-19,0.125,-0.12599109190792523
2985,1053,560,960,540,-93,-20,0.09375,-0.08997744418697318
2986,1053,560,960,540,-93,-20,0.09375,-0.09131869447146701
2987,1054,560,960,540,-94,-20,0.0625,-0.09258131922849688
2988,1054,560,960,540,-94,-20,0.0625,-0.06298406180969296
2989,1054,561,960,540,-94,-21,0.0625,-0.05207980534479828
2990,1055,561,960,540,-95,-21,0.03125,-0.03304621863126478
2991,1055,561,960,540,-95,-21,0.03125,-0.03304621863126478
2992,1055,561,960,540,-95,-21,0.03125,-0.0427274299854421
2993,1055,561,960,540,-95,-21,0.03125,-0.049728308621783346
2994,1055,560,960,540,-95,-20,0.03125,-0.07161894865897711
2995,1055,560,960,540,-95,-20,0.03125,-0.08327961329681932
2996,1055,560,960,540,-95,-20,0.03125,-0.09213390260118026
2997,1055,560,960,540,-95,-20,0.03125,-0.07133228416605153
2998,1055,560,960,540,-95,-20,0.03125,-0.09402968845699267
2999,1055,560,960,540,-95,-20,0.03125,-0.08877304513875439
3000,1055,560,960,540,-95,-20,0.03125,-0.0915939286797266
3001,1055,560,960,540,-95,-20,0.03125,-0.07875081551328256
3002,1055,560,960,540,-95,-20,0.03125,-0.06827655902520213
3003,1055,560,960,540,-95,-20,0.03125,-0.08070112988139355
3004,1055,561,960,540,-95,-21,0.03125,-0.03738121569454489
3005,1055,561,960,540,-95,-21,0.03125,-0.03738121569454489
3006,1055,560,960,540,-95,-20,0.03125,-0.08891415817752957
3007,1055,560,960,540,-95,-20,0.03125,-0.07895060458170733
3008,1055,560,960,540,-95,-20,0.03125,-0.08178241461050773
3009,1055,561,960,540,-95,-21,0.03125,-0.021998879345826672
3010,1056,561,960,540,-96,-21,0.0,-0.022693392990261962
3011,1056,561,960,540,-96,-21,0.0,-0.028871021401705388
3012,1056,561,960,540,-96,-21,0.0,-0.0369800127795018
3013,1056,561,960,540,-96,-21,0.0,-0.029716560415450788
3014,1056,561,960,540,-96,-21,0.0,-0.03225219501420551
3015,1056,561,960,540,-96,-21,0.0,-0.011188385358289588
3016,1056,561,960,540,-96,-21,0.0,-0.04258515818098463
3017,1056,561,960,540,-96,-21,0.0,-0.046856450103840985
3018,1056,561,960,540,-96,-21,0.0,-0.034040453764457634
3019,1056,561,960,540,-96,-21,0.0,-0.03584298259534113
3020,1056,561,960,540,-96,-21,0.0,-0.04042885211105718
3021,1056,562,960,540,-96,-22,0.0,0.006491548724034568
3022,1056,562,960,540,-96,-22,0.0,0.009123316571338469
3023,1056,562,960,540,-96,-22,0.0,0.0034134947624734346
3024,1056,562,960,540,-96,-22,0.0,0.0038099006687518644
3025,1056,562,960,540,-96,-22,0.0,0.0011037984085859875
3026,1056,561,960,540,-96,-21,0.0,-0.0359332386284511
3027,1056,561,960,540,-96,-21,0.0,-0.0556858146073097
3028,1056,561,960,540,-96,-21,0.0,-0.033067948814226145
3029,1057,561,960,540,-97,-21,-0.03125,-0.040192925125927315
3030,1057,561,960,540,-97,-21,-0.03125,-0.05651781266436806
3031,1057,561,960,540,-97,-21,-0.03125,-0.049391287983774235
3032,1057,561,960,540,-97,-21,-0.03125,-0.04647763253243076
3033,1057,561,960,540,-97,-21,-0.03125,-0.05185553021623812
3034,1057,561,960,540,-97,-21,-0.03125,-0.0525718053676445
3035,1057,561,960,540,-97,-21,-0.03125,-0.0548074541601109
3036,1057,562,960,540,-97,-22,-0.03125,-0.0076316212192406585
3037,1057,562,960,540,-97,-22,-0.03125,-0.016206721216229347
3038,1056,562,960,540,-96,-22,0.0,-0.0009630512658752588
3039,1056,561,960,540,-96,-21,0.0,-0.06491686635219596
3040,1056,561,960,540,-96,-21,0.0,-0.04411847573371319
3041,1057,561,960,540,-97,-21,-0.03125,-0.04391735241693362
3042,1057,561,960,540,-97,-21,-0.03125,-0.039454689981696434
3043,1057,561,960,540,-97,-21,-0.03125,-0.04189303284070389
3044,1057,561,960,540,-97,-21,-0.03125,-0.04005973728763812
3045,1057,561,960,540,-97,-21,-0.03125,-0.04338108812662411
3046,1057,561,960,540,-97,-21,-0.03125,-0.047632793573902155
3047,1057,561,960,540,-97,-21,-0.03125,-0.050373679344814515
3048,1057,561,960,540,-97,-21,-0.03125,-0.041211219299917445
3049,1057,561,960,540,-97,-21,-0.03125,-0.04808246645883618
3050,1057,561,960,540,-97,-21,-0.03125,-0.04031554473419341
3051,1057,561,960,540,-97,-21,-0.03125,-0.04832514149495182
3052,1057,561,960,540,-97,-21,-0.03125,-0.05981597512580472
3053,1057,561,960,540,-97,-21,-0.03125,-0.040811104989127656
3054,1057,561,960,540,-97,-21,-0.03125,-0.053181894401234886
3055,1057,561,960,540,-97,-21,-0.03125,-0.053982283935896214
3056,1056,561,960,540,-96,-21,0.0,-0.04473927792393373
3057,1056,560,960,540,-96,-20,0.0,-0.08939625044945343
3058,1056,560,960,540,-96,-20,0.0,-0.10966856315671902
3059,1056,560,960,540,-96,-20,0.0,-0.12184130964342499
3060,1056,560,960,540,-96,-20,0.0,-0.09102334841827964
3061,1056,560,960,540,-96,-20,0.0,-0.09072252687867743
3062,1056,560,960,540,-96,-20,0.0,-0.08874528431281892
3063,1056,561,960,540,-96,-21,0.0,-0.040613933939639746
3064,1056,561,960,540,-96,-21,0.0,-0.04170977988207325
3065,1057,561,960,540,-97,-21,-0.03125,-0.045291989896058316
3066,1057,561,960,540,-97,-21,-0.03125,-0.03569899647569397
3067,1057,561,960,540,-97,-21,-0.03125,-0.04831502906189056
3068,1057,561,960,540,-97,-21,-0.03125,-0.05383288210619652
3069,1057,561,960,540,-97,-21,-0.03125,-0.05383288210619652
3070,1057,561,960,540,-97,-21,-0.03125,-0.04521124980669855
3071,1057,561,960,540,-97,-21,-0.03125,-0.04196119097120399
3072,1057,561,960,540,-97,-21,-0.03125,-0.04997445226932662
3073,1057,561,960,540,-97,-21,-0.03125,-0.04635640126772067
3074,1057,561,960,540,-97,-21,-0.03125,-0.04476384483343787
3075,1057,561,960,540,-97,-21,-0.03125,-0.050654781471474286
3076,1057,561,960,540,-97,-21,-0.03125,-0.04540984442016904
3077,1057,562,960,540,-97,-22,-0.03125,-0.0012790819132328934
3078,1057,562,960,540,-97,-22,-0.03125,-0.0012790819132328934
3079,1056,562,960,540,-96,-22,0.0,-0.004790844618000167
3080,1056,561,960,540,-96,-21,0.0,-0.03585687042842689
3081,1057,561,960,540,-97,-21,-0.03125,-0.04572116744266208
3082,1057,561,960,540,-97,-21,-0.03125,-0.033275526453270476
3083,1057,561,960,540,-97,-21,-0.03125,-0.04005813493584265
3084,1057,561,960,540,-97,-21,-0.03125,-0.034441576949548414
3085,1056,561,960,540,-96,-21,0.0,-0.034441576949548414
3086,1056,561,960,540,-96,-21,0.0,-0.04073151403564945
3087,1057,561,960,540,-97,-21,-0.03125,-0.03785900182406954
3088,1056,561,960,540,-96,-21,0.0,-0.04415404669952894
3089,1056,561,960,540,-96,-21,0.0,-0.04530198969021926
3090,1056,561,960,540,-96,-21,0.0,-0.06101558356452175
3091,1057,562,960,540,-97,-22,-0.03125,-0.0033798371814539596
3092,1057,561,960,540,-97,-21,-0.03125,-0.03854178952769127
3093,1057,561,960,540,-97,-21,-0.03125,-0.06346008188823116
3094,1057,561,960,540,-97,-21,-0.03125,-0.07133869940207238
3095,1057,561,960,540,-97,-21,-0.03125,-0.037941369338209796
3096,1057,561,960,540,-97,-21,-0.03125,-0.04905003779320827
3097,1057,561,960,540,-97,-21,-0.03125,-0.0569434700952961
3098,1057,561,960,540,-97,-21,-0.03125,-0.04651650638567595
3099,1057,561,960,540,-97,-21,-0.03125,-0.040460627081765344
3100,1057,561,960,540,-97,-21,-0.03125,-0.061701934940296965
3101,1057,561,960,540,-97,-21,-0.03125,-0.04354681803028526
3102,1057,561,960,540,-97,-21,-0.03125,-0.06478705682205255
3103,1057,561,960,540,-97,-21,-0.03125,-0.05627210919908576
3104,1057,560,960,540,-97,-20,-0.03125,-0.08376626912078544
3105,1057,560,960,540,-97,-20,-0.03125,-0.1051669046110506
3106,1057,561,960,540,-97,-21,-0.03125,-0.07052356143708627
3107,1057,561,960,540,-97,-21,-0.03125,-0.05572986947819447
3108,1057,561,960,540,-97,-21,-0.03125,-0.04953478296340019
3109,1057,561,960,540,-97,-21,-0.03125,-0.07006985333173232
3110,1057,561,960,540,-97,-21,-0.03125,-0.05869783983850596
3111,1057,561,960,540,-97,-21,-0.03125,-0.05610445358066862
3112,1057,561,960,540,-97,-21,-0.03125,-0.02457129092331578
3113,1057,561,960,540,-97,-21,-0.03125,-0.06579054160570097
3114,1057,561,960,540,-97,-21,-0.03125,-0.05399210748722638
3115,1057,561,960,540,-97,-21,-0.03125,-0.05399210748722638
3116,1057,560,960,540,-97,-20,-0.03125,-0.08383630985844248
3117,1057,560,960,540,-97,-20,-0.03125,-0.08754769485608471
3118,1057,561,960,540,-97,-21,-0.03125,-0.04799034152144854
3119,1057,561,960,540,-97,-21,-0.03125,-0.03204604854860005
3120,1058,561,960,540,-98,-21,-0.0625,-0.05442042226090271
3121,1058,561,960,540,-98,-21,-0.0625,-0.06580231075650111
3122,1057,561,960,540,-97,-21,-0.03125,-0.034929559316183356
3123,1057,561,960,540,-97,-21,-0.03125,-0.04259449527932935
3124,1057,560,960,540,-97,-20,-0.03125,-0.10703020633016591
3125,1057,559,960,540,-97,-19,-0.03125,-0.1440672433672029
3126,1057,558,960,540,-97,-18,-0.03125,-0.11981788252514669
3127,1058,557,960,540,-98,-17,-0.0625,-0.19369513443818476
3128,1059,556,960,540,-99,-16,-0.09375,-0.24629448460604597
3129,1061,554,960,540,-101,-14,-0.15625,-0.32543420851115135
3130,1062,554,960,540,-102,-14,-0.1875,-0.30747782481140795
3131,1063,554,960,540,-103,-14,-0.21875,-0.31384661853364304
3132,1062,554,960,540,-102,-14,-0.1875,-0.30385591396633416
3133,1062,554,960,540,-102,-14,-0.1875,-0.29681329196073736
3134,1062,555,960,540,-102,-15,-0.1875,-0.2518393089401596
3135,1061,556,960,540,-101,-16,-0.15625,-0.21097650068447138
3136,1061,556,960,540,-101,-16,-0.15625,-0.2304678703703139
3137,1062,556,960,540,-102,-16,-0.1875,-0.20528003316293808
3138,1063,557,960,540,-103,-17,-0.21875,-0.17599872841061026
3139,1063,558,960,540,-103,-18,-0.21875,-0.13590838104430059
3140,1063,557,960,540,-103,-17,-0.21875,-0.2053937851869012
3141,1063,557,960,540,-103,-17,-0.21875,-0.19940395929714438
3142,1063,556,960,540,-103,-16,-0.21875,-0.24321038358923475
3143,1064,556,960,540,-104,-16,-0.25,-0.24532924947722368
3144,1064,556,960,540,-104,-16,-0.25,-0.2469618760638379
3145,1064,556,960,540,-104,-16,-0.25,-0.2153990464591763
3146,1065,556,960,540,-105,-16,-0.28125,-0.2222369040335257
3147,1065,557,960,540,-105,-17,-0.28125,-0.18667359852989096
3148,1066,557,960,540,-106,-17,-0.3125,-0.2030886723606118
3149,1066,557,960,540,-106,-17,-0.3125,-0.20016379757673175
3150,1066,556,960,540,-106,-16,-0.3125,-0.2378353045703836
3151,1067,556,960,540,-107,-16,-0.34375,-0.23078801504542312
3152,1068,556,960,540,-108,-16,-0.375,-0.23640304928172928
3153,1068,556,960,540,-108,-16,-0.375,-0.21901755015859203
3154,1068,557,960,540,-108,-17,-0.375,-0.1842926124626143
3155,1069,556,960,540,-109,-16,-0.40625,-0.23452127817816792
3156,1068,556,960,540,-108,-16,-0.375,-0.2534304612398586
3157,1067,557,960,540,-107,-17,-0.34375,-0.173646628222615
3158,1066,557,960,540,-106,-17,-0.3125,-0.20424710844973593
3159,1066,557,960,540,-106,-17,-0.3125,-0.21401242657143194
3160,1066,557,960,540,-106,-17,-0.3125,-0.19024315509739254
3161,1066,557,960,540,-106,-17,-0.3125,-0.19140936242211337
3162,1065,557,960,540,-105,-17,-0.28125,-0.18713934954569278
3163,1065,558,960,540,-105,-18,-0.28125,-0.1501023125086557
3164,1064,558,960,540,-104,-18,-0.25,-0.16650921072643832
3165,1064,559,960,540,-104,-19,-0.25,-0.1422651886038151
3166,1063,559,960,540,-103,-19,-0.21875,-0.143518468106958
3167,1063,560,960,540,-103,-20,-0.21875,-0.10648143106992103
3168,1063,561,960,540,-103,-21,-0.21875,-0.040676650233333556
3169,1064,561,960,540,-104,-21,-0.25,-0.035698818581980984
3170,1066,563,960,540,-106,-23,-0.3125,0.011837052958906358
3171,1069,564,960,540,-109,-24,-0.40625,0.0696133431235949
3172,1074,567,960,540,-114,-27,-0.5625,0.1759895513017552
3173,1083,574,960,540,-123,-34,-0.84375,0.41575170244872517
3174,1095,585,960,540,-135,-45,-1.21875,0.828572797097142
3175,1106,595,960,540,-146,-55,-1.5625,1.1984319211345011
3176,1118,604,960,540,-158,-64,-1.9375,1.5037327468520338
0,212,935,960,540,748,-395,26.375,11.226354157245705
1,161,948,960,540,799,-408,27.96875,11.705239428408397
2,141,955,960,540,819,-415,28.59375,11.980636157844488
3,133,956,960,540,827,-416,28.84375,12.182378219516131
4,129,956,960,540,831,-416,28.96875,12.128512015932998
5,114,961,960,540,846,-421,29.4375,12.31097048836315
6,99,964,960,540,861,-424,29.90625,12.777804164349364
7,95,958,960,540,865,-418,30.03125,12.367273934597955
8,101,938,960,540,859,-398,29.84375,11.256679368336652
9,117,908,960,540,843,-368,29.34375,9.880336630026848
10,175,847,960,540,785,-307,27.53125,7.740213630225151
11,227,802,960,540,733,-262,25.90625,6.073546963558483
12,289,762,960,540,671,-222,23.96875,4.573938743361324
13,387,707,960,540,573,-167,20.90625,2.5826342444468935
14,461,681,960,540,499,-141,18.59375,1.5401473230773628
15,523,666,960,540,437,-126,16.65625,1.013927203098048
16,583,661,960,540,377,-121,14.78125,0.9015460133722573
17,614,658,960,540,346,-118,13.8125,0.7808581886104626
18,608,658,960,540,352,-118,14.0,0.7255860778916192
19,589,657,960,540,371,-117,14.59375,0.7320810961956181
20,558,656,960,540,402,-116,15.5625,0.6665869473705834
21,525,656,960,540,435,-116,16.59375,0.6054303617209928
22,500,657,960,540,460,-117,17.375,0.6397588551917957
23,489,663,960,540,471,-123,17.71875,0.8443964193452214
24,505,672,960,540,455,-132,17.21875,1.1804646230191156
25,542,676,960,540,418,-136,16.0625,1.3426251855353057
26,600,678,960,540,360,-138,14.25,1.4375844233399349
27,652,678,960,540,308,-138,12.625,1.4688792873665815
28,673,672,960,540,287,-132,11.96875,1.3180552446344684
29,684,664,960,540,276,-124,11.625,0.9686906922515686
30,672,659,960,540,288,-119,12.0,0.7817781715105041
31,650,658,960,540,310,-118,12.6875,0.7138437793712722
32,633,654,960,540,327,-114,13.21875,0.575569530284473
33,630,648,960,540,330,-108,13.3125,0.3322468628605284
34,647,648,960,540,313,-108,12.78125,0.3689558520340719
35,677,651,960,540,283,-111,11.84375,0.4611967649333426
36,713,653,960,540,247,-113,10.71875,0.5252837963127424
37,757,655,960,540,203,-115,9.34375,0.6720569875020601
38,787,658,960,540,173,-118,8.40625,0.7567018132803764
39,790,659,960,540,170,-119,8.3125,0.7669603284162854
40,787,660,960,540,173,-120,8.40625,0.8380721661621844
41,780,660,960,540,180,-120,8.625,0.8336061601278142
42,783,659,960,540,177,-119,8.53125,0.788400488894085
43,800,658,960,540,160,-118,8.0,0.7293181769973547
44,826,657,960,540,134,-117,7.1875,0.6956873777583983
45,853,654,960,540,107,-114,6.34375,0.5748968043140517
46,876,649,960,540,84,-109,5.625,0.378848805104981
47,887,644,960,540,73,-104,5.28125,0.20367982545017416
48,891,636,960,540,69,-96,5.15625,-0.15373007385403614
49,904,623,960,540,56,-83,4.75,-0.5581449049934761
50,939,609,960,540,21,-69,3.65625,-1.0957157449901582
51,972,605,960,540,-12,-65,2.625,-1.151343341943178
52,980,606,960,540,-20,-66,2.375,-1.120881704530496
53,981,607,960,540,-21,-67,2.34375,-1.0893980181570915
54,980,610,960,540,-20,-70,2.375,-0.9756951100368187
55,979,623,960,540,-19,-83,2.40625,-0.5466976820477818
56,977,635,960,540,-17,-95,2.46875,-0.08572123579075708
57,977,635,960,540,-17,-95,2.46875,-0.060614170425813185
58,979,629,960,540,-19,-89,2.40625,-0.23283120569123383
59,981,623,960,540,-21,-83,2.34375,-0.45505342791345615
60,983,620,960,540,-23,-80,2.28125,-0.5389423970384537
61,985,617,960,540,-25,-77,2.21875,-0.6690547346185505
62,984,615,960,540,-24,-75,2.25,-0.6914683432974731
63,982,614,960,540,-22,-74,2.3125,-0.7567817106738932
64,981,615,960,540,-21,-75,2.34375,-0.7215209437158121
65,984,623,960,540,-24,-83,2.25,-0.3369268229100748
66,993,633,960,540,-33,-93,1.96875,0.058654499868198595
67,998,638,960,540,-38,-98,1.8125,0.2747450521795156
68,997,638,960,540,-37,-98,1.84375,0.2709771131162029
69,994,635,960,540,-34,-95,1.9375,0.1334191029505054
70,992,626,960,540,-32,-86,2.0,-0.1504436947785428
71,991,619,960,540,-31,-79,2.03125,-0.4311567342982032
72,991,619,960,540,-31,-79,2.03125,-0.39605215797910187
73,993,620,960,540,-33,-80,1.96875,-0.3618163194069477
74,1000,621,960,540,-40,-81,1.75,-0.3943546001055407
75,1013,623,960,540,-53,-83,1.34375,-0.32022882394597074
76,1026,625,960,540,-66,-85,0.9375,-0.2898941305106315
77,1030,628,960,540,-70,-88,0.8125,-0.2532669833313501
78,1030,629,960,540,-70,-89,0.8125,-0.14580323559161412
79,1030,630,960,540,-70,-90,0.8125,-0.11737253212744836
80,1031,630,960,540,-71,-90,0.78125,-0.13244373351770689
81,1031,631,960,540,-71,-91,0.78125,-0.07518214499946474
82,1031,631,960,540,-71,-91,0.78125,-0.06309965700020426
83,1031,630,960,540,-71,-90,0.78125,-0.08660733132114284
84,1031,630,960,540,-71,-90,0.78125,-0.09422917242982587
85,1030,630,960,540,-70,-90,0.8125,-0.10140049870964107
86,1029,631,960,540,-69,-91,0.84375,-0.033018650492735446
87,1027,631,960,540,-67,-91,0.90625,-0.003222607409516076
88,1026,630,960,540,-66,-90,0.9375,-0.0681676036586758
89,1025,630,960,540,-65,-90,0.96875,-0.0930685427159359
90,1024,629,960,540,-64,-89,1.0,-0.11288439100972925
91,1023,627,960,540,-63,-87,1.03125,-0.20197385525107103
92,1021,627,960,540,-61,-87,1.09375,-0.16435619075943908
93,1019,630,960,540,-59,-90,1.15625,-0.051011809885529225
94,1016,630,960,540,-56,-90,1.25,-0.15156847150553876
95,1013,630,960,540,-53,-90,1.34375,-0.1794251986683788
96,1011,630,960,540,-51,-90,1.40625,-0.1701046494066909
97,1015,630,960,540,-55,-90,1.28125,-0.06039755783197309
98,1021,630,960,540,-61,-90,1.09375,-0.06039755783197309
99,1029,629,960,540,-69,-89,0.84375,-0.16649132308525028
100,1038,628,960,540,-78,-88,0.5625,-0.154038801340183
101,1039,627,960,540,-79,-87,0.53125,-0.2354196382717908
102,1040,628,960,540,-80,-88,0.5,-0.22195321834464066
103,1041,630,960,540,-81,-90,0.46875,-0.15883824730986396
104,1042,631,960,540,-82,-91,0.4375,-0.08877200394947948
105,1043,631,960,540,-83,-91,0.40625,-0.08832047942210686
106,1043,630,960,540,-83,-90,0.40625,-0.07282412724849019
107,1043,629,960,540,-83,-89,0.40625,-0.10986116428552695
108,1042,629,960,540,-82,-89,0.4375,-0.1244085037075493
109,1041,630,960,540,-81,-90,0.46875,-0.11066404597803414
110,1040,633,960,540,-80,-93,0.5,-0.01691946477593298
111,1038,635,960,540,-78,-95,0.5625,0.042620471050313746
112,1036,635,960,540,-76,-95,0.625,0.058091983831535465
113,1035,634,960,540,-75,-94,0.65625,-0.00728045401655919
114,1034,633,960,540,-74,-93,0.6875,-0.03672955487861973
115,1034,633,960,540,-74,-93,0.6875,-0.03672955487861973
116,1034,635,960,540,-74,-95,0.6875,0.06559222954304111
117,1033,635,960,540,-73,-95,0.71875,0.11247138879027707
118,1033,635,960,540,-73,-95,0.71875,0.09632181910644855
119,1031,634,960,540,-71,-94,0.78125,0.05775594433365416
120,1027,635,960,540,-67,-95,0.90625,0.08251013308669553
121,1023,637,960,540,-63,-97,1.03125,0.16216106726833024
122,1020,639,960,540,-60,-99,1.125,0.20008495016639305
123,1017,641,960,540,-57,-101,1.21875,0.31851411357419845
124,1015,643,960,540,-55,-103,1.28125,0.3763535798909827
125,1018,645,960,540,-58,-105,1.1875,0.531427834575493
126,1034,647,960,540,-74,-107,0.6875,0.5637022508186851
127,1045,648,960,540,-85,-108,0.34375,0.566118976359919
128,1046,649,960,540,-86,-109,0.3125,0.5657891490486722
129,1049,650,960,540,-89,-110,0.21875,0.5989975225621187
130,1050,650,960,540,-90,-110,0.1875,0.6043261872970458
131,1045,650,960,540,-85,-110,0.34375,0.5960996464502317
132,1034,651,960,540,-74,-111,0.6875,0.725979318414399
133,1028,651,960,540,-68,-111,0.875,0.6971249260801322
134,1029,652,960,540,-69,-112,0.84375,0.7479942056628213
135,1030,653,960,540,-70,-113,0.8125,0.7449230766444201
136,1035,654,960,540,-75,-114,0.65625,0.7294457361228379
137,1047,653,960,540,-87,-113,0.28125,0.7062951521194889
138,1053,653,960,540,-93,-113,0.09375,0.7008908331697818
139,1052,653,960,540,-92,-113,0.125,0.718199643752282
140,1048,653,960,540,-88,-113,0.25,0.7038250739164136
141,1045,654,960,540,-85,-114,0.34375,0.7456262082586038
142,1044,655,960,540,-84,-115,0.375,0.7644420415234281
143,1044,655,960,540,-84,-115,0.375,0.7765394325043524
144,1046,645,960,540,-86,-105,0.3125,0.38694692663912456
145,1051,629,960,540,-91,-89,0.15625,-0.19382537238399777
146,1057,623,960,540,-97,-83,-0.03125,-0.4352691014809542
147,1069,619,960,540,-109,-79,-0.40625,-0.5815042055858277
148,1082,614,960,540,-122,-74,-0.8125,-0.806852360440458
149,1094,615,960,540,-134,-75,-1.1875,-0.7951331742248544
150,1107,620,960,540,-147,-80,-1.59375,-0.6314193919383517
151,1119,625,960,540,-159,-85,-1.96875,-0.37706139243657244
152,1130,626,960,540,-170,-86,-2.3125,-0.49483065028618967
153,1137,629,960,540,-177,-89,-2.53125,-0.3837195391750785
154,1145,629,960,540,-185,-89,-2.78125,-0.41465669410315087
155,1164,627,960,540,-204,-87,-3.375,-0.5363645557130297
156,1184,627,960,540,-224,-87,-4.0,-0.5285484600549504
157,1194,627,960,540,-234,-87,-4.3125,-0.4960649256394607
158,1208,626,960,540,-248,-86,-4.75,-0.5816305346752584
159,1224,625,960,540,-264,-85,-5.25,-0.5255038032566812
160,1229,623,960,540,-269,-83,-5.40625,-0.6171892962314947
161,1225,620,960,540,-265,-80,-5.28125,-0.7049626794250412
162,1223,619,960,540,-263,-79,-5.21875,-0.7581130339872288
163,1223,620,960,540,-263,-80,-5.21875,-0.7623886296202991
164,1215,620,960,540,-255,-80,-4.96875,-0.7585685320662101
165,1195,619,960,540,-235,-79,-4.34375,-0.7764311574226657
166,1156,618,960,540,-196,-78,-3.125,-0.8433349255634752
167,1123,618,960,540,-163,-78,-2.09375,-0.8134074173437615
168,1112,618,960,540,-152,-78,-1.75,-0.7434544527589164
169,1106,618,960,540,-146,-78,-1.5625,-0.7537664555168648
170,1099,619,960,540,-139,-79,-1.34375,-0.6871601828446159
171,1090,621,960,540,-130,-81,-1.0625,-0.6188999417888943
172,1082,621,960,540,-122,-81,-0.8125,-0.6232210936666212
173,1074,621,960,540,-114,-81,-0.5625,-0.5365481430432926
174,1062,617,960,540,-102,-77,-0.1875,-0.6750906034462787
175,1046,613,960,540,-86,-73,0.3125,-0.7583151752011745
176,1033,610,960,540,-73,-70,0.71875,-0.8147750666197426
177,1022,607,960,540,-62,-67,1.0625,-0.8981113994880716
178,1015,607,960,540,-55,-67,1.28125,-0.8783318696133784
179,1011,609,960,540,-51,-69,1.40625,-0.8508079170222973
180,1000,610,960,540,-40,-70,1.75,-0.7754129704210371
181,984,615,960,540,-24,-75,2.25,-0.6800889776145307
182,977,627,960,540,-17,-87,2.46875,-0.14871990153667847
183,976,639,960,540,-16,-99,2.5,0.25493343994119355
184,969,644,960,540,-9,-104,2.71875,0.4121486878700278
185,960,648,960,540,0,-108,3.0,0.5591455473213536
186,955,652,960,540,5,-112,3.15625,0.66054429234967
187,954,655,960,540,6,-115,3.1875,0.7442474222125264
188,960,660,960,540,0,-120,3.0,0.8842928773413266
189,962,663,960,540,-2,-123,2.9375,0.9644971443563244
190,961,664,960,540,-1,-124,2.96875,1.0015341813933616
191,967,666,960,540,-7,-126,2.78125,1.1256625568559016
192,980,664,960,540,-20,-124,2.375,1.0771652510599976
193,989,660,960,540,-29,-120,2.09375,0.9421103283370953
194,992,660,960,540,-32,-120,2.0,0.8961300850562872
195,993,662,960,540,-33,-122,1.96875,0.9911675832063986
196,993,664,960,540,-33,-124,1.96875,1.075824400453893
197,992,666,960,540,-32,-126,2.0,1.171627022332149
198,990,668,960,540,-30,-128,2.0625,1.236918072085198
199,989,670,960,540,-29,-130,2.09375,1.3761334422060352
200,988,672,960,540,-28,-132,2.125,1.4502075162801087
201,985,658,960,540,-25,-118,2.21875,0.8960278597365186
202,981,644,960,540,-21,-104,2.34375,0.4025399562751546
203,981,644,960,540,-21,-104,2.34375,0.3681850921144214
204,989,643,960,540,-29,-103,2.09375,0.3809828373177431
205,1000,643,960,540,-40,-103,1.75,0.3714024391121531
206,1004,645,960,540,-44,-105,1.625,0.46609435567349955
207,1004,646,960,540,-44,-106,1.625,0.5037310946828026
208,1003,645,960,540,-43,-105,1.65625,0.4489120440290537
209,1004,643,960,540,-44,-103,1.625,0.32481320769877264
210,1006,642,960,540,-46,-102,1.5625,0.3322690206069008
211,1017,643,960,540,-57,-103,1.21875,0.381981221404569
212,1033,644,960,540,-73,-104,0.71875,0.42506714291666103
213,1044,646,960,540,-84,-106,0.375,0.4679440560203103
214,1049,646,960,540,-89,-106,0.21875,0.5125911862866697
215,1050,646,960,540,-90,-106,0.1875,0.48558067177666286
216,1052,647,960,540,-92,-107,0.125,0.6161110904236029
217,1051,647,960,540,-91,-107,0.15625,0.6639130200106194
218,1044,647,960,540,-84,-107,0.375,0.563205135745025
219,1033,646,960,540,-73,-106,0.71875,0.5238979512618629
220,1028,644,960,540,-68,-104,0.875,0.45950610338842734
221,1030,643,960,540,-70,-103,0.8125,0.3665240409271515
222,1036,643,960,540,-76,-103,0.625,0.4240784735351051
223,1047,642,960,540,-87,-102,0.28125,0.38201708995953254
224,1064,637,960,540,-104,-97,-0.25,0.21754157584921208
225,1075,633,960,540,-115,-93,-0.59375,0.0464769440625914
226,1075,630,960,540,-115,-90,-0.59375,-0.014449658128496079
227,1068,628,960,540,-108,-88,-0.375,-0.09981564527865139
228,1054,627,960,540,-94,-87,0.0625,-0.0998064298632535
229,1044,630,960,540,-84,-90,0.375,-0.05257600491289072
230,1041,634,960,540,-81,-94,0.46875,0.034235694394877836
231,1038,636,960,540,-78,-96,0.5625,0.17343878767696408
232,1035,639,960,540,-75,-99,0.65625,0.2384363284392732
233,1032,641,960,540,-72,-101,0.75,0.4084202237824628
234,1032,644,960,540,-72,-104,0.75,0.43547590928750735
235,1039,647,960,540,-79,-107,0.53125,0.6194469834026148
236,1052,648,960,540,-92,-108,0.125,0.6758115177158404
237,1060,649,960,540,-100,-109,-0.125,0.6247186931608133
238,1062,650,960,540,-102,-110,-0.1875,0.6729908346633859
239,1062,650,960,540,-102,-110,-0.1875,0.6217186756189044
240,1050,651,960,540,-90,-111,0.1875,0.6782770651739858
241,1034,651,960,540,-74,-111,0.6875,0.7301256080044278
242,1031,649,960,540,-71,-109,0.78125,0.5907949554949297
243,1031,648,960,540,-71,-108,0.78125,0.5524858680288762
244,1031,649,960,540,-71,-109,0.78125,0.6153084271682712
245,1044,649,960,540,-84,-109,0.375,0.676414119981009
246,1060,648,960,540,-100,-108,-0.125,0.5748050304303014
247,1062,648,960,540,-102,-108,-0.1875,0.6098996013125983
248,1061,648,960,540,-101,-108,-0.15625,0.6131523212001482
249,1061,648,960,540,-101,-108,-0.15625,0.6320254332463184
250,1063,649,960,540,-103,-109,-0.21875,0.6810633498017942
251,1062,649,960,540,-102,-109,-0.1875,0.6800025390669671
252,1063,649,960,540,-103,-109,-0.21875,0.6996864029621839
253,1063,648,960,540,-103,-108,-0.21875,0.5866400785018917
254,1064,648,960,540,-104,-108,-0.25,0.5866400785018917
255,1065,639,960,540,-105,-99,-0.28125,0.4113633818681919
256,1069,621,960,540,-109,-81,-0.40625,-0.20722216412312688
257,1070,613,960,540,-110,-73,-0.4375,-0.4066643369382068
258,1069,614,960,540,-109,-74,-0.40625,-0.36371405106986376
259,1067,613,960,540,-107,-73,-0.34375,-0.3661247882494538
260,1063,617,960,540,-103,-77,-0.21875,-0.3090402534210188
261,1058,623,960,540,-98,-83,-0.0625,0.058515146212006375
262,1050,622,960,540,-90,-82,0.1875,0.04393435891338404
263,1039,620,960,540,-79,-80,0.53125,-0.009918163491990484
264,1027,620,960,540,-67,-80,0.90625,0.055155613430726724
265,1019,620,960,540,-59,-80,1.15625,0.04605881252726318
266,1015,620,960,540,-55,-80,1.28125,0.11473066322653525
267,1012,619,960,540,-52,-79,1.375,-0.01338725927579576
268,1010,620,960,540,-50,-80,1.4375,-0.05369361815945428
269,1009,622,960,540,-49,-82,1.46875,-0.029264710561693885
270,1008,623,960,540,-48,-83,1.5,-0.06153024955347286
271,1017,623,960,540,-57,-83,1.21875,-0.1227485327318365
272,1030,624,960,540,-70,-84,0.8125,-0.04615238380992093
273,1035,625,960,540,-75,-85,0.65625,0.0592176146397545
274,1036,625,960,540,-76,-85,0.625,0.027916938419618287
275,1037,625,960,540,-77,-85,0.59375,-0.027073488953116787
276,1037,624,960,540,-77,-84,0.59375,-0.12634539129954137
277,1037,624,960,540,-77,-84,0.59375,-0.10086360510840553
278,1037,623,960,540,-77,-83,0.59375,-0.12750136632061038
279,1038,623,960,540,-78,-83,0.5625,-0.1322075278784225
280,1040,623,960,540,-80,-83,0.5,-0.1322075278784225
281,1040,623,960,540,-80,-83,0.5,-0.10733454094887263
282,1040,623,960,540,-80,-83,0.5,-0.06559672638647607
283,1040,624,960,540,-80,-84,0.5,0.009957026340561725
284,1040,626,960,540,-80,-86,0.5,0.09698307770621728
285,1039,627,960,540,-79,-87,0.53125,0.08066128174892162
286,1040,627,960,540,-80,-87,0.5,0.041599484602790504
287,1042,628,960,540,-82,-88,0.4375,0.07412652510699402
288,1043,627,960,540,-83,-87,0.40625,-0.010956727121323784
289,1044,627,960,540,-84,-87,0.375,0.005340165427064836
290,1045,625,960,540,-85,-85,0.34375,-0.11624058310237029
291,1046,624,960,540,-86,-84,0.3125,-0.12753966946455142
292,1045,624,960,540,-85,-84,0.34375,-0.10312695553536955
293,1045,622,960,540,-85,-82,0.34375,-0.18264330693135866
294,1045,621,960,540,-85,-81,0.34375,-0.29296748826495067
295,1044,621,960,540,-84,-81,0.375,-0.2845096791776687
296,1043,622,960,540,-83,-82,0.40625,-0.23159638076935263
297,1042,622,960,540,-82,-82,0.4375,-0.22407708663890302
298,1042,623,960,540,-82,-83,0.4375,-0.2488563617486883
299,1042,624,960,540,-82,-84,0.4375,-0.21181932471165155
300,1043,624,960,540,-83,-84,0.40625,-0.2238897117487504
301,1046,624,960,540,-86,-84,0.3125,-0.1502156256774132
302,1049,626,960,540,-89,-86,0.21875,-0.08501417760391394
303,1052,628,960,540,-92,-88,0.125,0.04656710281019505
304,1054,630,960,540,-94,-90,0.0625,0.10436332330971076
305,1056,632,960,540,-96,-92,0.0,0.14772585992827025
306,1058,632,960,540,-98,-92,-0.0625,0.166258359068562
307,1061,632,960,540,-101,-92,-0.15625,0.1674681979860302
308,1062,633,960,540,-102,-93,-0.1875,0.22837136126905389
309,1063,634,960,540,-103,-94,-0.21875,0.168293816470928
310,1065,633,960,540,-105,-93,-0.28125,0.21059726594652783
311,1067,633,960,540,-107,-93,-0.34375,0.16538266768384124
312,1068,632,960,540,-108,-92,-0.375,0.14949222865774603
313,1069,632,960,540,-109,-92,-0.40625,0.1461075029383534
314,1069,633,960,540,-109,-93,-0.40625,0.1203627618565708
315,1069,632,960,540,-109,-92,-0.40625,0.1087791166222587
316,1070,632,960,540,-110,-92,-0.4375,0.05117021710280989
317,1072,631,960,540,-112,-91,-0.5,0.08878641170590074
318,1073,630,960,540,-113,-90,-0.53125,0.03479166677481649
319,1074,629,960,540,-114,-89,-0.5625,-0.010831126408382019
320,1074,630,960,540,-114,-90,-0.5625,0.05885841535281955
321,1075,629,960,540,-115,-89,-0.59375,-0.04085680143857218
322,1076,630,960,540,-116,-90,-0.625,0.001719616068363461
323,1077,630,960,540,-117,-90,-0.65625,0.06434145050820872
324,1076,629,960,540,-116,-89,-0.625,-0.06292917170041612
325,1063,629,960,540,-103,-89,-0.21875,-0.04848263386771068
326,1052,630,960,540,-92,-90,0.125,-0.01144559683067392
327,1051,631,960,540,-91,-91,0.15625,0.10819290885909627
328,1051,631,960,540,-91,-91,0.15625,0.057473397323043685
329,1061,630,960,540,-101,-90,-0.15625,-0.06089301102847999
330,1075,629,960,540,-115,-89,-0.59375,-0.04529222556368806
331,1079,629,960,540,-119,-89,-0.71875,-0.07147568491871104
332,1080,630,960,540,-120,-90,-0.75,-0.04429737625460328
333,1078,630,960,540,-118,-90,-0.6875,-0.01616169071656115
334,1070,630,960,540,-110,-90,-0.4375,-0.036436292874875154
335,1058,629,960,540,-98,-89,-0.0625,-0.07666767186756829
336,1050,630,960,540,-90,-90,0.1875,-0.04247974199496829
337,1050,631,960,540,-90,-91,0.1875,0.028607770446191783
338,1050,631,960,540,-90,-91,0.1875,0.03132715337027436
339,1050,631,960,540,-90,-91,0.1875,0.019425853243432822
340,1050,630,960,540,-90,-90,0.1875,-0.06938636013218913
341,1050,632,960,540,-90,-92,0.1875,0.052591784092045124
342,1048,632,960,540,-88,-92,0.25,0.014649013115069831
343,1047,631,960,540,-87,-91,0.28125,0.07189899361733776
344,1045,632,960,540,-85,-92,0.34375,-0.0009353831876164342
345,1045,633,960,540,-85,-93,0.34375,0.10821117124842639
346,1044,634,960,540,-84,-94,0.375,0.18497184391897026
347,1043,634,960,540,-83,-94,0.40625,0.16712841766597641
348,1043,634,960,540,-83,-94,0.40625,0.21236822296953406
349,1043,632,960,540,-83,-92,0.40625,0.16695006912384303
350,1043,632,960,540,-83,-92,0.40625,0.18137570195524866
351,1043,632,960,540,-83,-92,0.40625,0.11705164992964923
352,1042,632,960,540,-82,-92,0.4375,0.1586819818608487
353,1042,632,960,540,-82,-92,0.4375,0.07551225487502089
354,1041,632,960,540,-81,-92,0.46875,0.06618503432109302
355,1040,633,960,540,-80,-93,0.5,0.1287756972534
356,1041,635,960,540,-81,-95,0.46875,0.172539887106419
357,1040,635,960,540,-80,-95,0.5,0.13508471305266356
358,1040,635,960,540,-80,-95,0.5,0.20272429695624838
359,1040,636,960,540,-80,-96,0.5,0.20013035621030983
360,1051,636,960,540,-91,-96,0.15625,0.2795986958431964
361,1066,637,960,540,-106,-97,-0.3125,0.32863255036082695
362,1069,638,960,540,-109,-98,-0.40625,0.4238117334468434
363,1065,640,960,540,-105,-100,-0.28125,0.39675817588252604
364,1055,640,960,540,-95,-100,0.03125,0.38278223596767
365,1044,640,960,540,-84,-100,0.375,0.38958844645475965
366,1043,640,960,540,-83,-100,0.40625,0.418675314169513
367,1052,641,960,540,-92,-101,0.125,0.4883598920772205
368,1064,641,960,540,-104,-101,-0.25,0.4760185862602748
369,1065,640,960,540,-105,-100,-0.28125,0.46381352626212546
370,1054,641,960,540,-94,-101,0.0625,0.44240004823971457
371,1043,641,960,540,-83,-101,0.40625,0.446568013180757
372,1038,642,960,540,-78,-102,0.5625,0.4836050502177942
373,1038,641,960,540,-78,-101,0.5625,0.4337928442380581
374,1038,641,960,540,-78,-101,0.5625,0.44059847061015267
375,1039,641,960,540,-79,-101,0.53125,0.43919147816771
376,1045,642,960,540,-85,-102,0.34375,0.5179446087462414
377,1057,642,960,540,-97,-102,-0.03125,0.5639176235987056
378,1068,641,960,540,-108,-101,-0.375,0.5345037483954669
379,1071,640,960,540,-111,-100,-0.46875,0.4637718177877832
380,1071,641,960,540,-111,-101,-0.46875,0.4955063944032072
381,1070,641,960,540,-110,-101,-0.4375,0.4955063944032072
382,1069,633,960,540,-109,-93,-0.40625,0.23143092087763817
383,1069,626,960,540,-109,-86,-0.40625,-0.00977563603406395
384,1070,625,960,540,-110,-85,-0.4375,-0.04070384483249079
385,1069,624,960,540,-109,-84,-0.40625,-0.11822397584826039
386,1069,623,960,540,-109,-83,-0.40625,-0.07501769103437717
387,1069,622,960,540,-109,-82,-0.40625,-0.060878597461017314
388,1069,622,960,540,-109,-82,-0.40625,-0.06984500527164528
389,1069,624,960,540,-109,-84,-0.40625,-0.035138776535212024
390,1069,624,960,540,-109,-84,-0.40625,-0.035138776535212024
391,1069,625,960,540,-109,-85,-0.40625,0.007212411442735878
392,1069,625,960,540,-109,-85,-0.40625,0.011246509482916611
393,1068,625,960,540,-108,-85,-0.375,-0.017987539701563193
394,1069,626,960,540,-109,-86,-0.40625,-0.05055615730055463
395,1070,626,960,540,-110,-86,-0.4375,-0.03371452167921207
396,1070,627,960,540,-110,-87,-0.4375,0.009433427159333707
397,1070,626,960,540,-110,-86,-0.4375,-0.024367422036441155
398,1071,626,960,540,-111,-86,-0.46875,-0.009783946659897236
399,1071,626,960,540,-111,-86,-0.46875,-0.032409613811869686
400,1070,625,960,540,-110,-85,-0.4375,-0.04529353349378029
401,1070,624,960,540,-110,-84,-0.4375,-0.13466052206075307
402,1069,624,960,540,-109,-84,-0.40625,-0.13657565117243742
403,1068,624,960,540,-108,-84,-0.375,-0.10286087252117238
404,1067,624,960,540,-107,-84,-0.34375,-0.050846974580099236
405,1066,624,960,540,-106,-84,-0.3125,-0.2082040419883735
406,1064,625,960,540,-104,-85,-0.25,-0.2123228732813014
407,1063,623,960,540,-103,-83,-0.21875,-0.288961011823333
408,1063,621,960,540,-103,-81,-0.21875,-0.3740031688355878
409,1063,620,960,540,-103,-80,-0.21875,-0.33985150590544766
410,1064,620,960,540,-104,-80,-0.25,-0.4070966542001906
411,1063,620,960,540,-103,-80,-0.21875,-0.3584316154702316
412,1063,621,960,540,-103,-81,-0.21875,-0.40727280326530435
413,1063,621,960,540,-103,-81,-0.21875,-0.38950770081705954
414,1064,621,960,540,-104,-81,-0.25,-0.31914030797513115
415,1067,621,960,540,-107,-81,-0.34375,-0.30563878768379826
416,1069,623,960,540,-109,-83,-0.40625,-0.23887389739816856
417,1070,625,960,540,-110,-85,-0.4375,-0.1672143138744766
418,1072,626,960,540,-112,-86,-0.5,-0.1120643387196445
419,1072,626,960,540,-112,-86,-0.5,-0.12601114679494207
420,1074,626,960,540,-114,-86,-0.5625,-0.22002650435875326
421,1077,628,960,540,-117,-88,-0.65625,-0.1228100937734844
422,1075,630,960,540,-115,-90,-0.59375,-0.046585730231245126
423,1067,630,960,540,-107,-90,-0.34375,0.04269736597863272
424,1058,632,960,540,-98,-92,-0.0625,0.093898297124551
425,1056,634,960,540,-96,-94,0.0,0.14411545744154974
426,1057,634,960,540,-97,-94,-0.03125,0.09744647511076776
427,1056,634,960,540,-96,-94,0.0,0.08519617579123029
428,1056,633,960,540,-96,-93,0.0,0.04126967716786645
429,1056,632,960,540,-96,-92,0.0,-0.054927799237825425
430,1056,632,960,540,-96,-92,0.0,-0.10335593776199792
431,1058,630,960,540,-98,-90,-0.0625,-0.17162477698128376
432,1062,627,960,540,-102,-87,-0.1875,-0.3200227344584188
433,1068,625,960,540,-108,-85,-0.375,-0.3727868658138309
434,1073,621,960,540,-113,-81,-0.53125,-0.534769017707537
435,1075,618,960,540,-115,-78,-0.59375,-0.6846093379809495
436,1076,616,960,540,-116,-76,-0.625,-0.7586834120550234
437,1074,616,960,540,-114,-76,-0.5625,-0.781540403776877
438,1067,619,960,540,-107,-79,-0.34375,-0.6611472861569503
439,1059,624,960,540,-99,-84,-0.09375,-0.5884452916978216
440,1050,636,960,540,-90,-96,0.1875,-0.1068599535446717
441,1039,647,960,540,-79,-107,0.53125,0.31688474343205897
442,1024,653,960,540,-64,-113,1.0,0.6360811819115058
443,1008,659,960,540,-48,-119,1.5,0.9140709428831895
444,997,665,960,540,-37,-125,1.84375,1.088472267731822
445,988,668,960,540,-28,-128,2.125,1.2252373379744106
446,980,669,960,540,-20,-129,2.375,1.2838909456224528
447,973,677,960,540,-13,-137,2.59375,1.5028016230403622
448,971,686,960,540,-11,-146,2.65625,1.8642509315911377
449,974,695,960,540,-14,-155,2.5625,2.2609660073890834
450,971,705,960,540,-11,-165,2.65625,2.544272084600436
451,963,713,960,540,-3,-173,2.90625,2.955172446153881
0,207,926,960,540,753,-386,26.53125,10.719657728386652
1,205,928,960,540,755,-388,26.59375,10.839003994457727
2,200,929,960,540,760,-389,26.75,10.963033781534932
3,187,930,960,540,773,-390,27.15625,10.992897368238296
4,160,937,960,540,800,-397,28.0,10.983904069955111
5,124,946,960,540,836,-406,29.125,11.457130629833092
6,86,954,960,540,874,-414,30.3125,11.663500352987926
7,55,957,960,540,905,-417,31.28125,11.86377129477871
8,43,955,960,540,917,-415,31.65625,11.839019273443837
9,42,954,960,540,918,-414,31.6875,11.720135568309644
10,42,955,960,540,918,-415,31.6875,11.757172605346682
11,43,954,960,540,917,-414,31.65625,11.729986017136671
12,46,953,960,540,914,-413,31.5625,11.794648761341591
13,50,955,960,540,910,-415,31.4375,11.47471212141064
14,68,948,960,540,892,-408,30.875,11.687810344590893
15,122,909,960,540,838,-369,29.1875,9.945404161552771
16,189,854,960,540,771,-314,27.09375,8.074328168736923
17,251,798,960,540,709,-258,25.15625,5.9367021931566715
18,320,739,960,540,640,-199,23.0,3.726620953911094
19,396,683,960,540,564,-143,20.625,1.7323936846379269
20,528,616,960,540,432,-76,16.5,-0.7954167999286423
21,670,565,960,540,290,-25,12.0625,-2.637236525121774
22,800,545,960,540,160,-5,8.0,-3.3602342558179075
23,913,535,960,540,47,5,4.46875,-3.69799148675537
24,972,534,960,540,-12,6,2.625,-3.7354388082828924
25,1022,537,960,540,-62,3,1.0625,-3.75985956508276
26,1072,545,960,540,-112,-5,-0.5,-3.328282132799835
27,1106,550,960,540,-146,-10,-1.5625,-3.171750718834205
28,1115,549,960,540,-155,-9,-1.84375,-3.1794454495272455
29,1120,551,960,540,-160,-11,-2.0,-3.1548152103527727
30,1134,561,960,540,-174,-21,-2.4375,-2.820110893702086
31,1157,577,960,540,-197,-37,-3.15625,-2.235155304828795
32,1203,596,960,540,-243,-56,-4.59375,-1.445405171652106
33,1246,605,960,540,-286,-65,-5.9375,-1.1381147793159867
34,1261,606,960,540,-301,-66,-6.40625,-1.0862894039130695
35,1265,608,960,540,-305,-68,-6.53125,-1.0005498196630138
36,1262,608,960,540,-302,-68,-6.4375,-1.0398400181039564
37,1250,609,960,540,-290,-69,-6.0625,-0.892451061884608
38,1227,609,960,540,-267,-69,-5.34375,-0.9216502258201369
39,1188,609,960,540,-228,-69,-4.125,-0.8943095983715059
40,1158,610,960,540,-198,-70,-3.1875,-0.8478224754919643
41,1153,610,960,540,-193,-70,-3.03125,-0.8150431317854343
42,1152,611,960,540,-192,-71,-3.0,-0.7709314136479422
43,1146,612,960,540,-186,-72,-2.8125,-0.7497047170988318
44,1131,614,960,540,-171,-74,-2.34375,-0.711469468958065
45,1106,615,960,540,-146,-75,-1.5625,-0.6582459487637866
46,1089,617,960,540,-129,-77,-1.03125,-0.5439452359963948
47,1087,619,960,540,-127,-79,-0.96875,-0.46601164645681514
48,1086,622,960,540,-126,-82,-0.9375,-0.3540933328902134
49,1084,624,960,540,-124,-84,-0.875,-0.2639736614669128
50,1083,624,960,540,-123,-84,-0.84375,-0.2843330813022069
51,1082,624,960,540,-122,-84,-0.8125,-0.25630606487921037
52,1081,624,960,540,-121,-84,-0.78125,-0.2851361707975051
53,1080,624,960,540,-120,-84,-0.75,-0.32117806269311044
54,1079,625,960,540,-119,-85,-0.71875,-0.2543006957648264
55,1078,626,960,540,-118,-86,-0.6875,-0.24265752120531703
56,1077,626,960,540,-117,-86,-0.65625,-0.27776448138887133
57,1078,627,960,540,-118,-87,-0.6875,-0.24072744435183457
58,1079,626,960,540,-119,-86,-0.71875,-0.2901659777221721
59,1080,624,960,540,-120,-84,-0.75,-0.39896322894069414
60,1080,624,960,540,-120,-84,-0.75,-0.349325635293531
61,1080,621,960,540,-120,-81,-0.75,-0.4715098699380058
62,1082,617,960,540,-122,-77,-0.8125,-0.7296568313177074
63,1084,615,960,540,-124,-75,-0.875,-0.808914850851417
64,1087,613,960,540,-127,-73,-0.96875,-0.8433308507739388
65,1091,611,960,540,-131,-71,-1.09375,-0.8461920758777914
66,1095,610,960,540,-135,-70,-1.21875,-0.8702630365468162
67,1100,619,960,540,-140,-79,-1.375,-0.4983893099623806
68,1105,630,960,540,-145,-90,-1.53125,-0.11761092379349947
69,1108,634,960,540,-148,-94,-1.625,0.0646244468817998
70,1110,634,960,540,-150,-94,-1.6875,0.018500172807277337
71,1111,635,960,540,-151,-95,-1.71875,0.10161259457273397
72,1106,634,960,540,-146,-94,-1.5625,0.03522393562348691
73,1096,632,960,540,-136,-92,-1.25,-0.010226581845233174
74,1090,631,960,540,-130,-91,-1.0625,-0.040589987625156976
75,1089,632,960,540,-129,-92,-1.03125,-0.019817826769944258
76,1088,634,960,540,-128,-94,-1.0,0.03494521777668602
77,1089,635,960,540,-129,-95,-1.03125,-0.07882320669098997
78,1092,634,960,540,-132,-94,-1.125,-0.1099005527379493
79,1098,632,960,540,-138,-92,-1.3125,-0.11922924312263117
80,1105,629,960,540,-145,-89,-1.53125,-0.24253061247510344
81,1111,626,960,540,-151,-86,-1.71875,-0.3909293971345975
82,1109,623,960,540,-149,-83,-1.65625,-0.4893293532171348
83,1100,620,960,540,-140,-80,-1.375,-0.5779611256128172
84,1097,618,960,540,-137,-78,-1.28125,-0.6529448706490331
85,1101,616,960,540,-141,-76,-1.40625,-0.7050453187370307
86,1105,615,960,540,-145,-75,-1.53125,-0.7354018151430437
87,1108,614,960,540,-148,-74,-1.625,-0.74986088503077
88,1110,612,960,540,-150,-72,-1.6875,-0.8552371403393879
89,1112,611,960,540,-152,-71,-1.75,-0.885777273942518
90,1109,611,960,540,-149,-71,-1.65625,-0.9342018158907588
91,1097,611,960,540,-137,-71,-1.28125,-0.9463807311770305
92,1085,610,960,540,-125,-70,-0.90625,-0.956434940258271
93,1081,608,960,540,-121,-68,-0.78125,-0.9948535482916352
94,1081,605,960,540,-121,-65,-0.78125,-1.118028598335771
95,1081,604,960,540,-121,-64,-0.78125,-1.1550656353728082
96,1084,603,960,540,-124,-63,-0.875,-1.3091528252420175
97,1089,605,960,540,-129,-65,-1.03125,-1.1957170257737366
98,1093,615,960,540,-133,-75,-1.15625,-0.8000171838488193
99,1096,624,960,540,-136,-84,-1.25,-0.49958181770229304
100,1098,627,960,540,-138,-87,-1.3125,-0.48785894779309835
101,1099,630,960,540,-139,-90,-1.34375,-0.3787415443396367
102,1097,633,960,540,-137,-93,-1.28125,-0.24382344166605385
103,1093,637,960,540,-133,-97,-1.15625,-0.07992665134376198
104,1087,634,960,540,-127,-94,-0.96875,-0.0930247632405905
105,1081,629,960,540,-121,-89,-0.78125,-0.2782099484257756
106,1074,628,960,540,-114,-88,-0.5625,-0.27455192087996094
107,1061,629,960,540,-101,-89,-0.15625,-0.3044570085163971
108,1037,632,960,540,-77,-92,0.59375,-0.10097517601139483
109,1016,636,960,540,-56,-96,1.25,-0.03465207323517738
110,1010,640,960,540,-50,-100,1.4375,0.098974989661476
111,1015,642,960,540,-55,-102,1.28125,0.2482115231476949
112,1030,643,960,540,-70,-103,0.8125,0.2637516120303527
113,1042,646,960,540,-82,-106,0.4375,0.43987269310354016
114,1048,647,960,540,-88,-107,0.25,0.3912450201027564
115,1054,645,960,540,-94,-105,0.0625,0.2658371993636166
116,1068,642,960,540,-108,-102,-0.375,0.20762011413590065
117,1085,642,960,540,-125,-102,-0.90625,0.185830579990252
118,1094,644,960,540,-134,-104,-1.1875,0.25746292773006374
119,1092,645,960,540,-132,-105,-1.125,0.2561851226809164
120,1080,645,960,540,-120,-105,-0.75,0.3049964656908166
121,1071,647,960,540,-111,-107,-0.46875,0.37982451186213373
122,1071,649,960,540,-111,-109,-0.46875,0.4499146640769802
123,1072,651,960,540,-112,-111,-0.5,0.543045816050804
124,1073,653,960,540,-113,-113,-0.53125,0.6202544882707413
125,1074,653,960,540,-114,-113,-0.5625,0.6264371989409954
126,1074,649,960,540,-114,-109,-0.5625,0.47121060394885284
127,1074,646,960,540,-114,-106,-0.5625,0.35228261945674655
128,1074,646,960,540,-114,-106,-0.5625,0.31818738248824374
129,1075,645,960,540,-115,-105,-0.59375,0.30663248804516297
130,1071,645,960,540,-111,-105,-0.46875,0.327704886799153
131,1060,645,960,540,-100,-105,-0.125,0.32079508542139523
132,1050,645,960,540,-90,-105,0.1875,0.3536525795777954
133,1047,645,960,540,-87,-105,0.28125,0.30607153317256897
134,1047,647,960,540,-87,-107,0.28125,0.40492643318231814
135,1057,647,960,540,-97,-107,-0.03125,0.39342126807013633
136,1072,648,960,540,-112,-108,-0.5,0.46491866149972694
137,1078,650,960,540,-118,-110,-0.6875,0.5112535187636755
138,1078,651,960,540,-118,-111,-0.6875,0.5191244674049806
139,1078,652,960,540,-118,-112,-0.6875,0.5975019445409822
140,1076,652,960,540,-116,-112,-0.625,0.6466671697831239
141,1069,650,960,540,-109,-110,-0.40625,0.582539576948045
142,1058,647,960,540,-98,-107,-0.0625,0.39906724571121455
143,1052,647,960,540,-92,-107,0.125,0.4142055887490961
144,1051,649,960,540,-91,-109,0.15625,0.49058041400335073
145,1051,649,960,540,-91,-109,0.15625,0.49058041400335073
146,1052,648,960,540,-92,-108,0.125,0.43182680425185804
147,1051,646,960,540,-91,-106,0.15625,0.3460190869176327
148,1051,646,960,540,-91,-106,0.15625,0.3932205762481398
149,1051,648,960,540,-91,-108,0.15625,0.4820228056768001
150,1050,649,960,540,-90,-109,0.1875,0.5437865897371967
151,1049,650,960,540,-89,-110,0.21875,0.6091037964954773
152,1048,651,960,540,-88,-111,0.25,0.6461408335325145
153,1046,651,960,540,-86,-111,0.3125,0.6148395334811871
154,1045,651,960,540,-85,-111,0.34375,0.5675377058490501
155,1042,650,960,540,-82,-110,0.4375,0.5673031714147618
156,1039,650,960,540,-79,-110,0.53125,0.5097449728535444
157,1036,652,960,540,-76,-112,0.625,0.6012263908256723
158,1034,653,960,540,-74,-113,0.6875,0.6931916747858033
159,1033,648,960,540,-73,-108,0.71875,0.5351602435697185
160,1032,632,960,540,-72,-92,0.75,-0.14863076572615697
161,1031,622,960,540,-71,-82,0.78125,-0.47367749636891077
162,1032,621,960,540,-72,-81,0.75,-0.5448929203968125
163,1040,620,960,540,-80,-80,0.5,-0.6351309095151465
164,1051,621,960,540,-91,-81,0.15625,-0.5694337632524027
165,1060,620,960,540,-100,-80,-0.125,-0.49550379914173703
166,1061,617,960,540,-101,-77,-0.15625,-0.6084363608759018
167,1061,616,960,540,-101,-76,-0.15625,-0.6816545083175667
168,1061,621,960,540,-101,-81,-0.15625,-0.49140445893811124
169,1061,627,960,540,-101,-87,-0.15625,-0.2403193480535606
170,1061,629,960,540,-101,-89,-0.15625,-0.18647361074831492
171,1060,627,960,540,-100,-87,-0.125,-0.2375458316917154
172,1060,626,960,540,-100,-86,-0.125,-0.25776418585473326
173,1060,625,960,540,-100,-85,-0.125,-0.3254566401348544
174,1060,625,960,540,-100,-85,-0.125,-0.3155216379007042
175,1060,624,960,540,-100,-84,-0.125,-0.38707289258629984
176,1061,624,960,540,-101,-84,-0.15625,-0.3639622976375452
177,1062,624,960,540,-102,-84,-0.1875,-0.3585391800896529
178,1062,624,960,540,-102,-84,-0.1875,-0.3784932402429688
179,1062,624,960,540,-102,-84,-0.1875,-0.4240401950811603
180,1063,624,960,540,-103,-84,-0.21875,-0.38998380828309376
181,1064,624,960,540,-104,-84,-0.25,-0.3909728940776609
182,1064,624,960,540,-104,-84,-0.25,-0.39587520293057654
183,1063,623,960,540,-103,-83,-0.21875,-0.4425619859700838
184,1063,621,960,540,-103,-81,-0.21875,-0.4821009757120245
185,1064,620,960,540,-104,-80,-0.25,-0.554188701032365
186,1064,620,960,540,-104,-80,-0.25,-0.5589359039772721
187,1063,621,960,540,-103,-81,-0.21875,-0.5094201970353374
188,1063,622,960,540,-103,-82,-0.21875,-0.4863973203695684
189,1063,623,960,540,-103,-83,-0.21875,-0.4270291300128748
190,1063,623,960,540,-103,-83,-0.21875,-0.40411110966115293
191,1062,622,960,540,-102,-82,-0.1875,-0.45314366421506636
192,1062,623,960,540,-102,-83,-0.1875,-0.40436978748496566
193,1062,623,960,540,-102,-83,-0.1875,-0.40810220867923075
194,1062,622,960,540,-102,-82,-0.1875,-0.3910182331345413
195,1062,621,960,540,-102,-81,-0.1875,-0.47875181953062906
196,1061,621,960,540,-101,-81,-0.15625,-0.48657036138575593
197,1061,619,960,540,-101,-79,-0.15625,-0.5919685704498248
198,1061,617,960,540,-101,-77,-0.15625,-0.6556040389670099
199,1061,616,960,540,-101,-76,-0.15625,-0.6926410760040467
200,1061,616,960,540,-101,-76,-0.15625,-0.6923241550711645
201,1062,617,960,540,-102,-77,-0.1875,-0.6499724480836484
202,1063,617,960,540,-103,-77,-0.21875,-0.6516650587832249
203,1062,616,960,540,-102,-76,-0.1875,-0.6867448529662559
204,1062,616,960,540,-102,-76,-0.1875,-0.6643395186836965
205,1062,616,960,540,-102,-76,-0.1875,-0.6721695419648874
206,1061,616,960,540,-101,-76,-0.15625,-0.685965885529805
207,1061,617,960,540,-101,-77,-0.15625,-0.6559316982865941
208,1061,617,960,540,-101,-77,-0.15625,-0.6624356852300735
209,1061,617,960,540,-101,-77,-0.15625,-0.6138782432022225
210,1061,617,960,540,-101,-77,-0.15625,-0.6699941824559725
211,1062,617,960,540,-102,-77,-0.1875,-0.6046674187588339
212,1062,620,960,540,-102,-80,-0.1875,-0.5566894959819932
213,1061,635,960,540,-101,-95,-0.15625,-0.054444902942855755
214,1060,646,960,540,-100,-106,-0.125,0.3677884399645115
215,1059,646,960,540,-99,-106,-0.09375,0.3660822784208566
216,1059,647,960,540,-99,-107,-0.09375,0.39803206979759675
217,1059,640,960,540,-99,-100,-0.09375,0.27371538114114147
218,1061,631,960,540,-101,-91,-0.15625,-0.03237320158783108
219,1061,629,960,540,-101,-89,-0.15625,-0.15807219020597607
220,1061,628,960,540,-101,-88,-0.15625,-0.19709064480874616
221,1061,630,960,540,-101,-90,-0.15625,-0.0921121501453186
222,1062,631,960,540,-102,-91,-0.1875,-0.07218504703996187
223,1062,632,960,540,-102,-92,-0.1875,-0.08706219626161493
224,1062,633,960,540,-102,-93,-0.1875,-0.038167542629705675
225,1062,633,960,540,-102,-93,-0.1875,-0.08469399936375988
226,1063,632,960,540,-103,-92,-0.21875,-0.054884030491785474
227,1064,630,960,540,-104,-90,-0.25,-0.12068542401409488
228,1064,630,960,540,-104,-90,-0.25,-0.1483348614878497
229,1064,630,960,540,-104,-90,-0.25,-0.14184039661292625
230,1064,631,960,540,-104,-91,-0.25,-0.10363909038398056
231,1064,630,960,540,-104,-90,-0.25,-0.09287234697437041
232,1063,629,960,540,-103,-89,-0.21875,-0.1345171679512589
233,1062,628,960,540,-102,-88,-0.1875,-0.1871165077013459
234,1062,628,960,540,-102,-88,-0.1875,-0.19733015830977862
235,1061,628,960,540,-101,-88,-0.15625,-0.19733015830977862
236,1061,628,960,540,-101,-88,-0.15625,-0.23290052196875077
237,1061,629,960,540,-101,-89,-0.15625,-0.16227164383439918
238,1060,631,960,540,-100,-91,-0.125,-0.09454576954976401
239,1059,631,960,540,-99,-91,-0.09375,-0.08660009304540539
240,1058,632,960,540,-98,-92,-0.0625,-0.06288774136308728
241,1057,632,960,540,-97,-92,-0.03125,-0.08168571402681213
242,1056,632,960,540,-96,-92,0.0,-0.06495036092807327
243,1056,633,960,540,-96,-93,0.0,-0.03228912011438423
244,1057,634,960,540,-97,-94,-0.03125,0.05111097089575889
245,1058,633,960,540,-98,-93,-0.0625,-0.02905980222522553
246,1062,631,960,540,-102,-91,-0.1875,-0.1616651070121291
247,1066,626,960,540,-106,-86,-0.3125,-0.34594862045818475
248,1072,622,960,540,-112,-82,-0.5,-0.5426559038156058
249,1078,622,960,540,-118,-82,-0.6875,-0.5362673791435921
250,1083,621,960,540,-123,-81,-0.84375,-0.5489083597441957
251,1088,618,960,540,-128,-78,-1.0,-0.671164779291658
252,1089,618,960,540,-129,-78,-1.03125,-0.7170546337421211
253,1082,621,960,540,-122,-81,-0.8125,-0.6712619534305126
254,1075,626,960,540,-115,-86,-0.59375,-0.5169370787481982
255,1074,626,960,540,-114,-86,-0.5625,-0.4866712079606681
256,1077,625,960,540,-117,-85,-0.65625,-0.7219715316665072
257,1082,626,960,540,-122,-86,-0.8125,-0.6532454679111588
258,1085,627,960,540,-125,-87,-0.90625,-0.6196794893107604
259,1087,628,960,540,-127,-88,-0.96875,-0.6362083189282086
260,1088,627,960,540,-128,-87,-1.0,-0.6042450317745933
261,1090,625,960,540,-130,-85,-1.0625,-0.6333555403993532
262,1090,623,960,540,-130,-83,-1.0625,-0.750782698842483
263,1087,621,960,540,-127,-81,-0.96875,-0.7581673532095845
264,1085,621,960,540,-125,-81,-0.90625,-0.7872912341791811
265,1084,620,960,540,-124,-80,-0.875,-0.820005292928577
266,1078,618,960,540,-118,-78,-0.6875,-0.8333657448364393
267,1064,617,960,540,-104,-77,-0.25,-1.0175128159516373
268,1054,618,960,540,-94,-78,0.0625,-0.9517635366985422
269,1052,616,960,540,-92,-76,0.125,-0.9655910118196784
270,1053,614,960,540,-93,-74,0.09375,-1.0369975500467938
271,1066,619,960,540,-106,-79,-0.3125,-0.7213141597834456
272,1082,631,960,540,-122,-91,-0.8125,-0.3266764665891011
273,1087,635,960,540,-127,-95,-0.96875,0.03649089912878267
274,1088,632,960,540,-128,-92,-1.0,-0.09992092899087668
275,1087,630,960,540,-127,-90,-0.96875,-0.2280003945014717
276,1083,629,960,540,-123,-89,-0.84375,-0.2455813062489942
277,1073,625,960,540,-113,-85,-0.53125,-0.31490780204930857
278,1064,616,960,540,-104,-76,-0.25,-0.7088248906234362
279,1062,611,960,540,-102,-71,-0.1875,-0.8622438714015446
280,1058,610,960,540,-98,-70,-0.0625,-0.8865877966418378
281,1054,609,960,540,-94,-69,0.0625,-0.923624833678875
282,1046,611,960,540,-86,-71,0.3125,-0.7037229501164974
283,1032,620,960,540,-72,-80,0.75,-0.49870756925187054
284,1020,637,960,540,-60,-97,1.125,0.13714673649523634
285,1010,649,960,540,-50,-109,1.4375,0.5612931247697501
286,1002,656,960,540,-42,-116,1.6875,0.9332455916525806
287,994,666,960,540,-34,-126,1.9375,1.1393774960702996
288,995,676,960,540,-35,-136,1.90625,1.5462410266949873
289,999,681,960,540,-39,-141,1.78125,1.7472861437427976
290,996,684,960,540,-36,-144,1.875,1.8583972548539083
291,996,688,960,540,-36,-148,1.875,1.921927153909154
292,1003,693,960,540,-43,-153,1.65625,2.1282512462496648
293,1012,689,960,540,-52,-149,1.375,1.9777630047810062
294,1015,685,960,540,-55,-145,1.28125,1.7841967017551643
295,1015,684,960,540,-55,-144,1.28125,1.822347871931378
296,1014,677,960,540,-54,-137,1.3125,1.6040982740157705
297,1014,665,960,540,-54,-125,1.3125,1.1317132982882585
298,1014,659,960,540,-54,-119,1.3125,0.9131241121185272
299,1015,660,960,540,-55,-120,1.28125,0.9202982226395378
300,1016,661,960,540,-56,-121,1.25,0.923286263056196
301,1016,662,960,540,-56,-122,1.25,0.9715190352107008
302,1018,661,960,540,-58,-121,1.1875,1.0018019083925487
303,1018,660,960,540,-58,-120,1.1875,0.9309829275504309
304,1019,659,960,540,-59,-119,1.15625,0.862138505270722
305,1025,659,960,540,-65,-119,0.96875,0.8602649262601272
306,1040,657,960,540,-80,-117,0.5,0.823648844077276
307,1051,656,960,540,-91,-116,0.15625,0.7823763078249018
308,1052,655,960,540,-92,-115,0.125,0.7558330223770766
309,1054,655,960,540,-94,-115,0.0625,0.8182095567970555
310,1054,654,960,540,-94,-114,0.0625,0.7487157342497333
311,1049,648,960,540,-89,-108,0.21875,0.5054401910177804
312,1034,632,960,540,-74,-92,0.6875,-0.11734768043438715
313,1023,622,960,540,-63,-82,1.03125,-0.5104769883785272
314,1022,621,960,540,-62,-81,1.0625,-0.5426425467918095
315,1024,620,960,540,-64,-80,1.0,-0.5488631838643108
316,1029,620,960,540,-69,-80,0.84375,-0.6179990320444273
317,1039,624,960,540,-79,-84,0.53125,-0.44189377343967706
318,1051,632,960,540,-91,-92,0.15625,-0.13553233436908663
319,1055,635,960,540,-95,-95,0.03125,0.016134111075062574
320,1054,632,960,540,-94,-92,0.0625,-0.10448990587615725
321,1048,631,960,540,-88,-91,0.25,-0.17322993733681136
322,1035,631,960,540,-75,-91,0.65625,-0.16596132476145664
323,1025,631,960,540,-65,-91,0.96875,-0.165600438868577
324,1023,631,960,540,-63,-91,1.03125,-0.16869831867583862
325,1023,630,960,540,-63,-90,1.03125,-0.22093620754700227
326,1023,629,960,540,-63,-89,1.03125,-0.2808086137699215
327,1037,626,960,540,-77,-86,0.59375,-0.27052013001479036
328,1053,625,960,540,-93,-85,0.09375,-0.33048924029174476
329,1057,625,960,540,-97,-85,-0.03125,-0.2650398583210265
330,1057,626,960,540,-97,-86,-0.03125,-0.2685400106142013
331,1057,626,960,540,-97,-86,-0.03125,-0.3241292973921457
332,1057,626,960,540,-97,-86,-0.03125,-0.3005494969913376
333,1057,627,960,540,-97,-87,-0.03125,-0.2686589170952751
334,1056,630,960,540,-96,-90,0.0,-0.1450987439769822
335,1056,630,960,540,-96,-90,0.0,-0.1711937863275348
336,1057,630,960,540,-97,-90,-0.03125,-0.2010548096117053
337,1057,630,960,540,-97,-90,-0.03125,-0.2010548096117053
338,1058,630,960,540,-98,-90,-0.0625,-0.19267572226647856
339,1060,629,960,540,-100,-89,-0.125,-0.20115272138324247
340,1061,627,960,540,-101,-87,-0.15625,-0.35839149462271225
341,1063,626,960,540,-103,-86,-0.21875,-0.3889106493169092
342,1065,626,960,540,-105,-86,-0.28125,-0.41017642709954183
343,1067,627,960,540,-107,-87,-0.34375,-0.43054546775142066
344,1069,629,960,540,-109,-89,-0.40625,-0.3482465414926339
345,1071,628,960,540,-111,-88,-0.46875,-0.44351104744175673
346,1072,625,960,540,-112,-85,-0.5,-0.46775191572219743
347,1075,621,960,540,-115,-81,-0.59375,-0.6356217775275113
348,1078,620,960,540,-118,-80,-0.6875,-0.6474229861981797
349,1081,618,960,540,-121,-78,-0.78125,-0.7631781724233293
350,1084,616,960,540,-124,-76,-0.875,-0.7811977555844911
351,1081,616,960,540,-121,-76,-0.78125,-0.7278606035316377
352,1069,615,960,540,-109,-75,-0.40625,-0.7019868127738413
353,1060,614,960,540,-100,-74,-0.125,-0.7158063321219861
354,1057,614,960,540,-97,-74,-0.03125,-0.7281556368235922
355,1055,616,960,540,-95,-76,0.03125,-0.6780449913838376
356,1052,630,960,540,-92,-90,0.125,-0.12912306603498358
357,1051,643,960,540,-91,-103,0.15625,0.2949306967210834
358,1052,645,960,540,-92,-105,0.125,0.3771557767421436
359,1052,645,960,540,-92,-105,0.125,0.3960067980530071
360,1054,646,960,540,-94,-106,0.0625,0.5045654156876753
361,1056,644,960,540,-96,-104,0.0,0.41297470586101515
362,1058,639,960,540,-98,-99,-0.0625,0.19317106952193175
363,1061,632,960,540,-101,-92,-0.15625,-0.032050667947499445
364,1065,627,960,540,-105,-87,-0.28125,-0.19998755519781541
365,1069,622,960,540,-109,-82,-0.40625,-0.3682773218542823
366,1072,619,960,540,-112,-79,-0.5,-0.4448488151908352
367,1074,617,960,540,-114,-77,-0.5625,-0.5207657473641047
368,1077,617,960,540,-117,-77,-0.65625,-0.6154107327923537
369,1080,617,960,540,-120,-77,-0.75,-0.6107976305202159
370,1081,615,960,540,-121,-75,-0.78125,-0.677824781426331
371,1084,614,960,540,-124,-74,-0.875,-0.6307361599922414
372,1087,617,960,540,-127,-77,-0.96875,-0.5540604392432065
373,1089,625,960,540,-129,-85,-1.03125,-0.25599950476534383
374,1092,629,960,540,-132,-89,-1.125,-0.11154701103849796
375,1093,629,960,540,-133,-89,-1.15625,-0.06453111533101064
376,1093,628,960,540,-133,-88,-1.15625,-0.12020996271062012
377,1092,628,960,540,-132,-88,-1.125,-0.11903073700358302
378,1084,628,960,540,-124,-88,-0.875,-0.1101103320489698
379,1070,628,960,540,-110,-88,-0.4375,-0.1979919647992685
380,1063,630,960,540,-103,-90,-0.21875,-0.09046987300599119
381,1062,633,960,540,-102,-93,-0.1875,0.06454893664102812
382,1062,636,960,540,-102,-96,-0.1875,0.18688831492481306
383,1064,638,960,540,-104,-98,-0.25,0.19882718440483238
384,1072,640,960,540,-112,-100,-0.5,0.3006223754244002
385,1082,641,960,540,-122,-101,-0.8125,0.3519768379850663
386,1084,642,960,540,-124,-102,-0.875,0.3593063798153864
387,1082,642,960,540,-122,-102,-0.8125,0.35595986714930694
388,1077,641,960,540,-117,-101,-0.65625,0.34092251714275257
389,1072,640,960,540,-112,-100,-0.5,0.30388548010571537
390,1063,640,960,540,-103,-100,-0.21875,0.32653801724077924
391,1056,640,960,540,-96,-100,0.0,0.2898704787569506
392,1056,641,960,540,-96,-101,0.0,0.30100885089127827
393,1056,645,960,540,-96,-105,0.0,0.4882199844458044
394,1056,648,960,540,-96,-108,0.0,0.546151806214711
395,1056,647,960,540,-96,-107,0.0,0.46122743921919884
396,1055,648,960,540,-95,-108,0.03125,0.5160809035548573
397,1055,649,960,540,-95,-109,0.03125,0.5973078496483386
398,1056,650,960,540,-96,-110,0.0,0.553316403921619
399,1055,646,960,540,-95,-106,0.03125,0.5204332538518894
400,1055,638,960,540,-95,-98,0.03125,0.20058833620370553
401,1053,635,960,540,-93,-95,0.09375,0.08961834717455952
402,1053,633,960,540,-93,-93,0.09375,0.028754537412634562
403,1053,633,960,540,-93,-93,0.09375,-0.005362239361670795
404,1053,632,960,540,-93,-92,0.09375,-0.03216463724180407
405,1053,635,960,540,-93,-95,0.09375,0.045745639447370756
406,1055,640,960,540,-95,-100,0.03125,0.24519396302297647
407,1056,641,960,540,-96,-101,0.0,0.32116727177782556
408,1056,640,960,540,-96,-100,0.0,0.3122464668103828
409,1056,639,960,540,-96,-99,0.0,0.2747336036682193
410,1055,638,960,540,-95,-98,0.03125,0.2507980082713339
411,1054,637,960,540,-94,-97,0.0625,0.17414509067800354
412,1053,636,960,540,-93,-96,0.09375,0.11104064601569119
413,1050,636,960,540,-90,-96,0.1875,0.11932541054074708
414,1048,635,960,540,-88,-95,0.25,0.12489461960054049
415,1046,634,960,540,-86,-94,0.3125,0.1391069651536787
416,1045,631,960,540,-85,-91,0.34375,0.03852928607172679
417,1045,629,960,540,-85,-89,0.34375,-0.03554478800234717
418,1045,628,960,540,-85,-88,0.34375,-0.10489746932384492
419,1045,626,960,540,-85,-86,0.34375,-0.18177976006846697
420,1045,622,960,540,-85,-82,0.34375,-0.32726157844551995
421,1047,620,960,540,-87,-80,0.28125,-0.41525216959829425
422,1050,619,960,540,-90,-79,0.1875,-0.47777168666160197
423,1055,619,960,540,-95,-79,0.03125,-0.5400424757589772
424,1060,622,960,540,-100,-82,-0.125,-0.5056521962763205
425,1063,625,960,540,-103,-85,-0.21875,-0.49590123991246626
426,1065,627,960,540,-105,-87,-0.28125,-0.39722566415405947
427,1068,627,960,540,-108,-87,-0.375,-0.39722566415405947
428,1071,626,960,540,-111,-86,-0.46875,-0.38356985295392265
429,1076,623,960,540,-116,-83,-0.625,-0.469045024016296
430,1078,619,960,540,-118,-79,-0.6875,-0.6385832509738218
431,1080,614,960,540,-120,-74,-0.75,-0.7950837490887301
432,1083,608,960,540,-123,-68,-0.84375,-0.9306714875066984
433,1086,603,960,540,-126,-63,-0.9375,-1.143300383937854
434,1089,599,960,540,-129,-59,-1.03125,-1.3396235171671775
435,1091,595,960,540,-131,-55,-1.09375,-1.4409341574536598
436,1093,592,960,540,-133,-52,-1.15625,-1.638912004422038
437,1093,589,960,540,-133,-49,-1.15625,-1.7500231155331492
438,1094,589,960,540,-134,-49,-1.1875,-1.7451511245803026
439,1094,598,960,540,-134,-58,-1.1875,-1.447159464970908
440,1095,611,960,540,-135,-71,-1.21875,-0.941055260089624
441,1094,618,960,540,-134,-78,-1.1875,-0.6497163372897803
442,1089,621,960,540,-129,-81,-1.03125,-0.4485146068882506
443,1077,621,960,540,-117,-81,-0.65625,-0.5124782828664052
444,1067,621,960,540,-107,-81,-0.34375,-0.47536382340535877
445,1064,621,960,540,-104,-81,-0.25,-0.4829327190225352
446,1064,623,960,540,-104,-83,-0.25,-0.42136251203353536
447,1063,619,960,540,-103,-79,-0.21875,-0.623560132211781
448,1060,613,960,540,-100,-73,-0.125,-0.8135021220044498
449,1059,612,960,540,-99,-72,-0.09375,-0.8385835497335692
450,1064,613,960,540,-104,-73,-0.25,-0.8891737897750907
451,1074,619,960,540,-114,-79,-0.5625,-0.6130019915082245
452,1077,624,960,540,-117,-84,-0.65625,-0.49965013517532064
453,1073,627,960,540,-113,-87,-0.53125,-0.3763135954335515
454,1068,630,960,540,-108,-90,-0.375,-0.27256900571039955
455,1062,640,960,540,-102,-100,-0.1875,0.1083191303542268
456,1058,648,960,540,-98,-108,-0.0625,0.41872642717738096
457,1054,649,960,540,-94,-109,0.0625,0.4384355959989401
458,1046,649,960,540,-86,-109,0.3125,0.4504747870782211
459,1033,650,960,540,-73,-110,0.71875,0.40617224584468614
460,1024,652,960,540,-64,-112,1.0,0.5480122861024159
461,1022,651,960,540,-62,-111,1.0625,0.5069342806412371
462,1034,648,960,540,-74,-108,0.6875,0.463063484631109
463,1048,647,960,540,-88,-107,0.25,0.4176761277186323
464,1049,648,960,540,-89,-108,0.21875,0.4689070834495741
465,1049,648,960,540,-89,-108,0.21875,0.4344244142439404
466,1048,648,960,540,-88,-108,0.25,0.4217694146880038
467,1048,647,960,540,-88,-107,0.25,0.37855350267729326
468,1048,646,960,540,-88,-106,0.25,0.3933654006410703
469,1049,643,960,540,-89,-103,0.21875,0.342293883291517
470,1049,642,960,540,-89,-102,0.21875,0.3326163873918637
471,1049,641,960,540,-89,-101,0.21875,0.26979159029285427
472,1050,640,960,540,-90,-100,0.1875,0.261186366658813
473,1050,639,960,540,-90,-99,0.1875,0.22414932962177625
474,1049,637,960,540,-89,-97,0.21875,0.17916272054348514
475,1049,634,960,540,-89,-94,0.21875,0.05653971404979963
476,1049,633,960,540,-89,-93,0.21875,0.016453021563941572
477,1049,632,960,540,-89,-92,0.21875,-0.0032948750481582856
478,1050,633,960,540,-90,-93,0.1875,0.06286509427144482
479,1050,634,960,540,-90,-94,0.1875,0.0735066029009066
480,1049,636,960,540,-89,-96,0.21875,0.1449936532988345
481,1047,639,960,540,-87,-99,0.28125,0.23027393397487383
482,1046,641,960,540,-86,-101,0.3125,0.3043480080489478
483,1044,644,960,540,-84,-104,0.375,0.44440508109533106
484,1041,647,960,540,-81,-107,0.46875,0.6805759633133568
485,1037,651,960,540,-77,-111,0.59375,0.7372633749310706
486,1031,653,960,540,-71,-113,0.78125,0.791446200875336
487,1027,656,960,540,-67,-116,0.90625,0.8937898369491775
488,1023,656,960,540,-63,-116,1.03125,0.8420733678776475
489,1021,652,960,540,-61,-112,1.09375,0.6507227252100662
490,1019,650,960,540,-59,-110,1.15625,0.5888534642552119
491,1019,653,960,540,-59,-113,1.15625,0.664981985149339
492,1024,653,960,540,-64,-113,1.0,0.6764356966388023
493,1037,652,960,540,-77,-112,0.59375,0.6917779381584315
494,1045,648,960,540,-85,-108,0.34375,0.5384472076578168
495,1043,645,960,540,-83,-105,0.40625,0.44397701571127257
496,1041,647,960,540,-81,-107,0.46875,0.4851040482083997
497,1040,649,960,540,-80,-109,0.5,0.5475620702793882
498,1040,652,960,540,-80,-112,0.5,0.6601723905400747
499,1042,655,960,540,-82,-115,0.4375,0.756888039609326
500,1045,657,960,540,-85,-117,0.34375,0.8609178016803947
501,1046,659,960,540,-86,-119,0.3125,0.930514539363938
502,1049,659,960,540,-89,-119,0.21875,0.9475942879176009
503,1052,658,960,540,-92,-118,0.125,0.9353655094862536
504,1056,656,960,540,-96,-116,0.0,0.803831182483163
505,1060,655,960,540,-100,-115,-0.125,0.8146168021862352
506,1066,642,960,540,-106,-102,-0.3125,0.4080530875703303
507,1073,625,960,540,-113,-85,-0.53125,-0.2090211402214508
508,1077,619,960,540,-117,-79,-0.65625,-0.4825449630094849
509,1081,614,960,540,-121,-74,-0.78125,-0.6452533570418946
510,1084,610,960,540,-124,-70,-0.875,-0.6910957792481747
511,1081,608,960,540,-121,-68,-0.78125,-0.7495661590003806
512,1074,608,960,540,-114,-68,-0.5625,-0.7606342651434104
513,1069,614,960,540,-109,-74,-0.40625,-0.5797991339407988
514,1071,619,960,540,-111,-79,-0.46875,-0.43776425237324634
515,1074,622,960,540,-114,-82,-0.5625,-0.33988045149957724
516,1076,621,960,540,-116,-81,-0.625,-0.34761595924826816
517,1078,617,960,540,-118,-77,-0.6875,-0.4924351201641932
518,1081,617,960,540,-121,-77,-0.78125,-0.6082877690605888
519,1084,618,960,540,-124,-78,-0.875,-0.48711993292645017
520,1086,618,960,540,-126,-78,-0.9375,-0.4641530993676808
521,1089,617,960,540,-129,-77,-1.03125,-0.49659806061974665
522,1092,616,960,540,-132,-76,-1.125,-0.5491350951240701
523,1094,617,960,540,-134,-77,-1.1875,-0.49509543115536747
524,1096,618,960,540,-136,-78,-1.25,-0.47920905668009484
525,1097,618,960,540,-137,-78,-1.28125,-0.5085195852212014
526,1097,619,960,540,-137,-79,-1.28125,-0.551688162191494
527,1089,619,960,540,-129,-79,-1.03125,-0.5545401066962539
528,1076,619,960,540,-116,-79,-0.625,-0.5046116017378073
529,1071,619,960,540,-111,-79,-0.46875,-0.49128872530624523
530,1069,620,960,540,-109,-80,-0.40625,-0.4812831556253623
531,1069,621,960,540,-109,-81,-0.40625,-0.4442461185883251
532,1068,621,960,540,-108,-81,-0.375,-0.47221255457424904
533,1069,620,960,540,-109,-80,-0.40625,-0.5100913719623552
534,1081,620,960,540,-121,-80,-0.78125,-0.5307572777217899
535,1092,620,960,540,-132,-80,-1.125,-0.5212388435080237
536,1088,620,960,540,-128,-80,-1.0,-0.5105004909315101
537,1082,622,960,540,-122,-82,-0.8125,-0.44192329935268626
538,1072,626,960,540,-112,-86,-0.5,-0.2843305583082594
539,1059,630,960,540,-99,-90,-0.09375,-0.1408496754468338
540,1051,633,960,540,-91,-93,0.15625,-0.059035836050732815
541,1049,636,960,540,-89,-96,0.21875,0.03152723403459223
542,1047,637,960,540,-87,-97,0.28125,0.02832275248722338
543,1047,637,960,540,-87,-97,0.28125,0.03448304728816742
544,1046,635,960,540,-86,-95,0.3125,-0.043100559738827204
545,1045,635,960,540,-85,-95,0.34375,-0.050513630822000444
546,1044,635,960,540,-84,-95,0.375,-0.04872043015472327
547,1044,634,960,540,-84,-94,0.375,-0.09194844764249055
548,1043,635,960,540,-83,-95,0.40625,-0.08432475183210686
549,1043,635,960,540,-83,-95,0.40625,-0.08102666298397665
550,1043,632,960,540,-83,-92,0.40625,-0.16633846812563569
551,1044,628,960,540,-84,-88,0.375,-0.3001909825171425
552,1043,626,960,540,-83,-86,0.40625,-0.33654286909824016
553,1042,627,960,540,-82,-87,0.4375,-0.33390848801364914
554,1039,628,960,540,-79,-88,0.53125,-0.2118098672154085
555,1036,628,960,540,-76,-88,0.625,-0.20094488369581498
556,1034,629,960,540,-74,-89,0.6875,-0.13699648451748958
557,1033,628,960,540,-73,-88,0.71875,-0.1403717366070567
558,1036,625,960,540,-76,-85,0.625,-0.2999099004508583
559,1047,623,960,540,-87,-83,0.28125,-0.37034109978628793
560,1056,621,960,540,-96,-81,0.0,-0.47255633828086285
561,1058,621,960,540,-98,-81,-0.0625,-0.45674591545290744
562,1057,621,960,540,-97,-81,-0.03125,-0.46130273916701414
563,1057,619,960,540,-97,-79,-0.03125,-0.48702030155594045
564,1057,618,960,540,-97,-78,-0.03125,-0.5063529053466653
565,1059,616,960,540,-99,-76,-0.09375,-0.574479582371568
566,1060,617,960,540,-100,-77,-0.125,-0.5568754688189301
567,1059,618,960,540,-99,-78,-0.09375,-0.5453926354997605
568,1059,620,960,540,-99,-80,-0.09375,-0.4713185614256865
569,1060,618,960,540,-100,-78,-0.125,-0.5617718360108639
570,1060,612,960,540,-100,-72,-0.125,-0.7503406996844975
571,1061,610,960,540,-101,-70,-0.15625,-0.8496380558622691
572,1061,610,960,540,-101,-70,-0.15625,-0.8396312609327046
573,1060,611,960,540,-100,-71,-0.125,-0.7728952904129649
574,1059,609,960,540,-99,-69,-0.09375,-0.8174215160007292
575,1058,609,960,540,-98,-69,-0.0625,-0.7738640005582735
576,1056,617,960,540,-96,-77,0.0,-0.5471864460644404
577,1055,630,960,540,-95,-90,0.03125,-0.08982817542377441
578,1055,637,960,540,-95,-97,0.03125,0.1694310838354851
579,1054,636,960,540,-94,-96,0.0625,0.1195447146337929
580,1051,634,960,540,-91,-94,0.15625,0.08307254103703521
581,1050,634,960,540,-90,-94,0.1875,0.10422841415866113
582,1048,630,960,540,-88,-90,0.25,0.0010877888246674239
583,1048,623,960,540,-88,-83,0.25,-0.32305602204397443
584,1048,621,960,540,-88,-81,0.25,-0.4137543078762156
585,1049,623,960,540,-89,-83,0.21875,-0.34848574570969904
586,1050,625,960,540,-90,-85,0.1875,-0.28511579298444234
587,1051,625,960,540,-91,-85,0.15625,-0.25746091776587576
588,1052,626,960,540,-92,-86,0.125,-0.22727284800213932
589,1053,628,960,540,-93,-88,0.09375,-0.1930983519401548
590,1055,629,960,540,-95,-89,0.03125,-0.15177120578251557
591,1057,628,960,540,-97,-88,-0.03125,-0.23016217454525068
592,1060,628,960,540,-100,-88,-0.125,-0.2618450802398975
593,1063,628,960,540,-103,-88,-0.21875,-0.273267090442308
594,1065,630,960,540,-105,-90,-0.28125,-0.24275847845907395
595,1067,631,960,540,-107,-91,-0.34375,-0.08180862769391695
596,1069,632,960,540,-109,-92,-0.40625,-0.012160155953203855
597,1071,632,960,540,-111,-92,-0.46875,-0.03802658968586714
598,1075,634,960,540,-115,-94,-0.59375,0.032423000455008566
599,1078,636,960,540,-118,-96,-0.6875,0.00768174333753846
600,1081,639,960,540,-121,-99,-0.78125,0.11927640949877061
601,1079,641,960,540,-119,-101,-0.71875,0.13936397283570345
602,1067,640,960,540,-107,-100,-0.34375,0.10509064322241901
603,1052,638,960,540,-92,-98,0.125,0.06637559987472885
604,1044,635,960,540,-84,-95,0.375,-0.0320172896182882
605,1042,630,960,540,-82,-90,0.4375,-0.1746685560697312
606,1043,627,960,540,-83,-87,0.40625,-0.2765776519642831
607,1043,626,960,540,-83,-86,0.40625,-0.3013658033439426
608,1041,627,960,540,-81,-87,0.46875,-0.2702265491757636
609,1038,632,960,540,-78,-92,0.5625,-0.08179753022180547
610,1034,636,960,540,-74,-96,0.6875,0.03597133510282635
611,1031,640,960,540,-71,-100,0.78125,0.17141328143817258
612,1029,643,960,540,-69,-103,0.84375,0.21714140284057715
613,1033,642,960,540,-73,-102,0.71875,0.239152135916731
614,1044,640,960,540,-84,-100,0.375,0.07059465702270051
615,1051,638,960,540,-91,-98,0.15625,-0.0034794170513734457
616,1052,642,960,540,-92,-102,0.125,0.11647101673924531
617,1053,647,960,540,-93,-107,0.09375,0.32781253823945145
618,1051,651,960,540,-91,-111,0.15625,0.5515031293541224
619,1051,655,960,540,-91,-115,0.15625,0.7199358857748992
620,1053,656,960,540,-93,-116,0.09375,0.7007410297082712
621,1056,658,960,540,-96,-118,0.0,0.7581388443720867
622,1058,660,960,540,-98,-120,-0.0625,0.8421630372090396
623,1058,659,960,540,-98,-119,-0.0625,0.7662515991156051
624,1057,658,960,540,-97,-118,-0.03125,0.7292145620785679
625,1054,655,960,540,-94,-115,0.0625,0.6162242671036009
626,1050,652,960,540,-90,-112,0.1875,0.5179025384683595
627,1046,653,960,540,-86,-113,0.3125,0.5709338272507929
628,1044,654,960,540,-84,-114,0.375,0.7306904819804356
629,1042,653,960,540,-82,-113,0.4375,0.7564099372331397
630,1038,656,960,540,-78,-116,0.5625,0.7945201105678215
631,1034,662,960,540,-74,-122,0.6875,0.9184700224132976
632,1030,666,960,540,-70,-126,0.8125,1.0475313288008072
633,1026,668,960,540,-66,-128,0.9375,1.1322950511345593
634,1023,665,960,540,-63,-125,1.03125,1.1112458782261605
635,1020,658,960,540,-60,-118,1.125,0.7929813392824974
636,1017,654,960,540,-57,-114,1.21875,0.6049414656969287
637,1014,655,960,540,-54,-115,1.3125,0.598908131012645
638,1013,658,960,540,-53,-118,1.34375,0.7431817210281273
639,1012,661,960,540,-52,-121,1.375,0.8637671526366701
640,1023,665,960,540,-63,-125,1.03125,0.9546666955071439
641,1037,667,960,540,-77,-127,0.59375,1.075314347088168
642,1041,668,960,540,-81,-128,0.46875,1.1651586152318725
643,1041,668,960,540,-81,-128,0.46875,1.097097203820994
644,1041,667,960,540,-81,-127,0.46875,1.052298610170452
645,1041,667,960,540,-81,-127,0.46875,1.0484665967806621
646,1034,667,960,540,-74,-127,0.6875,1.0766967670285066
647,1019,667,960,540,-59,-127,1.15625,1.1015440041428124
648,1008,666,960,540,-48,-126,1.5,1.0332578820065486
649,1008,666,960,540,-48,-126,1.5,1.0686995731376867
650,1014,661,960,540,-54,-121,1.3125,0.9069483025753216
651,1026,651,960,540,-66,-111,0.9375,0.5485332678234953
652,1034,641,960,540,-74,-101,0.6875,0.11135822308874666
653,1035,637,960,540,-75,-97,0.65625,0.017503325370368916
654,1035,636,960,540,-75,-96,0.65625,-0.03149400876250796
655,1034,635,960,540,-74,-95,0.6875,-0.014078844266871116
656,1033,635,960,540,-73,-95,0.71875,-0.09780700443251256
657,1033,637,960,540,-73,-97,0.71875,-0.11723622676177436
658,1034,646,960,540,-74,-106,0.6875,0.3473285061880782
659,1034,653,960,540,-74,-113,0.6875,0.5746998636337337
660,1034,653,960,540,-74,-113,0.6875,0.5998018056039744
661,1034,654,960,540,-74,-114,0.6875,0.5900300331069013
662,1033,656,960,540,-73,-116,0.71875,0.6646752248971253
663,1033,657,960,540,-73,-117,0.71875,0.6998228647376341
664,1033,654,960,540,-73,-114,0.71875,0.6193475985008505
665,1034,646,960,540,-74,-106,0.6875,0.25799886884419543
666,1035,639,960,540,-75,-99,0.65625,0.043390125242056765
667,1039,637,960,540,-79,-97,0.53125,-0.02455245271115425
668,1051,637,960,540,-91,-97,0.15625,0.008100240653724278
669,1062,637,960,540,-102,-97,-0.1875,0.08077575314285346
670,1067,636,960,540,-107,-96,-0.34375,0.028551900890134707
671,1067,635,960,540,-107,-95,-0.34375,-0.008485136146902494
672,1055,635,960,540,-95,-95,0.03125,0.03635850598130075
673,1040,635,960,540,-80,-95,0.5,-0.022929870676168473
674,1037,635,960,540,-77,-95,0.59375,-0.010849905849814157
675,1038,634,960,540,-78,-94,0.5625,-0.019899838054584507
676,1040,632,960,540,-80,-92,0.5,-0.13334051273284597
677,1044,629,960,540,-84,-89,0.375,-0.28962308729923514
678,1053,627,960,540,-93,-87,0.09375,-0.3582840747024987
679,1068,626,960,540,-108,-86,-0.375,-0.4209587888672526
680,1085,625,960,540,-125,-85,-0.90625,-0.4591100972933235
681,1093,623,960,540,-133,-83,-1.15625,-0.4878144934785005
682,1092,621,960,540,-132,-81,-1.125,-0.6231026616744013
683,1085,619,960,540,-125,-79,-0.90625,-0.6712315832343942
684,1078,616,960,540,-118,-76,-0.6875,-0.7389121704310395
685,1078,612,960,540,-118,-72,-0.6875,-0.8878689831001116
686,1079,610,960,540,-119,-70,-0.71875,-0.9883456330378602
687,1080,611,960,540,-120,-71,-0.75,-0.985567321395334
688,1082,615,960,540,-122,-75,-0.8125,-0.7757342279139001
689,1085,616,960,540,-125,-76,-0.90625,-0.7402283588623599
690,1087,613,960,540,-127,-73,-0.96875,-0.8092067620999566
691,1090,609,960,540,-130,-69,-1.0625,-0.9302849426543989
692,1095,605,960,540,-135,-65,-1.21875,-1.0610396316372404
693,1102,602,960,540,-142,-62,-1.4375,-1.201131692026994
694,1108,600,960,540,-148,-60,-1.625,-1.285484302933808
695,1103,597,960,540,-143,-57,-1.46875,-1.4625010396215488
696,1093,595,960,540,-133,-55,-1.15625,-1.55105052555064
697,1092,593,960,540,-132,-53,-1.125,-1.6143982704297128
698,1094,596,960,540,-134,-56,-1.1875,-1.487358192279813
699,1095,606,960,540,-135,-66,-1.21875,-1.1016507713062662
700,1095,615,960,540,-135,-75,-1.21875,-0.790608506144221
701,1096,616,960,540,-136,-76,-1.25,-0.7336836383972862
702,1097,610,960,540,-137,-70,-1.28125,-0.8909685785730819
703,1097,606,960,540,-137,-66,-1.28125,-1.0409057053653532
704,1097,604,960,540,-137,-64,-1.28125,-1.228589526473813
705,1088,608,960,540,-128,-68,-1.0,-1.0191089143615262
706,1074,614,960,540,-114,-74,-0.5625,-0.8998697658915216
707,1068,619,960,540,-108,-79,-0.375,-0.6879546392701141
708,1065,622,960,540,-105,-82,-0.28125,-0.5571040561862337
709,1063,622,960,540,-103,-82,-0.21875,-0.5571040561862337
710,1059,621,960,540,-99,-81,-0.09375,-0.5058300771381155
711,1054,621,960,540,-94,-81,0.0625,-0.5149981816989095
712,1057,624,960,540,-97,-84,-0.03125,-0.4555645800532422
713,1064,629,960,540,-104,-89,-0.25,-0.2574581448386213
714,1065,634,960,540,-105,-94,-0.28125,0.020486080767708525
715,1057,637,960,540,-97,-97,-0.03125,0.1502881430091998
716,1048,639,960,540,-88,-99,0.25,0.20385026223787417
717,1037,643,960,540,-77,-103,0.59375,0.41494236178674937
718,1030,648,960,540,-70,-108,0.8125,0.6001275469719349
719,1025,651,960,540,-65,-111,0.96875,0.611572852201272
720,1020,654,960,540,-60,-114,1.125,0.7073239519699634
721,1017,656,960,540,-57,-116,1.21875,0.745653110541689
722,1015,660,960,540,-55,-120,1.28125,0.8433192497226774
723,1013,660,960,540,-53,-120,1.34375,0.8568822466692474
724,1011,657,960,540,-51,-117,1.40625,0.7614724251299494
725,1011,657,960,540,-51,-117,1.40625,0.7603230880560008
726,1013,656,960,540,-53,-116,1.34375,0.7550195190386608
727,1023,654,960,540,-63,-114,1.03125,0.7796748692389963
728,1035,645,960,540,-75,-105,0.65625,0.32058000561827704
729,1043,638,960,540,-83,-98,0.40625,0.15106135401973875
730,1049,635,960,540,-89,-95,0.21875,0.04281944095709189
731,1060,627,960,540,-100,-87,-0.125,-0.3009475707506004
732,1072,621,960,540,-112,-81,-0.5,-0.5396464237803467
733,1084,623,960,540,-124,-83,-0.875,-0.5173241716676893
734,1095,626,960,540,-135,-86,-1.21875,-0.35820685421720455
735,1102,624,960,540,-142,-84,-1.4375,-0.36600645529702547
736,1103,621,960,540,-143,-81,-1.46875,-0.46629603887126914
737,1093,620,960,540,-133,-80,-1.15625,-0.47629741746924736
738,1085,620,960,540,-125,-80,-0.90625,-0.49655090352555975
739,1086,619,960,540,-126,-79,-0.9375,-0.5079350242843015
740,1086,617,960,540,-126,-77,-0.9375,-0.5923224224044623
741,1087,615,960,540,-127,-75,-0.96875,-0.7071268342030623
742,1090,612,960,540,-130,-72,-1.0625,-0.7712971572245895
743,1092,610,960,540,-132,-70,-1.125,-0.8160909671567378
744,1095,608,960,540,-135,-68,-1.21875,-0.8721540957347629
745,1096,607,960,540,-136,-67,-1.25,-0.9236223334436247
746,1096,606,960,540,-136,-66,-1.25,-1.0034971696763892
747,1082,604,960,540,-122,-64,-0.8125,-1.0506011043539893
748,1067,601,960,540,-107,-61,-0.34375,-1.1550257119207932
749,1064,601,960,540,-104,-61,-0.25,-1.095110190918199
750,1062,604,960,540,-102,-64,-0.1875,-1.0304431691822047
751,1060,605,960,540,-100,-65,-0.125,-1.0206766870963317
752,1059,607,960,540,-99,-67,-0.09375,-0.9029778623267695
753,1062,617,960,540,-102,-77,-0.1875,-0.5400506662825904
754,1072,636,960,540,-112,-96,-0.5,0.10258110746501004
755,1076,651,960,540,-116,-111,-0.625,0.5765326854645116
756,1072,658,960,540,-112,-118,-0.5,0.8140839564202809
757,1065,659,960,540,-105,-119,-0.28125,0.9084226689768191
758,1052,659,960,540,-92,-119,0.125,0.9362246067573712
759,1035,654,960,540,-75,-114,0.65625,0.768388725819765
760,1022,647,960,540,-62,-107,1.0625,0.5051824449111879
761,1013,647,960,540,-53,-107,1.34375,0.4409307255948578
762,1007,647,960,540,-47,-107,1.53125,0.45011974132687405
763,1006,647,960,540,-46,-107,1.5625,0.42102302437517647
764,1007,647,960,540,-47,-107,1.53125,0.42102302437517647
765,1013,648,960,540,-53,-108,1.34375,0.5732583155667359
766,1016,649,960,540,-56,-109,1.25,0.6319986345401221
767,1012,649,960,540,-52,-109,1.375,0.6029330418756249
768,1016,652,960,540,-56,-112,1.25,0.7471752897794892
769,1024,656,960,540,-64,-116,1.0,0.8582217485386554
770,1023,662,960,540,-63,-122,1.03125,1.0106187524524906
771,1011,668,960,540,-51,-128,1.40625,1.2862033014826477
772,1001,674,960,540,-41,-134,1.71875,1.5201035408537367
773,992,673,960,540,-32,-133,2.0,1.4954746188904315
774,984,667,960,540,-24,-127,2.25,1.1872990033334352
775,977,668,960,540,-17,-128,2.46875,1.2393341242465437
776,967,676,960,540,-7,-136,2.78125,1.5376095405706298
777,958,683,960,540,2,-143,3.0625,1.8145433069486083
778,958,688,960,540,2,-148,3.0625,1.8911131801152261
779,966,693,960,540,-6,-153,2.8125,2.1445388103702405
780,974,696,960,540,-14,-156,2.5625,2.2747392530055968
781,978,699,960,540,-18,-159,2.4375,2.5416035687618868
782,985,698,960,540,-25,-158,2.21875,2.4143718746981473
783,997,689,960,540,-37,-149,1.84375,2.1490158653988
784,1004,684,960,540,-44,-144,1.625,1.8700739614806179
785,1005,685,960,540,-45,-145,1.59375,2.0205095582987953
786,1005,680,960,540,-45,-140,1.59375,1.7183631880732242
787,1001,670,960,540,-41,-130,1.71875,1.3777219195438444
788,994,665,960,540,-34,-125,1.9375,1.0560023238453349
789,986,665,960,540,-26,-125,2.1875,1.0473583857861999
790,982,667,960,540,-22,-127,2.3125,1.1011493937335488
791,986,669,960,540,-26,-129,2.1875,1.2416155246328255
792,993,667,960,540,-33,-127,1.96875,1.1318385579929484
793,991,665,960,540,-31,-125,2.03125,1.1340788318546435
794,988,664,960,540,-28,-124,2.125,1.0663971847272786
795,988,663,960,540,-28,-123,2.125,0.9924958018841186
796,987,662,960,540,-27,-122,2.15625,1.0255335673846107
797,987,660,960,540,-27,-120,2.15625,1.0326314238084078
798,989,658,960,540,-29,-118,2.09375,0.8906973214918601
799,994,656,960,540,-34,-116,1.9375,0.7570460359825835
800,1004,654,960,540,-44,-114,1.625,0.6460629423068722
801,1014,652,960,540,-54,-112,1.3125,0.5985633689951926
802,1019,650,960,540,-59,-110,1.15625,0.512873396009657
803,1021,648,960,540,-61,-108,1.09375,0.42714008623760735
804,1023,646,960,540,-63,-106,1.03125,0.36671920062699614
805,1026,642,960,540,-66,-102,0.9375,0.18704216279936725
806,1028,639,960,540,-68,-99,0.875,0.10600283410381905
807,1031,636,960,540,-71,-96,0.78125,-0.030674055575528936
808,1033,633,960,540,-73,-93,0.71875,-0.09148334523659862
809,1035,630,960,540,-75,-90,0.65625,-0.22083666833836801
810,1037,629,960,540,-77,-89,0.59375,-0.25787370537540477
811,1037,629,960,540,-77,-89,0.59375,-0.2323428987148346
812,1040,630,960,540,-80,-90,0.5,-0.181868186446962
813,1041,630,960,540,-81,-90,0.46875,-0.2055168678573085
814,1041,629,960,540,-81,-89,0.46875,-0.2287751876767694
815,1041,629,960,540,-81,-89,0.46875,-0.25053905079282
816,1043,629,960,540,-83,-89,0.40625,-0.2561329866775863
817,1044,631,960,540,-84,-91,0.375,-0.19950349453810245
818,1044,631,960,540,-84,-91,0.375,-0.22483189361384914
819,1043,630,960,540,-83,-90,0.40625,-0.20790952926340678
820,1043,631,960,540,-83,-91,0.40625,-0.21063308765962097
821,1044,631,960,540,-84,-91,0.375,-0.20086103944644496
822,1045,633,960,540,-85,-93,0.34375,-0.12376052897870204
823,1044,634,960,540,-84,-94,0.375,-0.11598908755836712
824,1044,634,960,540,-84,-94,0.375,-0.07501193825717589
825,1044,635,960,540,-84,-95,0.375,-0.05187631461862274
826,1044,634,960,540,-84,-94,0.375,-0.07326242291901819
827,1045,634,960,540,-85,-94,0.34375,-0.04608540491520774
828,1046,634,960,540,-86,-94,0.3125,-0.1522925698017108
829,1046,635,960,540,-86,-95,0.3125,-0.10930408019961924
830,1046,636,960,540,-86,-96,0.3125,-0.13818266110655575
831,1047,637,960,540,-87,-97,0.28125,-0.0903896590995501
832,1047,636,960,540,-87,-96,0.28125,-0.1791870207403221
833,1047,636,960,540,-87,-96,0.28125,-0.16289750690992477
834,1047,635,960,540,-87,-95,0.28125,-0.2352293487724868
835,1045,634,960,540,-85,-94,0.34375,-0.2541917131775362
836,1045,632,960,540,-85,-92,0.34375,-0.3681112742164938
837,1046,632,960,540,-86,-92,0.3125,-0.23718338795295635
838,1047,633,960,540,-87,-93,0.28125,-0.15156389914431667
839,1047,633,960,540,-87,-93,0.28125,-0.1189380330466463
840,1048,633,960,540,-88,-93,0.25,0.001394863287695003
841,1049,632,960,540,-89,-92,0.21875,-0.1505710981511359
842,1048,632,960,540,-88,-92,0.25,-0.15107549301955725
843,1048,632,960,540,-88,-92,0.25,-0.12250843011071977
844,1049,632,960,540,-89,-92,0.21875,-0.007778258059792709
845,1050,631,960,540,-90,-91,0.1875,-0.261276352587811
846,1050,632,960,540,-90,-92,0.1875,-0.23288606396838585
847,1050,633,960,540,-90,-93,0.1875,-0.25347086729297663
848,1050,634,960,540,-90,-94,0.1875,-0.09420840611136772
849,1050,634,960,540,-90,-94,0.1875,-0.07919650960480817
850,1052,635,960,540,-92,-95,0.125,-0.08875221660968524
851,1053,636,960,540,-93,-96,0.09375,-0.04973808261896551
852,1053,637,960,540,-93,-97,0.09375,-0.04504086302934995
853,1053,637,960,540,-93,-97,0.09375,-0.04224010439159853
854,1052,638,960,540,-92,-98,0.125,0.004753407204833859
855,1051,640,960,540,-91,-100,0.15625,0.10512779551657214
856,1052,641,960,540,-92,-101,0.125,0.16689169336194354
857,1053,641,960,540,-93,-101,0.09375,0.1961882687352503
858,1052,641,960,540,-92,-101,0.125,0.19119593106835442
859,1052,641,960,540,-92,-101,0.125,0.14348831348169933
860,1049,643,960,540,-89,-103,0.21875,0.27345445556480064
861,1047,646,960,540,-87,-106,0.28125,0.4057866889782895
862,1043,650,960,540,-83,-110,0.40625,0.5027265726571843
863,1038,652,960,540,-78,-112,0.5625,0.503231725970311
864,1031,653,960,540,-71,-113,0.78125,0.5905460630746879
865,1024,656,960,540,-64,-116,1.0,0.7267689047293557
866,1017,659,960,540,-57,-119,1.21875,0.9174607664249317
867,1010,663,960,540,-50,-123,1.4375,0.9201726644286858
868,1005,670,960,540,-45,-130,1.59375,1.2045345788918191
869,1004,675,960,540,-44,-135,1.625,1.3357347117757277
870,1008,681,960,540,-48,-141,1.5,1.4943130369270032
871,1018,685,960,540,-58,-145,1.1875,1.6386836690275972
872,1022,688,960,540,-62,-148,1.0625,1.7063311416964422
873,1020,691,960,540,-60,-151,1.125,1.8771083260231771
874,1016,690,960,540,-56,-150,1.25,1.8650676420863905
875,1013,681,960,540,-53,-141,1.34375,1.5752797607700089
876,1011,677,960,540,-51,-137,1.40625,1.388029371774885
877,1010,677,960,540,-50,-137,1.4375,1.3744100552472767
878,1009,670,960,540,-49,-130,1.46875,1.1787885754697225
879,1009,658,960,540,-49,-118,1.46875,0.7622024312416324
880,1010,651,960,540,-50,-111,1.4375,0.4773773194488582
881,1012,648,960,540,-52,-108,1.375,0.28525849914701595
882,1024,648,960,540,-64,-108,1.0,0.307588816653277
883,1042,648,960,540,-82,-108,0.4375,0.27666475986897465
884,1052,647,960,540,-92,-107,0.125,0.2338380552692052
885,1056,645,960,540,-96,-105,0.0,0.17146133297274124
886,1059,645,960,540,-99,-105,-0.09375,0.1803905447215377
887,1062,651,960,540,-102,-111,-0.1875,0.40794271671230176
888,1065,658,960,540,-105,-118,-0.28125,0.7590414953173363
889,1066,657,960,540,-106,-117,-0.3125,0.6999661006048132
890,1064,656,960,540,-104,-116,-0.25,0.5895812401030027
891,1051,656,960,540,-91,-116,0.15625,0.5517480679044242
892,1041,656,960,540,-81,-116,0.46875,0.5530578674812836
893,1040,654,960,540,-80,-114,0.5,0.5511022885405943
894,1039,653,960,540,-79,-113,0.53125,0.5392922303764536
895,1039,653,960,540,-79,-113,0.53125,0.5392922303764536
896,1035,652,960,540,-75,-112,0.65625,0.4755764120296737
897,1031,646,960,540,-71,-106,0.78125,0.16743028608443655
898,1028,636,960,540,-68,-96,0.875,-0.2510399693978309
899,1027,632,960,540,-67,-92,0.90625,-0.4472925288940499
900,1028,632,960,540,-68,-92,0.875,-0.3839950498997142
0,26,878,960,540,934,-338,32.1875,9.133887975749335
1,27,878,960,540,933,-338,32.15625,9.128720000414098
2,27,879,960,540,933,-339,32.15625,9.100239475393414
3,27,879,960,540,933,-339,32.15625,9.180076603009525
4,22,876,960,540,938,-336,32.3125,9.108378518620677
5,15,873,960,540,945,-333,32.53125,9.287124574477946
6,13,846,960,540,947,-306,32.59375,7.751754022111964
7,25,805,960,540,935,-265,32.21875,5.629596901908909
8,93,730,960,540,867,-190,30.09375,2.4479557588526832
9,189,638,960,540,771,-98,27.09375,-0.8013555147337397
10,274,571,960,540,686,-31,24.4375,-3.2256964498490674
11,391,493,960,540,569,47,20.78125,-6.160093920404666
12,495,429,960,540,465,111,17.53125,-8.556262354006936
13,548,406,960,540,412,134,15.875,-9.436415428159286
14,589,393,960,540,371,147,14.59375,-9.931281311081138
15,628,386,960,540,332,154,13.375,-10.240742539372626
16,649,384,960,540,311,156,12.71875,-10.26387142922304
17,650,384,960,540,310,156,12.6875,-10.236797897174426
18,654,385,960,540,306,155,12.5625,-10.204679555518807
19,684,407,960,540,276,133,11.625,-9.427777376772205
20,727,445,960,540,233,95,10.28125,-7.912360599190319
21,760,468,960,540,200,72,9.25,-7.008856051075538
22,781,483,960,540,179,57,8.59375,-6.536668319287758
23,785,491,960,540,175,49,8.46875,-6.231845917521812
24,777,494,960,540,183,46,8.71875,-6.134238026405624
25,769,501,960,540,191,39,8.96875,-5.945994095213577
26,768,514,960,540,192,26,9.0,-5.350761545829985
27,773,557,960,540,187,-17,8.84375,-4.008634984989377
28,772,594,960,540,188,-54,8.875,-2.6382646146190067
29,752,646,960,540,208,-106,9.5,-0.723155776945906
30,722,729,960,540,238,-189,10.4375,2.470192255893118
31,700,771,960,540,260,-231,11.125,4.102210528810773
32,690,785,960,540,270,-245,11.4375,4.722065605960628
33,682,788,960,540,278,-248,11.6875,4.960249747184399
34,664,790,960,540,296,-250,12.25,5.038135318752035
35,640,791,960,540,320,-251,13.0,5.1778003647133835
36,627,781,960,540,333,-241,13.40625,4.982527269351289
37,627,755,960,540,333,-215,13.40625,3.909073667846414
38,625,739,960,540,335,-199,13.46875,3.3164810752538214
39,632,717,960,540,328,-177,13.25,2.6125868398615353
40,634,695,960,540,326,-155,13.1875,1.8255283020776187
41,619,693,960,540,341,-153,13.65625,1.8587040435264153
42,606,696,960,540,354,-156,14.0625,2.0289081401625024
43,606,689,960,540,354,-149,14.0625,1.8335338905460743
44,628,679,960,540,332,-139,13.375,1.4235543879574175
45,657,678,960,540,303,-138,12.46875,1.4132579852743556
46,689,678,960,540,271,-138,11.46875,1.4524599336057267
47,712,678,960,540,248,-138,10.75,1.394386225757545
48,726,678,960,540,234,-138,10.3125,1.4274415014213688
49,731,680,960,540,229,-140,10.15625,1.5712891016678414
50,734,683,960,540,226,-143,10.0625,1.5792272739949627
51,760,683,960,540,200,-143,9.25,1.7008749346863428
52,783,682,960,540,177,-142,8.53125,1.6638378976493056
53,817,682,960,540,143,-142,7.46875,1.6282171852386265
54,859,682,960,540,101,-142,6.15625,1.575412163159081
55,875,681,960,540,85,-141,5.65625,1.660378918889784
56,881,673,960,540,79,-133,5.46875,1.3594481329428287
57,881,662,960,540,79,-122,5.46875,0.8521083251061214
58,882,660,960,540,78,-120,5.4375,0.7778141773293727
59,885,663,960,540,75,-123,5.34375,0.8590953491218287
60,896,662,960,540,64,-122,5.0,0.8960769309521046
61,914,661,960,540,46,-121,4.4375,0.8538997895771008
62,929,663,960,540,31,-123,3.96875,0.8675596010732303
63,935,665,960,540,25,-125,3.78125,0.9738186716929658
64,939,665,960,540,21,-125,3.65625,0.9359746501845585
65,952,666,960,540,8,-126,3.25,1.0315399421936373
66,972,667,960,540,-12,-127,2.625,1.0088774431856624
67,990,667,960,540,-30,-127,2.0625,1.1171482512707906
68,995,665,960,540,-35,-125,1.90625,1.0425130163445875
69,994,664,960,540,-34,-124,1.9375,0.9606587499500532
70,995,662,960,540,-35,-122,1.90625,0.9011303469063066
71,995,661,960,540,-35,-121,1.90625,0.8854906041720563
72,996,660,960,540,-36,-120,1.875,0.8472880554843485
73,997,658,960,540,-37,-118,1.84375,0.685753378182846
74,997,655,960,540,-37,-115,1.84375,0.596224511849186
75,996,654,960,540,-36,-114,1.875,0.5591874748121497
76,992,657,960,540,-32,-117,2.0,0.736162628979192
77,986,662,960,540,-26,-122,2.1875,1.0390430413605505
78,981,664,960,540,-21,-124,2.34375,1.0993877165091348
79,977,665,960,540,-17,-125,2.46875,1.1885404802997468
80,975,665,960,540,-15,-125,2.53125,1.1858702706493967
81,973,653,960,540,-13,-113,2.59375,0.5611593735616203
82,972,641,960,540,-12,-101,2.625,0.15962013399774078
83,975,640,960,540,-15,-100,2.53125,0.10282280754109818
84,977,641,960,540,-17,-101,2.46875,0.13985984457813538
85,989,640,960,540,-29,-100,2.09375,0.18605995642348283
86,1002,639,960,540,-42,-99,1.6875,0.1254998073346778
87,1002,640,960,540,-42,-100,1.6875,0.12106145803601143
88,1011,643,960,540,-51,-103,1.40625,0.14977469062951387
89,1025,652,960,540,-65,-112,0.96875,0.5638881102169493
90,1030,662,960,540,-70,-122,0.8125,0.9837982235808553
91,1028,663,960,540,-68,-123,0.875,0.9866034681988882
92,1024,663,960,540,-64,-123,1.0,0.918046692793387
93,1022,664,960,540,-62,-124,1.0625,1.11351786567488
94,1019,658,960,540,-59,-118,1.15625,0.8085541629927433
95,1016,651,960,540,-56,-111,1.25,0.5744815034917505
96,1013,651,960,540,-53,-111,1.34375,0.5456530907786368
97,1011,652,960,540,-51,-112,1.40625,0.5792234762267641
98,1009,653,960,540,-49,-113,1.46875,0.6407836781698522
99,1009,656,960,540,-49,-116,1.46875,0.7326237047681459
100,1008,657,960,540,-48,-117,1.5,0.7907308374550763
101,1005,659,960,540,-45,-119,1.59375,0.8620360887404539
102,1006,660,960,540,-46,-120,1.5625,0.851551137532188
103,1016,662,960,540,-56,-122,1.25,0.8714916156096981
104,1027,662,960,540,-67,-122,0.90625,0.9282301691670201
105,1027,661,960,540,-67,-121,0.90625,0.9119062020773772
106,1026,661,960,540,-66,-121,0.9375,0.8980148797575573
107,1028,654,960,540,-68,-114,0.875,0.6196654296579487
108,1030,639,960,540,-70,-99,0.8125,0.0578522145673106
109,1030,631,960,540,-70,-91,0.8125,-0.26385106122602897
110,1031,632,960,540,-71,-92,0.78125,-0.19422056297473622
111,1031,633,960,540,-71,-93,0.78125,-0.210605832791114
112,1028,634,960,540,-68,-94,0.875,-0.19850139026685776
113,1026,642,960,540,-66,-102,0.9375,0.11387719461080614
114,1027,650,960,540,-67,-110,0.90625,0.4003428805938465
115,1026,651,960,540,-66,-111,0.9375,0.45207388827707096
116,1025,651,960,540,-65,-111,0.96875,0.4901035879252018
117,1024,653,960,540,-64,-113,1.0,0.5737919457092335
118,1023,653,960,540,-63,-113,1.03125,0.5509814162940088
119,1022,654,960,540,-62,-114,1.0625,0.5724931450228388
120,1023,655,960,540,-63,-115,1.03125,0.6382611409890577
121,1024,655,960,540,-64,-115,1.0,0.6812090118066729
122,1025,655,960,540,-65,-115,0.96875,0.6812090118066729
123,1026,646,960,540,-66,-106,0.9375,0.31658961863693014
124,1028,637,960,540,-68,-97,0.875,-0.13823400662129792
125,1035,637,960,540,-75,-97,0.65625,-0.13592337835098567
126,1048,638,960,540,-88,-98,0.25,-0.09728990033439144
127,1057,640,960,540,-97,-100,-0.03125,0.08145086344843921
128,1059,641,960,540,-99,-101,-0.09375,0.07710527669173262
129,1059,641,960,540,-99,-101,-0.09375,0.07842867407125054
130,1058,642,960,540,-98,-102,-0.0625,0.1460957621698773
131,1050,640,960,540,-90,-100,0.1875,0.0031858855404336417
132,1038,641,960,540,-78,-101,0.5625,-0.0071831286326689
133,1033,643,960,540,-73,-103,0.71875,0.020823419117927067
134,1034,646,960,540,-74,-106,0.6875,0.2152935792245132
135,1036,651,960,540,-76,-111,0.625,0.3827133392984017
136,1044,651,960,540,-84,-111,0.375,0.2622857682978599
137,1058,649,960,540,-98,-109,-0.0625,0.21081716870956368
138,1066,648,960,540,-106,-108,-0.3125,0.249090684486045
139,1069,648,960,540,-109,-108,-0.40625,0.24671903131606232
140,1068,649,960,540,-108,-109,-0.375,0.22063282572349596
141,1068,649,960,540,-108,-109,-0.375,0.2732707148881488
142,1069,649,960,540,-109,-109,-0.40625,0.3085734881639288
143,1070,651,960,540,-110,-111,-0.4375,0.43512053507474757
144,1069,653,960,540,-109,-113,-0.40625,0.49417023803414706
145,1069,654,960,540,-109,-114,-0.40625,0.5397245311021561
146,1069,654,960,540,-109,-114,-0.40625,0.4980956651362307
147,1069,654,960,540,-109,-114,-0.40625,0.5229747714654187
148,1070,655,960,540,-110,-115,-0.4375,0.5444836641075863
149,1070,656,960,540,-110,-116,-0.4375,0.56841106801402
150,1071,657,960,540,-111,-117,-0.46875,0.6720193104437868
151,1073,658,960,540,-113,-118,-0.53125,0.7017807985365483
152,1073,659,960,540,-113,-119,-0.53125,0.6556277136930206
153,1074,660,960,540,-114,-120,-0.5625,0.7180051923190529
154,1074,659,960,540,-114,-119,-0.5625,0.6268618344560917
155,1072,660,960,540,-112,-120,-0.5,0.7302428886864898
156,1063,660,960,540,-103,-120,-0.21875,0.6648074274385172
157,1050,659,960,540,-90,-119,0.1875,0.6288975390852385
158,1041,659,960,540,-81,-119,0.46875,0.6469741082018672
159,1039,661,960,540,-79,-121,0.53125,0.733023406764262
160,1040,663,960,540,-80,-123,0.5,0.8296979033104743
161,1040,665,960,540,-80,-125,0.5,0.8965084118019031
162,1039,665,960,540,-79,-125,0.53125,0.870299614339964
163,1044,659,960,540,-84,-119,0.375,0.629509688070947
164,1056,647,960,540,-96,-107,0.0,0.134289357104469
165,1067,639,960,540,-107,-99,-0.34375,-0.04929046363998335
166,1072,636,960,540,-112,-96,-0.5,-0.16912197660017103
167,1073,636,960,540,-113,-96,-0.53125,-0.1406691015093271
168,1073,637,960,540,-113,-97,-0.53125,-0.1036320644722899
169,1071,646,960,540,-111,-106,-0.46875,0.22893867452595362
170,1067,655,960,540,-107,-115,-0.34375,0.4586555161162553
171,1058,654,960,540,-98,-114,-0.0625,0.45756300836749686
172,1046,654,960,540,-86,-114,0.3125,0.4642879449756876
173,1039,656,960,540,-79,-116,0.53125,0.4914904756087748
174,1040,658,960,540,-80,-118,0.5,0.5672260446006887
175,1046,657,960,540,-86,-117,0.3125,0.5578009981800918
176,1057,658,960,540,-97,-118,-0.03125,0.6372690010296771
177,1063,660,960,540,-103,-120,-0.21875,0.7113430751037515
178,1064,661,960,540,-104,-121,-0.25,0.7294623308271793
179,1065,661,960,540,-105,-121,-0.28125,0.7297928281827959
180,1066,652,960,540,-106,-112,-0.3125,0.4289475234250757
181,1066,644,960,540,-106,-104,-0.3125,0.1455195506356164
182,1066,644,960,540,-106,-104,-0.3125,0.15606567971302798
183,1065,644,960,540,-105,-104,-0.28125,0.17265449158740065
184,1064,644,960,540,-104,-104,-0.25,0.0884191813055466
185,1063,644,960,540,-103,-104,-0.21875,0.052393134722219514
186,1063,645,960,540,-103,-105,-0.21875,0.15237010704466059
187,1064,646,960,540,-104,-106,-0.25,0.17439545314159766
188,1064,645,960,540,-104,-105,-0.25,0.196989715552363
189,1063,646,960,540,-103,-106,-0.21875,0.21883601107314554
190,1062,646,960,540,-102,-106,-0.1875,0.23714506665218638
191,1062,646,960,540,-102,-106,-0.1875,0.24693109886633957
192,1061,647,960,540,-101,-107,-0.15625,0.2991542941604797
193,1061,647,960,540,-101,-107,-0.15625,0.2949767678218942
194,1059,647,960,540,-99,-107,-0.09375,0.2034044906366388
195,1058,647,960,540,-98,-107,-0.0625,0.16647921389609266
196,1058,646,960,540,-98,-106,-0.0625,0.17008941423576118
197,1059,645,960,540,-99,-105,-0.09375,0.1909349650927159
198,1059,644,960,540,-99,-104,-0.09375,0.11621215587899147
199,1059,644,960,540,-99,-104,-0.09375,0.11664588077840055
200,1059,647,960,540,-99,-107,-0.09375,0.2290290649356459
201,1058,647,960,540,-98,-107,-0.0625,0.24623434205290362
202,1057,647,960,540,-97,-107,-0.03125,0.270760479963454
203,1058,648,960,540,-98,-108,-0.0625,0.29769317631366254
204,1059,648,960,540,-99,-108,-0.09375,0.24750767224111048
205,1058,647,960,540,-98,-107,-0.0625,0.22726051893751498
206,1057,645,960,540,-97,-105,-0.03125,0.18539547665070488
207,1056,644,960,540,-96,-104,0.0,0.16568220617339824
208,1056,644,960,540,-96,-104,0.0,0.1593788881599938
209,1056,643,960,540,-96,-103,0.0,0.14058016730804024
210,1056,644,960,540,-96,-104,0.0,0.1854842158299479
211,1056,645,960,540,-96,-105,0.0,0.2382207687307818
212,1056,645,960,540,-96,-105,0.0,0.19390205987167253
213,1055,644,960,540,-95,-104,0.03125,0.1534001074946949
214,1055,644,960,540,-95,-104,0.03125,0.14656029518292302
215,1054,643,960,540,-94,-103,0.0625,0.17458187430921912
216,1054,643,960,540,-94,-103,0.0625,0.19114490888235913
217,1053,642,960,540,-93,-102,0.09375,0.142156522253587
218,1052,641,960,540,-92,-101,0.125,0.07529246672897827
219,1051,642,960,540,-91,-102,0.15625,0.18858043685011205
220,1050,643,960,540,-90,-103,0.1875,0.19196083311182743
221,1049,643,960,540,-89,-103,0.21875,0.21121111129023573
222,1049,643,960,540,-89,-103,0.21875,0.1662815143364358
223,1048,643,960,540,-88,-103,0.25,0.22590387935058764
224,1050,642,960,540,-90,-102,0.1875,0.14442362543403942
225,1050,642,960,540,-90,-102,0.1875,0.13688236002773868
226,1050,643,960,540,-90,-103,0.1875,0.1766572664439443
227,1049,643,960,540,-89,-103,0.21875,0.16968427528275276
228,1049,643,960,540,-89,-103,0.21875,0.1240866462771395
229,1047,643,960,540,-87,-103,0.28125,0.10222861134606731
230,1047,643,960,540,-87,-103,0.28125,0.27246739824360633
231,1047,643,960,540,-87,-103,0.28125,0.20056941808162732
232,1047,644,960,540,-87,-104,0.28125,0.2637073440276958
233,1046,644,960,540,-86,-104,0.3125,0.1982198643564126
234,1046,644,960,540,-86,-104,0.3125,0.17115778748087251
235,1047,644,960,540,-87,-104,0.28125,0.17494025927930767
236,1047,646,960,540,-87,-106,0.28125,0.30735027430093
237,1048,646,960,540,-88,-106,0.25,0.29946025319836655
238,1047,646,960,540,-87,-106,0.28125,0.26832051235240595
239,1048,646,960,540,-88,-106,0.25,0.2986609164829499
240,1049,646,960,540,-89,-106,0.21875,0.28806230805353206
241,1050,647,960,540,-90,-107,0.1875,0.28150987316909903
242,1049,648,960,540,-89,-108,0.21875,0.2726897427008179
243,1049,650,960,540,-89,-110,0.21875,0.3514792236312463
244,1050,650,960,540,-90,-110,0.1875,0.3682167196236743
245,1050,652,960,540,-90,-112,0.1875,0.49809727880534593
246,1051,653,960,540,-91,-113,0.15625,0.521793333086702
247,1051,653,960,540,-91,-113,0.15625,0.5291266983725245
248,1051,654,960,540,-91,-114,0.15625,0.48463379547412844
249,1051,654,960,540,-91,-114,0.15625,0.5754415528578702
250,1051,654,960,540,-91,-114,0.15625,0.5273378009125089
251,1051,655,960,540,-91,-115,0.15625,0.5311535337153184
252,1050,656,960,540,-90,-116,0.1875,0.5322764411861023
253,1050,657,960,540,-90,-117,0.1875,0.5964525361148878
254,1049,659,960,540,-89,-119,0.21875,0.6469412642156596
255,1049,661,960,540,-89,-121,0.21875,0.7221625903983551
256,1050,662,960,540,-90,-122,0.1875,0.8302102299682659
257,1050,663,960,540,-90,-123,0.1875,0.8751802588494293
258,1050,663,960,540,-90,-123,0.1875,0.9043940496697891
259,1050,663,960,540,-90,-123,0.1875,0.9086101421819497
260,1050,663,960,540,-90,-123,0.1875,0.8910785267138381
261,1049,663,960,540,-89,-123,0.21875,0.8704551671933829
262,1049,662,960,540,-89,-122,0.21875,0.8451046076431723
263,1049,649,960,540,-89,-109,0.21875,0.36315206441201076
264,1049,634,960,540,-89,-94,0.21875,-0.21797645537351862
265,1048,633,960,540,-88,-93,0.25,-0.29287186711483626
266,1047,633,960,540,-87,-93,0.28125,-0.23550821457454907
267,1048,634,960,540,-88,-94,0.25,-0.2720875496067494
268,1048,637,960,540,-88,-97,0.25,-0.1885438183491459
269,1048,645,960,540,-88,-105,0.25,0.31290616237853763
270,1050,654,960,540,-90,-114,0.1875,0.5174854244108498
271,1049,655,960,540,-89,-115,0.21875,0.601882111434485
272,1048,654,960,540,-88,-114,0.25,0.7063636382015672
273,1046,652,960,540,-86,-112,0.3125,0.6067083770288786
274,1044,651,960,540,-84,-111,0.375,0.5696713399918414
275,1043,643,960,540,-83,-103,0.40625,0.30481933436188635
276,1042,633,960,540,-82,-93,0.4375,-0.1390137102661595
277,1041,632,960,540,-81,-92,0.46875,-0.1716180457132599
278,1040,633,960,540,-80,-93,0.5,-0.21592103558624132
279,1040,633,960,540,-80,-93,0.5,-0.2267684388351996
280,1040,631,960,540,-80,-91,0.5,-0.20633880097262658
281,1039,630,960,540,-79,-90,0.53125,-0.33335043908370565
282,1038,630,960,540,-78,-90,0.5625,-0.26498711185119994
283,1037,630,960,540,-77,-90,0.59375,-0.2940944672544372
284,1037,630,960,540,-77,-90,0.59375,-0.3486916780003293
285,1037,631,960,540,-77,-91,0.59375,-0.16673180130991927
286,1037,632,960,540,-77,-92,0.59375,-0.11746569929643202
287,1037,631,960,540,-77,-91,0.59375,-0.18595430863501772
288,1037,631,960,540,-77,-91,0.59375,-0.20488523796968616
289,1037,631,960,540,-77,-91,0.59375,-0.21057306864999425
290,1037,631,960,540,-77,-91,0.59375,-0.2038753023566131
291,1037,630,960,540,-77,-90,0.59375,-0.23438934147107826
292,1037,629,960,540,-77,-89,0.59375,-0.3123163455828277
293,1038,628,960,540,-78,-88,0.5625,-0.28688964462876854
294,1038,627,960,540,-78,-87,0.5625,-0.3382984038855854
295,1037,625,960,540,-77,-85,0.59375,-0.3901252353475466
296,1037,623,960,540,-77,-83,0.59375,-0.5051526184165138
297,1038,624,960,540,-78,-84,0.5625,-0.49843700747253106
298,1038,624,960,540,-78,-84,0.5625,-0.43776373042858685
299,1039,624,960,540,-79,-84,0.53125,-0.45943959331978945
300,1046,624,960,540,-86,-84,0.3125,-0.45534073343485426
301,1060,623,960,540,-100,-83,-0.125,-0.40041938174065184
302,1068,622,960,540,-108,-82,-0.375,-0.4532148386395214
303,1070,622,960,540,-110,-82,-0.4375,-0.4532148386395214
304,1064,622,960,540,-104,-82,-0.25,-0.5108438343527761
305,1048,623,960,540,-88,-83,0.25,-0.4867416407563874
306,1039,625,960,540,-79,-85,0.53125,-0.43654083763491514
307,1039,626,960,540,-79,-86,0.53125,-0.364622588148543
308,1038,633,960,540,-78,-93,0.5625,-0.14224163269510282
309,1039,643,960,540,-79,-103,0.53125,0.2030914727305766
310,1040,646,960,540,-80,-106,0.5,0.29615735477335825
311,1040,646,960,540,-80,-106,0.5,0.2847042353156919
312,1052,639,960,540,-92,-99,0.125,0.11561991535849092
313,1069,628,960,540,-109,-88,-0.40625,-0.22474622383709608
314,1074,624,960,540,-114,-84,-0.5625,-0.3012898194103406
315,1074,624,960,540,-114,-84,-0.5625,-0.40281695921965266
316,1074,623,960,540,-114,-83,-0.5625,-0.43019002093546677
317,1073,624,960,540,-113,-84,-0.53125,-0.40421051532314456
318,1066,623,960,540,-106,-83,-0.3125,-0.4843187228646477
319,1054,622,960,540,-94,-82,0.0625,-0.554368815213468
320,1044,623,960,540,-84,-83,0.375,-0.49361142742768527
321,1040,623,960,540,-80,-83,0.5,-0.4511529617174914
322,1042,623,960,540,-82,-83,0.4375,-0.5535514772069714
323,1052,622,960,540,-92,-82,0.125,-0.5047866548548416
324,1065,624,960,540,-105,-84,-0.28125,-0.3766050789147668
325,1071,624,960,540,-111,-84,-0.46875,-0.3581726257837059
326,1066,624,960,540,-106,-84,-0.3125,-0.41610937329238284
327,1052,633,960,540,-92,-93,0.125,-0.15172520715855864
328,1040,644,960,540,-80,-104,0.5,0.26043991869816185
329,1039,645,960,540,-79,-105,0.53125,0.2876930129205655
330,1039,646,960,540,-79,-106,0.53125,0.33707262021154527
331,1039,649,960,540,-79,-109,0.53125,0.4779634960469292
332,1041,651,960,540,-81,-111,0.46875,0.527944181428051
333,1047,649,960,540,-87,-109,0.28125,0.31733820969620385
334,1059,649,960,540,-99,-109,-0.09375,0.4237013371759266
335,1071,649,960,540,-111,-109,-0.46875,0.38005014592562647
336,1075,647,960,540,-115,-107,-0.59375,0.2955878736113058
337,1075,647,960,540,-115,-107,-0.59375,0.36137785204370143
338,1074,648,960,540,-114,-108,-0.5625,0.40162355486559287
339,1074,647,960,540,-114,-107,-0.5625,0.26054097877316007
340,1072,647,960,540,-112,-107,-0.5,0.20709535221895337
341,1057,648,960,540,-97,-108,-0.03125,0.3458823678412366
342,1045,649,960,540,-85,-109,0.34375,0.3593069704145506
343,1045,649,960,540,-85,-109,0.34375,0.3776674210452433
344,1045,649,960,540,-85,-109,0.34375,0.35664683643692063
345,1044,649,960,540,-84,-109,0.375,0.3549839379241848
346,1044,650,960,540,-84,-110,0.375,0.461875627022061
347,1043,650,960,540,-83,-110,0.40625,0.4093760484236548
348,1043,650,960,540,-83,-110,0.40625,0.42928529866106535
349,1044,650,960,540,-84,-110,0.375,0.42928529866106535
350,1043,649,960,540,-83,-109,0.40625,0.3374184070814672
351,1043,648,960,540,-83,-108,0.40625,0.32608902843347787
352,1044,648,960,540,-84,-108,0.375,0.2880532039649415
353,1044,649,960,540,-84,-109,0.375,0.36222402894853767
354,1043,648,960,540,-83,-108,0.40625,0.27230166710729575
355,1042,648,960,540,-82,-108,0.4375,0.32079118654173744
356,1042,650,960,540,-82,-110,0.4375,0.40165535386836915
357,1043,650,960,540,-83,-110,0.40625,0.44844162839887636
358,1042,650,960,540,-82,-110,0.4375,0.4433913876475737
359,1041,651,960,540,-81,-111,0.46875,0.4227250220081209
360,1040,651,960,540,-80,-111,0.5,0.46126356442106653
361,1041,650,960,540,-81,-110,0.46875,0.46304380058058436
362,1041,649,960,540,-81,-109,0.46875,0.3928037693279558
363,1041,648,960,540,-81,-108,0.46875,0.32410021578572623
364,1046,647,960,540,-86,-107,0.3125,0.21457331224484122
365,1052,646,960,540,-92,-106,0.125,0.17753627520780402
366,1062,646,960,540,-102,-106,-0.1875,0.29301697045808295
367,1073,647,960,540,-113,-107,-0.53125,0.31385957516077934
368,1071,647,960,540,-111,-107,-0.46875,0.2915653474586013
369,1062,648,960,540,-102,-108,-0.1875,0.28253916902060094
370,1048,649,960,540,-88,-109,0.25,0.37570858911559224
371,1043,650,960,540,-83,-110,0.40625,0.48018576986357075
372,1044,650,960,540,-84,-110,0.375,0.4656240696966014
373,1044,650,960,540,-84,-110,0.375,0.45231301037788585
374,1044,651,960,540,-84,-111,0.375,0.513534052476075
375,1045,650,960,540,-85,-110,0.34375,0.4309288494538217
376,1044,649,960,540,-84,-109,0.375,0.3714026358234852
377,1043,649,960,540,-83,-109,0.40625,0.3609653415324998
378,1043,648,960,540,-83,-108,0.40625,0.3262781122129197
379,1042,639,960,540,-82,-99,0.4375,-0.004071364146296386
380,1041,629,960,540,-81,-89,0.46875,-0.3627039066515336
381,1041,628,960,540,-81,-88,0.46875,-0.4917761283098274
382,1042,636,960,540,-82,-96,0.4375,-0.16863010740882922
383,1042,645,960,540,-82,-105,0.4375,0.20681923202663377
384,1042,649,960,540,-82,-109,0.4375,0.3193216576751188
385,1042,649,960,540,-82,-109,0.4375,0.38117613696865904
386,1041,649,960,540,-81,-109,0.46875,0.34991987006664393
387,1042,649,960,540,-82,-109,0.4375,0.3812470887750625
388,1042,649,960,540,-82,-109,0.4375,0.39721541785485437
389,1042,650,960,540,-82,-110,0.4375,0.4217750110639926
390,1041,649,960,540,-81,-109,0.46875,0.37509398450295706
391,1040,649,960,540,-80,-109,0.5,0.37878798418867765
392,1040,649,960,540,-80,-109,0.5,0.40239611391670493
393,1040,649,960,540,-80,-109,0.5,0.484192466618508
394,1041,648,960,540,-81,-108,0.46875,0.31389336902445386
395,1044,647,960,540,-84,-107,0.375,0.24333682974664317
396,1057,646,960,540,-97,-106,-0.03125,0.20766379183176165
397,1069,645,960,540,-109,-105,-0.40625,0.35703728424126524
398,1069,645,960,540,-109,-105,-0.40625,0.21866290103199804
399,1060,645,960,540,-100,-105,-0.125,0.263401048707149
400,1047,644,960,540,-87,-104,0.28125,0.13220569767482493
401,1038,644,960,540,-78,-104,0.5625,0.1721720435514782
402,1034,645,960,540,-74,-105,0.6875,0.2589590364305834
403,1033,645,960,540,-73,-105,0.71875,0.2589590364305834
404,1033,644,960,540,-73,-104,0.71875,0.2673473268865716
405,1041,640,960,540,-81,-100,0.46875,0.01174952132968654
406,1054,637,960,540,-94,-97,0.0625,-0.11129358027130953
407,1059,635,960,540,-99,-95,-0.09375,-0.1665554809145542
408,1060,632,960,540,-100,-92,-0.125,-0.19815344161093096
409,1059,630,960,540,-99,-90,-0.09375,-0.3369019697638316
410,1057,630,960,540,-97,-90,-0.03125,-0.4268293629304898
411,1055,629,960,540,-95,-89,0.03125,-0.3894786834535253
412,1056,629,960,540,-96,-89,0.0,-0.3140671493928493
413,1056,629,960,540,-96,-89,0.0,-0.3004277277933336
414,1055,630,960,540,-95,-90,0.03125,-0.30632612215517163
415,1054,631,960,540,-94,-91,0.0625,-0.2773113094678803
416,1054,632,960,540,-94,-92,0.0625,-0.31398881521852307
417,1053,634,960,540,-93,-94,0.09375,-0.2560801131915227
418,1053,636,960,540,-93,-96,0.09375,-0.15595325058226317
419,1054,634,960,540,-94,-94,0.0625,-0.09090554617419855
420,1054,630,960,540,-94,-90,0.0625,-0.31603131837382836
421,1056,630,960,540,-96,-90,0.0,-0.15495438244282544
0,224,246,960,540,736,294,26.0,-12.527302453326246
1,224,245,960,540,736,295,26.0,-12.572602033995306
2,224,246,960,540,736,294,26.0,-12.537501339967413
3,227,246,960,540,733,294,25.90625,-12.511771862503343
4,253,250,960,540,707,290,25.09375,-12.375215368354294
5,291,251,960,540,669,289,23.90625,-12.297322796043153
6,321,251,960,540,639,289,22.96875,-12.281044584939112
7,342,251,960,540,618,289,22.3125,-12.305389192050493
8,353,251,960,540,607,289,21.96875,-12.279152103557431
9,356,251,960,540,604,289,21.875,-12.274671236273615
10,357,251,960,540,603,289,21.84375,-12.27614707872403
11,357,252,960,540,603,288,21.84375,-12.242404255953241
12,357,252,960,540,603,288,21.84375,-12.240518908171085
13,371,263,960,540,589,277,21.40625,-11.859702195188156
14,401,290,960,540,559,250,20.46875,-10.844335856722635
15,466,352,960,540,494,188,18.4375,-8.530939863095247
16,548,432,960,540,412,108,15.875,-5.571931602605169
17,621,496,960,540,339,44,13.59375,-3.1854301647954437
18,701,556,960,540,259,-16,11.09375,-0.9657838488107882
19,784,605,960,540,176,-65,8.5,0.8675441614589292
20,858,643,960,540,102,-103,6.1875,2.3093201728141564
21,947,672,960,540,13,-132,3.40625,3.37568252130649
22,1020,685,960,540,-60,-145,1.125,3.852954796601036
23,1059,682,960,540,-99,-142,-0.09375,3.752430337759729
24,1084,675,960,540,-124,-135,-0.875,3.502836771576212
25,1087,670,960,540,-127,-130,-0.96875,3.2874029776546205
26,1086,669,960,540,-126,-129,-0.9375,3.2433850348035778
27,1089,668,960,540,-129,-128,-1.03125,3.238388715927635
28,1108,647,960,540,-148,-107,-1.625,2.486956601539507
29,1124,627,960,540,-164,-87,-2.125,1.746215860798766
30,1133,608,960,540,-173,-68,-2.40625,1.0123195819362647
31,1141,585,960,540,-181,-45,-2.65625,0.16863745125352425
32,1139,581,960,540,-179,-41,-2.59375,0.014961926731163144
33,1126,581,960,540,-166,-41,-2.1875,0.0019444267852182229
34,1112,581,960,540,-152,-41,-1.75,0.00030709459406397244
35,1109,582,960,540,-149,-42,-1.65625,0.05330233982539356
36,1106,582,960,540,-146,-42,-1.5625,0.06467359330826494
37,1095,584,960,540,-135,-44,-1.21875,0.11669130960340901
38,1084,590,960,540,-124,-50,-0.875,0.3578227810191297
39,1080,595,960,540,-120,-55,-0.75,0.5430079662043148
40,1079,595,960,540,-119,-55,-0.71875,0.5466810562062419
41,1079,596,960,540,-119,-56,-0.71875,0.5939127105196056
42,1079,596,960,540,-119,-56,-0.71875,0.5831046503657165
43,1079,596,960,540,-119,-56,-0.71875,0.5975131844540837
44,1079,596,960,540,-119,-56,-0.71875,0.598822768246962
45,1079,596,960,540,-119,-56,-0.71875,0.6016341385251474
46,1079,596,960,540,-119,-56,-0.71875,0.5858963026288408
47,1080,595,960,540,-120,-55,-0.75,0.5437952141065199
48,1080,593,960,540,-120,-53,-0.75,0.4930028808378868
49,1080,585,960,540,-120,-45,-0.75,0.18122287682451832
50,1081,580,960,540,-121,-40,-0.78125,-0.010298479047242237
51,1081,580,960,540,-121,-40,-0.78125,-0.009136543506587547
52,1081,580,960,540,-121,-40,-0.78125,-0.013698445085518873
53,1081,580,960,540,-121,-40,-0.78125,-0.014119122406093476
54,1082,584,960,540,-122,-44,-0.8125,0.12735000010653352
55,1082,591,960,540,-122,-51,-0.8125,0.3811861257518756
56,1083,594,960,540,-123,-54,-0.84375,0.5169759462551788
57,1084,593,960,540,-124,-53,-0.875,0.4772656146629659
58,1074,593,960,540,-114,-53,-0.5625,0.5015295366946804
59,1061,592,960,540,-101,-52,-0.15625,0.44079100145806427
60,1058,593,960,540,-98,-53,-0.0625,0.46581586008974485
61,1058,593,960,540,-98,-53,-0.0625,0.46559829669097397
62,1060,593,960,540,-100,-53,-0.125,0.4682867499435226
63,1067,592,960,540,-107,-52,-0.34375,0.4694152202420956
64,1078,592,960,540,-118,-52,-0.6875,0.4312960609965648
65,1083,592,960,540,-123,-52,-0.84375,0.44637498313464863
66,1083,593,960,540,-123,-53,-0.84375,0.47879910084235533
67,1081,593,960,540,-121,-53,-0.78125,0.5015298256174019
68,1075,592,960,540,-115,-52,-0.59375,0.4621687990019494
69,1061,592,960,540,-101,-52,-0.15625,0.45444008773510514
70,1052,592,960,540,-92,-52,0.125,0.45179934155650825
71,1051,592,960,540,-91,-52,0.15625,0.4471900117275802
72,1051,592,960,540,-91,-52,0.15625,0.4541141425811379
73,1051,592,960,540,-91,-52,0.15625,0.4501879236171895
74,1050,592,960,540,-90,-52,0.1875,0.456083354244057
75,1050,592,960,540,-90,-52,0.1875,0.43854536904399777
76,1050,592,960,540,-90,-52,0.1875,0.4397655108536034
77,1050,592,960,540,-90,-52,0.1875,0.4397655108536034
78,1050,592,960,540,-90,-52,0.1875,0.4503340744477513
79,1050,592,960,540,-90,-52,0.1875,0.45662461057151416
80,1050,593,960,540,-90,-53,0.1875,0.48973586718297835
81,1049,592,960,540,-89,-52,0.21875,0.46368343064574735
82,1049,592,960,540,-89,-52,0.21875,0.4327841736769249
83,1049,592,960,540,-89,-52,0.21875,0.4294891342530467
84,1048,592,960,540,-88,-52,0.25,0.43783589128909317
85,1048,592,960,540,-88,-52,0.25,0.4211012506170593
86,1048,592,960,540,-88,-52,0.25,0.4211012506170593
87,1048,592,960,540,-88,-52,0.25,0.430380799318824
88,1048,592,960,540,-88,-52,0.25,0.4375646130119766
89,1048,592,960,540,-88,-52,0.25,0.4333601931704012
90,1048,592,960,540,-88,-52,0.25,0.4247275936956745
91,1049,593,960,540,-89,-53,0.21875,0.4787738444193177
92,1049,592,960,540,-89,-52,0.21875,0.4463399366668792
93,1051,592,960,540,-91,-52,0.15625,0.45387747131648615
94,1053,591,960,540,-93,-51,0.09375,0.40933238205410327
95,1056,591,960,540,-96,-51,0.0,0.39831797621010634
96,1058,591,960,540,-98,-51,-0.0625,0.4067111009470663
97,1062,591,960,540,-102,-51,-0.1875,0.3977490286314045
98,1067,591,960,540,-107,-51,-0.34375,0.4162175669093129
99,1072,591,960,540,-112,-51,-0.5,0.4499043612683895
100,1078,591,960,540,-118,-51,-0.6875,0.43027155787253735
101,1085,590,960,540,-125,-50,-0.90625,0.40923773140875674
102,1091,590,960,540,-131,-50,-1.09375,0.3999157327949012
103,1098,589,960,540,-138,-49,-1.3125,0.36504780658903013
104,1101,590,960,540,-141,-50,-1.40625,0.42058216909946533
105,1104,589,960,540,-144,-49,-1.5,0.3978452142050246
106,1105,587,960,540,-145,-47,-1.53125,0.30312662987390393
107,1105,586,960,540,-145,-46,-1.53125,0.2840974203903064
108,1099,586,960,540,-139,-46,-1.34375,0.3325866364346164
109,1089,586,960,540,-129,-46,-1.03125,0.3061713792840477
110,1086,587,960,540,-126,-47,-0.9375,0.33901337632545014
111,1089,588,960,540,-129,-48,-1.03125,0.39372144597116265
112,1095,588,960,540,-135,-48,-1.21875,0.3770381861696963
113,1099,590,960,540,-139,-50,-1.34375,0.49759517995937275
114,1105,592,960,540,-145,-52,-1.53125,0.5714664107177836
115,1111,593,960,540,-151,-53,-1.71875,0.581692325452523
116,1115,594,960,540,-155,-54,-1.84375,0.6105773990547032
117,1120,595,960,540,-160,-55,-2.0,0.6477591460604344
118,1123,596,960,540,-163,-56,-2.09375,0.7147874827725147
119,1124,595,960,540,-164,-55,-2.125,0.6379274701525726
120,1119,594,960,540,-159,-54,-1.96875,0.6170669608351316
121,1108,593,960,540,-148,-53,-1.625,0.5387302221583592
122,1098,593,960,540,-138,-53,-1.3125,0.5474209037188156
123,1094,593,960,540,-134,-53,-1.1875,0.5474209037188156
124,1090,588,960,540,-130,-48,-1.0625,0.29606085130581894
125,1084,581,960,540,-124,-41,-0.875,0.0516559781862429
126,1079,578,960,540,-119,-38,-0.71875,-0.1043909528107192
127,1075,577,960,540,-115,-37,-0.59375,-0.10952916507933796
128,1071,577,960,540,-111,-37,-0.46875,-0.07816982711334397
129,1068,577,960,540,-108,-37,-0.375,-0.11248618490904883
130,1063,583,960,540,-103,-43,-0.21875,0.08425032567505553
131,1058,590,960,540,-98,-50,-0.0625,0.359689956842113
132,1055,590,960,540,-95,-50,0.03125,0.359689956842113
133,1053,591,960,540,-93,-51,0.09375,0.37863320609052264
134,1051,592,960,540,-91,-52,0.15625,0.39470595115827734
135,1049,595,960,540,-89,-55,0.21875,0.4850270576186655
136,1046,595,960,540,-86,-55,0.3125,0.5073398176140769
137,1044,594,960,540,-84,-54,0.375,0.47888968686284983
138,1041,593,960,540,-81,-53,0.46875,0.4411716977109692
139,1037,592,960,540,-77,-52,0.59375,0.4096386629783033
140,1034,590,960,540,-74,-50,0.6875,0.34591123221981457
141,1030,583,960,540,-70,-43,0.8125,0.0743088336817681
142,1026,576,960,540,-66,-36,0.9375,-0.20102786813980789
143,1023,576,960,540,-63,-36,1.03125,-0.19689043120784544
144,1025,576,960,540,-65,-36,0.96875,-0.214718494553378
145,1035,576,960,540,-75,-36,0.65625,-0.22618264602975757
146,1043,577,960,540,-83,-37,0.40625,-0.1704894177725289
147,1045,578,960,540,-85,-38,0.34375,-0.14192337576321634
148,1045,579,960,540,-85,-39,0.34375,-0.10350436394776663
149,1045,580,960,540,-85,-40,0.34375,-0.06639666098801644
150,1042,581,960,540,-82,-41,0.4375,-0.03604461661810521
151,1030,582,960,540,-70,-42,0.8125,-0.02825285788844356
152,1019,583,960,540,-59,-43,1.15625,-0.020978844388076956
153,1019,584,960,540,-59,-44,1.15625,0.027038033908376224
154,1020,584,960,540,-60,-44,1.125,0.02126998422735804
155,1026,584,960,540,-66,-44,0.9375,0.01633942485176454
156,1035,582,960,540,-75,-42,0.65625,0.005248173444722726
157,1038,577,960,540,-78,-37,0.5625,-0.21284696245684165
158,1035,573,960,540,-75,-33,0.65625,-0.3596633615635183
159,1031,568,960,540,-71,-28,0.78125,-0.5360370261729084
160,1026,565,960,540,-66,-25,0.9375,-0.653396763988441
161,1022,564,960,540,-62,-24,1.0625,-0.6772877797075669
162,1018,563,960,540,-58,-23,1.1875,-0.7191027661628757
163,1013,563,960,540,-53,-23,1.34375,-0.7475183372923286
164,1009,565,960,540,-49,-25,1.46875,-0.686315442420323
165,1004,569,960,540,-44,-29,1.625,-0.544479220023439
166,999,570,960,540,-39,-30,1.78125,-0.46745029782230674
167,996,568,960,540,-36,-28,1.875,-0.5475387016974409
168,1000,568,960,540,-40,-28,1.75,-0.601494854579784
169,1006,568,960,540,-46,-28,1.5625,-0.6501091735277218
170,1003,569,960,540,-43,-29,1.65625,-0.5892345215121679
171,996,570,960,540,-36,-30,1.875,-0.548021129938232
172,993,569,960,540,-33,-29,1.96875,-0.5934241627387251
173,999,568,960,540,-39,-28,1.78125,-0.7070856726425518
174,1006,568,960,540,-46,-28,1.5625,-0.7038375382512279
175,1004,568,960,540,-44,-28,1.625,-0.6891989099575362
176,997,567,960,540,-37,-27,1.84375,-0.7375618297644038
177,991,566,960,540,-31,-26,2.03125,-0.7390037333718277
178,988,565,960,540,-28,-25,2.125,-0.7760407704088648
179,983,576,960,540,-23,-36,2.28125,-0.4967088071670176
180,976,589,960,540,-16,-49,2.5,0.007387350834534789
181,972,589,960,540,-12,-49,2.625,0.03021681616687144
182,977,587,960,540,-17,-47,2.46875,0.01622099093281726
183,987,585,960,540,-27,-45,2.15625,-0.07120917189973008
184,988,584,960,540,-28,-44,2.125,-0.09565220086436987
185,985,581,960,540,-25,-41,2.21875,-0.26814373740545605
186,982,576,960,540,-22,-36,2.3125,-0.3774435410368544
187,979,567,960,540,-19,-27,2.40625,-0.7209986261626731
188,978,559,960,540,-18,-19,2.4375,-1.069016844615831
189,979,555,960,540,-19,-15,2.40625,-1.1524262636522336
190,992,550,960,540,-32,-10,2.0,-1.3479621724027422
191,1004,547,960,540,-44,-7,1.625,-1.4590732835138531
192,1004,545,960,540,-44,-5,1.625,-1.4968897019537346
193,1002,543,960,540,-42,-3,1.6875,-1.521080074495836
194,999,544,960,540,-39,-4,1.78125,-1.5017456333703014
195,993,550,960,540,-33,-10,1.96875,-1.321874120861441
196,985,557,960,540,-25,-17,2.21875,-1.0536922826616526
197,979,565,960,540,-19,-25,2.40625,-0.7929649422847136
198,972,578,960,540,-12,-38,2.625,-0.31339176707072336
199,962,586,960,540,-2,-46,2.9375,0.020370357852402154
200,959,589,960,540,1,-49,3.03125,0.05915809522953519
201,954,590,960,540,6,-50,3.1875,0.10161204179519889
202,939,592,960,540,21,-52,3.65625,0.12036023469855595
203,929,594,960,540,31,-54,3.96875,0.17421424216044867
204,925,592,960,540,35,-52,4.09375,0.05733151616518173
205,919,587,960,540,41,-47,4.28125,-0.04715192120307554
206,910,586,960,540,50,-46,4.5625,-0.10471045243009702
207,907,586,960,540,53,-46,4.65625,-0.16495750835987733
208,906,586,960,540,54,-46,4.6875,-0.20514294665202137
209,901,586,960,540,59,-46,4.84375,-0.18396925653843454
210,893,588,960,540,67,-48,5.09375,-0.06372454311337883
211,893,591,960,540,67,-51,5.09375,0.0017934332948579268
212,899,595,960,540,61,-55,4.90625,0.1515911705123798
213,904,598,960,540,56,-58,4.75,0.2646105185942933
214,905,600,960,540,55,-60,4.71875,0.3198801559984039
215,911,598,960,540,49,-58,4.53125,0.261217623331333
216,928,593,960,540,32,-53,4.0,0.0486386292557246
217,950,587,960,540,10,-47,3.3125,-0.20698726307116444
218,970,582,960,540,-10,-42,2.6875,-0.33526173526785485
219,982,576,960,540,-22,-36,2.3125,-0.6021987736035821
220,988,568,960,540,-28,-28,2.125,-0.9467656657358641
221,998,559,960,540,-38,-19,1.8125,-1.2077922797134497
222,1012,551,960,540,-52,-11,1.375,-1.5154287107347402
223,1021,546,960,540,-61,-6,1.09375,-1.6955989347980411
224,1021,542,960,540,-61,-2,1.09375,-1.8653925845631738
225,1011,539,960,540,-51,1,1.40625,-2.0470290563927835
226,987,545,960,540,-27,-5,2.15625,-1.826277068245901
227,962,553,960,540,-2,-13,2.9375,-1.5060951297431198
228,946,555,960,540,14,-15,3.4375,-1.4073724715434512
229,922,569,960,540,38,-29,4.1875,-0.9670730015253595
230,893,582,960,540,67,-42,5.09375,-0.5076625366456469
231,869,586,960,540,91,-46,5.84375,-0.3847858893681364
232,849,588,960,540,111,-48,6.46875,-0.2594072255383746
233,834,589,960,540,126,-49,6.9375,-0.2037192063325477
234,825,589,960,540,135,-49,7.21875,-0.24830619539199517
235,806,589,960,540,154,-49,7.8125,-0.30579417383363006
236,777,589,960,540,183,-49,8.71875,-0.31882017915943206
237,750,591,960,540,210,-51,9.5625,-0.27401287654700957
238,733,594,960,540,227,-54,10.09375,-0.12205724627228198
239,729,594,960,540,231,-54,10.21875,-0.23181771665739337
240,732,596,960,540,228,-56,10.125,-0.13331073050911435
241,726,601,960,540,234,-61,10.3125,0.02250908139161334
242,709,601,960,540,251,-61,10.84375,0.0196655267542587
243,703,598,960,540,257,-58,11.03125,-0.04634245539357895
244,711,595,960,540,249,-55,10.78125,-0.23799089207703306
245,730,593,960,540,230,-53,10.1875,-0.2863456191878355
246,754,592,960,540,206,-52,9.4375,-0.3529188209179568
247,778,591,960,540,182,-51,8.6875,-0.2987291745968741
248,789,593,960,540,171,-53,8.34375,-0.21749286608998109
249,788,595,960,540,172,-55,8.375,-0.17687127398907299
250,798,596,960,540,162,-56,8.0625,-0.20268698039285793
251,820,597,960,540,140,-57,7.375,-0.11607290609524012
252,836,598,960,540,124,-58,6.875,-0.0655944362898544
253,846,597,960,540,114,-57,6.5625,-0.12216479447190665
254,851,596,960,540,109,-56,6.40625,-0.15409055781641845
255,854,595,960,540,106,-55,6.3125,-0.15549424411168333
256,859,592,960,540,101,-52,6.15625,-0.2355163356834702
257,866,589,960,540,94,-49,5.9375,-0.3117484159571908
258,873,586,960,540,87,-46,5.71875,-0.3915993791760308
259,880,582,960,540,80,-42,5.5,-0.41650080650343857
260,889,579,960,540,71,-39,5.21875,-0.5233947911258117
261,897,576,960,540,63,-36,4.96875,-0.6251535553246956
262,907,573,960,540,53,-33,4.65625,-0.7463629687739961
263,918,571,960,540,42,-31,4.3125,-0.7926963372943046
264,928,570,960,540,32,-30,4.0,-0.8224529159332647
265,934,576,960,540,26,-36,3.8125,-0.5900873459377864
266,939,583,960,540,21,-43,3.65625,-0.30905698363268774
267,945,584,960,540,15,-44,3.46875,-0.2649370663484669
268,950,584,960,540,10,-44,3.3125,-0.2699781131245531
269,954,583,960,540,6,-43,3.1875,-0.2970019187560866
270,958,584,960,540,2,-44,3.0625,-0.2713155864908394
271,963,584,960,540,-3,-44,2.90625,-0.26417940987678534
272,967,584,960,540,-7,-44,2.78125,-0.2342691330807678
273,971,584,960,540,-11,-44,2.65625,-0.29186368426833287
274,975,585,960,540,-15,-45,2.53125,-0.2561233810090866
275,978,585,960,540,-18,-45,2.4375,-0.22037393715180498
276,979,585,960,540,-19,-45,2.40625,-0.241696695456177
277,980,586,960,540,-20,-46,2.375,-0.22671206237023078
278,982,586,960,540,-22,-46,2.3125,-0.24613580678642077
279,983,585,960,540,-23,-45,2.28125,-0.2794350711891369
280,982,585,960,540,-22,-45,2.3125,-0.30781576966293445
281,981,586,960,540,-21,-46,2.34375,-0.2591011431005976
282,980,587,960,540,-20,-47,2.375,-0.18649315000818367
283,977,588,960,540,-17,-48,2.46875,-0.1818509835200388
284,974,589,960,540,-14,-49,2.5625,-0.15093201663246436
285,971,589,960,540,-11,-49,2.65625,-0.12822263598655814
286,967,589,960,540,-7,-49,2.78125,-0.1490700579362072
287,962,590,960,540,-2,-50,2.9375,-0.14395848900046082
288,953,591,960,540,7,-51,3.21875,-0.12511229843251037
289,944,592,960,540,16,-52,3.5,-0.0857968683193786
290,936,593,960,540,24,-53,3.75,-0.02775639008211961
291,928,594,960,540,32,-54,4.0,0.06527975240891748
292,919,595,960,540,41,-55,4.28125,0.043376741263559504
293,909,597,960,540,51,-57,4.59375,0.12545826293829165
294,902,599,960,540,58,-59,4.8125,0.22375392045142872
295,895,601,960,540,65,-61,5.03125,0.28164325670564927
296,888,602,960,540,72,-62,5.25,0.3449238425022052
297,884,602,960,540,76,-62,5.375,0.3920201206476588
298,881,602,960,540,79,-62,5.46875,0.3894863457620801
299,880,602,960,540,80,-62,5.5,0.3896060328355757
300,880,602,960,540,80,-62,5.5,0.368228397896736
301,880,604,960,540,80,-64,5.5,0.4472345114938141
302,880,605,960,540,80,-65,5.5,0.4731000289125977
303,881,605,960,540,79,-65,5.46875,0.45775605719742196
304,882,606,960,540,78,-66,5.4375,0.48179299772331996
305,884,607,960,540,76,-67,5.375,0.5325315611700041
306,885,607,960,540,75,-67,5.34375,0.5325315611700041
307,886,608,960,540,74,-68,5.3125,0.5720529229308546
308,887,609,960,540,73,-69,5.28125,0.6265490769377513
309,888,610,960,540,72,-70,5.25,0.6377073427481197
310,888,605,960,540,72,-65,5.25,0.40848924111603657
311,887,599,960,540,73,-59,5.28125,0.1718567399600741
312,887,600,960,540,73,-60,5.28125,0.2541752002488329
313,888,600,960,540,72,-60,5.25,0.22626582001534423
314,890,601,960,540,70,-61,5.1875,0.2456443832306463
315,892,603,960,540,68,-63,5.125,0.2783955180375184
316,896,606,960,540,64,-66,5.0,0.4081531337068096
317,901,607,960,540,59,-67,4.84375,0.4361505023560408
318,910,608,960,540,50,-68,4.5625,0.5083810838727572
319,917,609,960,540,43,-69,4.34375,0.5454181209097944
320,930,608,960,540,30,-68,3.9375,0.539615214954184
321,949,608,960,540,11,-68,3.34375,0.5226877513172996
322,965,609,960,540,-5,-69,2.84375,0.6443825192961823
323,980,609,960,540,-20,-69,2.375,0.6259624524968124
324,1001,610,960,540,-41,-70,1.71875,0.7525889455570549
325,1022,614,960,540,-62,-74,1.0625,0.8888698219807627
326,1034,616,960,540,-74,-76,0.6875,1.0531314156363252
327,1046,620,960,540,-86,-80,0.3125,1.2795189212556897
328,1065,623,960,540,-105,-83,-0.28125,1.4590729942723164
329,1096,629,960,540,-136,-89,-1.25,1.714132124858154
330,1130,636,960,540,-170,-96,-2.3125,1.9585254948201145
331,1154,633,960,540,-194,-93,-3.0625,1.9124036423250628
332,1173,625,960,540,-213,-85,-3.65625,1.6967666847971956
333,1194,625,960,540,-234,-85,-4.3125,1.6765523117795067
334,1213,628,960,540,-253,-88,-4.90625,1.794887982942614
335,1224,630,960,540,-264,-90,-5.25,1.8615123527743094
336,1231,634,960,540,-271,-94,-5.46875,2.0363925171366564
337,1247,638,960,540,-287,-98,-5.96875,2.2055473256757825
338,1263,638,960,540,-303,-98,-6.46875,2.2474640284670215
339,1264,632,960,540,-304,-92,-6.5,2.0441034622445455
340,1258,628,960,540,-298,-88,-6.3125,1.8360449822467486
341,1260,631,960,540,-300,-91,-6.375,1.9338083734526628
342,1277,637,960,540,-317,-97,-6.90625,2.180976179331934
343,1290,642,960,540,-330,-102,-7.3125,2.4216630065535187
344,1283,649,960,540,-323,-109,-7.09375,2.6616341781274464
345,1273,656,960,540,-313,-116,-6.78125,2.904921749540685
346,1278,662,960,540,-318,-122,-6.9375,3.092726221921109
347,1293,662,960,540,-333,-122,-7.40625,3.2699422034495136
348,1309,654,960,540,-349,-114,-7.90625,2.8080662319708503
349,1310,640,960,540,-350,-100,-7.9375,2.189051761033163
350,1343,617,960,540,-383,-77,-8.96875,1.309500015735123
351,1383,598,960,540,-423,-58,-10.21875,0.6728104380842921
352,1397,592,960,540,-437,-52,-10.65625,0.4347493725601883
353,1410,591,960,540,-450,-51,-11.0625,0.38098212431756506
354,1419,593,960,540,-459,-53,-11.34375,0.5640289840454802
355,1424,595,960,540,-464,-55,-11.5,0.6381030581195541
356,1418,596,960,540,-458,-56,-11.3125,0.6222625451935226
357,1412,594,960,540,-452,-54,-11.125,0.5573839251832617
358,1413,592,960,540,-453,-52,-11.15625,0.4890142626824048
359,1410,591,960,540,-450,-51,-11.0625,0.45350513510810875
360,1397,590,960,540,-437,-50,-10.65625,0.48391581492823055
361,1368,590,960,540,-408,-50,-9.75,0.3957138733814125
362,1346,591,960,540,-386,-51,-9.0625,0.420236310157849
363,1346,592,960,540,-386,-52,-9.0625,0.4457719837791083
364,1348,595,960,540,-388,-55,-9.125,0.5660639035190633
365,1336,598,960,540,-376,-58,-8.75,0.7567946481940722
366,1307,602,960,540,-347,-62,-7.84375,0.8627707167124987
367,1265,602,960,540,-305,-62,-6.53125,0.8702819511545583
368,1232,600,960,540,-272,-60,-5.5,0.7723855837135838
369,1225,598,960,540,-265,-58,-5.28125,0.6983115096395094
370,1221,598,960,540,-261,-58,-5.15625,0.7218746537392706
371,1202,598,960,540,-242,-58,-4.5625,0.7556652621815327
372,1179,597,960,540,-219,-57,-3.84375,0.7130324313279679
373,1161,597,960,540,-201,-57,-3.28125,0.7226954710167215
374,1142,596,960,540,-182,-56,-2.6875,0.6910526264431156
375,1120,596,960,540,-160,-56,-2.0,0.7051616814203232
376,1100,595,960,540,-140,-55,-1.375,0.6824683927875199
377,1087,594,960,540,-127,-54,-0.96875,0.6527006410139746
378,1078,593,960,540,-118,-53,-0.6875,0.6099408110960283
379,1075,592,960,540,-115,-52,-0.59375,0.5604850832013877
380,1071,591,960,540,-111,-51,-0.46875,0.583579272277905
381,1059,591,960,540,-99,-51,-0.09375,0.5548329369829799
382,1045,592,960,540,-85,-52,0.34375,0.6067225168197636
383,1037,592,960,540,-77,-52,0.59375,0.6136828666286609
384,1037,593,960,540,-77,-53,0.59375,0.6417761555311521
385,1032,596,960,540,-72,-56,0.75,0.717524576902713
386,1021,597,960,540,-61,-57,1.09375,0.7775206832036936
387,1012,585,960,540,-52,-45,1.375,0.3282184818739229
388,1004,570,960,540,-44,-30,1.625,-0.21543207168709055
389,1000,565,960,540,-40,-25,1.75,-0.391228929761704
390,1000,564,960,540,-40,-24,1.75,-0.45584546513286983
391,1012,562,960,540,-52,-22,1.375,-0.5089152359554702
392,1025,562,960,540,-65,-22,0.96875,-0.487193991800109
393,1027,561,960,540,-67,-21,0.90625,-0.4902716423650664
394,1031,560,960,540,-71,-20,0.78125,-0.525719780386257
395,1035,559,960,540,-75,-19,0.65625,-0.5828309414495114
396,1039,559,960,540,-79,-19,0.53125,-0.5671918777451983
397,1044,563,960,540,-84,-23,0.375,-0.4314486982402779
398,1048,568,960,540,-88,-28,0.25,-0.21909485529117068
399,1053,568,960,540,-93,-28,0.09375,-0.213607329215461
400,1059,561,960,540,-99,-21,-0.09375,-0.48239762388613205
401,1064,553,960,540,-104,-13,-0.25,-0.8019422836613281
402,1067,551,960,540,-107,-11,-0.34375,-0.8498808046157382
403,1071,556,960,540,-111,-16,-0.46875,-0.6754064913269493
404,1076,562,960,540,-116,-22,-0.625,-0.42664607106009533
405,1079,564,960,540,-119,-24,-0.71875,-0.3395292941643482
406,1082,563,960,540,-122,-23,-0.8125,-0.3780560325004625
407,1085,563,960,540,-125,-23,-0.90625,-0.41605088942001656
408,1088,563,960,540,-128,-23,-1.0,-0.38962075616380853
409,1084,563,960,540,-124,-23,-0.875,-0.38232388461014377
410,1074,563,960,540,-114,-23,-0.5625,-0.3818318461926482
411,1068,563,960,540,-108,-23,-0.375,-0.37904916713357717
412,1068,563,960,540,-108,-23,-0.375,-0.3939718693852796
413,1070,563,960,540,-110,-23,-0.4375,-0.3781209783694599
414,1072,562,960,540,-112,-22,-0.5,-0.41086268936141634
415,1079,562,960,540,-119,-22,-0.71875,-0.4037201117682464
416,1092,561,960,540,-132,-21,-1.125,-0.4447365130622589
417,1101,562,960,540,-141,-22,-1.40625,-0.4188318424877667
418,1104,563,960,540,-144,-23,-1.5,-0.38320865777444224
419,1103,563,960,540,-143,-23,-1.46875,-0.36807172678640154
420,1091,563,960,540,-131,-23,-1.09375,-0.35994833759226585
421,1078,563,960,540,-118,-23,-0.6875,-0.3734787841700853
422,1076,564,960,540,-116,-24,-0.625,-0.336595654925423
423,1067,564,960,540,-107,-24,-0.34375,-0.31770418110420096
424,1053,565,960,540,-93,-25,0.09375,-0.27862253513358004
425,1048,566,960,540,-88,-26,0.25,-0.23840595277459642
426,1053,566,960,540,-93,-26,0.09375,-0.23650354699965292
427,1065,566,960,540,-105,-26,-0.28125,-0.22379420152906293
428,1075,567,960,540,-115,-27,-0.59375,-0.16654836209406487
429,1078,568,960,540,-118,-28,-0.6875,-0.13936967290583646
430,1078,568,960,540,-118,-28,-0.6875,-0.14797857810725223
431,1077,567,960,540,-117,-27,-0.65625,-0.18436078027531866
432,1073,567,960,540,-113,-27,-0.53125,-0.19653020460659065
433,1063,566,960,540,-103,-26,-0.21875,-0.22838113802098292
434,1053,566,960,540,-93,-26,0.09375,-0.23490363462233266
435,1049,566,960,540,-89,-26,0.21875,-0.22789623230107015
436,1050,567,960,540,-90,-27,0.1875,-0.1984368029960828
437,1053,567,960,540,-93,-27,0.09375,-0.20511343437177243
438,1063,566,960,540,-103,-26,-0.21875,-0.24868569565008347
439,1073,567,960,540,-113,-27,-0.53125,-0.21343108508559028
440,1075,568,960,540,-115,-28,-0.59375,-0.1763940480485533
441,1075,568,960,540,-115,-28,-0.59375,-0.18330431269259662
442,1075,568,960,540,-115,-28,-0.59375,-0.17988922322448841
443,1074,569,960,540,-114,-29,-0.5625,-0.1497998250352255
444,1071,569,960,540,-111,-29,-0.46875,-0.13330482740981298
445,1060,569,960,540,-100,-29,-0.125,-0.15577874500875888
446,1050,570,960,540,-90,-30,0.1875,-0.13074867288746272
447,1046,571,960,540,-86,-31,0.3125,-0.06852121579930648
448,1046,571,960,540,-86,-31,0.3125,-0.09411643571748951
449,1046,571,960,540,-86,-31,0.3125,-0.09503810376343624
450,1046,571,960,540,-86,-31,0.3125,-0.09503810376343624
451,1046,571,960,540,-86,-31,0.3125,-0.0813396659172474
452,1046,572,960,540,-86,-32,0.3125,-0.04898327090184429
453,1046,574,960,540,-86,-34,0.3125,0.017908583359671715
454,1045,573,960,540,-85,-33,0.34375,-0.00438371402921045
455,1045,573,960,540,-85,-33,0.34375,-0.023915306686268734
456,1046,573,960,540,-86,-33,0.3125,-0.025343325265045014
457,1046,573,960,540,-86,-33,0.3125,-0.02540720516372197
458,1045,572,960,540,-85,-32,0.34375,-0.05537006770122033
459,1045,573,960,540,-85,-33,0.34375,-0.03539173293824005
460,1045,573,960,540,-85,-33,0.34375,-0.0313505558159044
461,1045,572,960,540,-85,-32,0.34375,-0.06444078896772587
462,1045,572,960,540,-85,-32,0.34375,-0.05079691360559413
463,1044,572,960,540,-84,-32,0.375,-0.05348428117869708
464,1044,572,960,540,-84,-32,0.375,-0.04728906103692054
465,1044,572,960,540,-84,-32,0.375,-0.04563363539637999
466,1044,572,960,540,-84,-32,0.375,-0.056267926736149665
467,1044,571,960,540,-84,-31,0.375,-0.09017099644695725
468,1045,571,960,540,-85,-31,0.34375,-0.08421438056277597
469,1045,571,960,540,-85,-31,0.34375,-0.09430178210042328
470,1045,572,960,540,-85,-32,0.34375,-0.05682480342425267
471,1046,572,960,540,-86,-32,0.3125,-0.05595252581765764
472,1046,572,960,540,-86,-32,0.3125,-0.06399093642413489
473,1046,572,960,540,-86,-32,0.3125,-0.06908742027001957
474,1047,572,960,540,-87,-32,0.28125,-0.07446760988474987
475,1048,572,960,540,-88,-32,0.25,-0.07829767665727672
476,1048,573,960,540,-88,-33,0.25,-0.028044466147331137
477,1048,573,960,540,-88,-33,0.25,-0.022915772948448376
478,1049,573,960,540,-89,-33,0.21875,-0.022012309820367282
479,1049,573,960,540,-89,-33,0.21875,-0.03668952068936315
480,1050,573,960,540,-90,-33,0.1875,-0.01301913288492984
481,1051,573,960,540,-91,-33,0.15625,-0.029402442968346376
482,1051,574,960,540,-91,-34,0.15625,0.014709496099900354
483,1052,573,960,540,-92,-33,0.125,-0.023152833062973555
484,1053,573,960,540,-93,-33,0.09375,-0.015271301407165927
485,1054,573,960,540,-94,-33,0.0625,-0.032445569337977265
486,1055,573,960,540,-95,-33,0.03125,-0.04241946854848089
487,1056,573,960,540,-96,-33,0.0,-0.04386475508900123
488,1057,573,960,540,-97,-33,-0.03125,-0.03674601244647713
489,1058,573,960,540,-98,-33,-0.0625,-0.04256800498911706
490,1059,574,960,540,-99,-34,-0.09375,-0.0055730070651140995
491,1060,574,960,540,-100,-34,-0.125,-0.01357948661524988
492,1061,573,960,540,-101,-33,-0.15625,-0.033367115775521095
493,1063,573,960,540,-103,-33,-0.21875,-0.006190603810207973
494,1063,573,960,540,-103,-33,-0.21875,-0.027898981022947744
495,1064,573,960,540,-104,-33,-0.25,-0.013246472464666148
496,1065,573,960,540,-105,-33,-0.28125,-0.026448606265678354
497,1066,573,960,540,-106,-33,-0.3125,-0.028653092354833154
498,1067,573,960,540,-107,-33,-0.34375,-0.03400301836665376
499,1068,572,960,540,-108,-32,-0.375,-0.07261790883794195
500,1069,573,960,540,-109,-33,-0.40625,-0.01662558389301072
501,1070,573,960,540,-110,-33,-0.4375,-0.01719620367025998
502,1071,573,960,540,-111,-33,-0.46875,-0.014054209893021197
503,1072,573,960,540,-112,-33,-0.5,-0.015312010544695331
504,1072,573,960,540,-112,-33,-0.5,0.0013350334887622939
505,1073,573,960,540,-113,-33,-0.53125,0.01623700415786833
506,1074,572,960,540,-114,-32,-0.5625,-0.014297084415595629
507,1074,572,960,540,-114,-32,-0.5625,-0.03039262244702745
508,1074,573,960,540,-114,-33,-0.5625,0.014040644928313917
509,1075,573,960,540,-115,-33,-0.59375,0.0023200078331755414
510,1075,573,960,540,-115,-33,-0.59375,0.0023200078331755414
511,1075,573,960,540,-115,-33,-0.59375,0.002397309195471875
512,1076,573,960,540,-116,-33,-0.625,0.007981490430237992
513,1076,573,960,540,-116,-33,-0.625,0.0015862456352835341
514,1076,573,960,540,-116,-33,-0.625,0.005434248330553393
515,1077,573,960,540,-117,-33,-0.65625,0.013219869761363023
516,1078,573,960,540,-118,-33,-0.6875,-0.009043543138268717
517,1080,573,960,540,-120,-33,-0.75,-0.01458686397749065
518,1081,572,960,540,-121,-32,-0.78125,-0.05486994209859475
519,1084,572,960,540,-124,-32,-0.875,-0.04246839331213592
520,1089,573,960,540,-129,-33,-1.03125,-0.004808791211839081
521,1095,575,960,540,-135,-35,-1.21875,0.0670206277613834
522,1104,577,960,540,-144,-37,-1.5,0.1356287604026838
523,1115,579,960,540,-155,-39,-1.84375,0.20329619244756092
524,1128,582,960,540,-168,-42,-2.25,0.31419706496368494
525,1138,586,960,540,-178,-46,-2.5625,0.4580258882321526
526,1151,590,960,540,-191,-50,-2.96875,0.6184660097226353
527,1172,594,960,540,-212,-54,-3.625,0.7801568110580779
528,1201,601,960,540,-241,-61,-4.53125,1.0189161145762693
529,1230,607,960,540,-270,-67,-5.4375,1.2603226544897828
530,1248,610,960,540,-288,-70,-6.0,1.3740226920158443
531,1265,610,960,540,-305,-70,-6.53125,1.384597771083148
532,1284,608,960,540,-324,-68,-7.125,1.3140992425212785
533,1295,605,960,540,-335,-65,-7.46875,1.2029881314101678
534,1299,598,960,540,-339,-58,-7.59375,0.9188111734987137
535,1289,578,960,540,-329,-38,-7.28125,0.22095756453929494
536,1279,558,960,540,-319,-18,-6.96875,-0.5315401793343132
537,1282,553,960,540,-322,-13,-7.0625,-0.7167253645194984
538,1287,550,960,540,-327,-10,-7.21875,-0.8100730473449788
539,1293,548,960,540,-333,-8,-7.40625,-0.8845729418643442
540,1276,548,960,540,-316,-8,-6.875,-0.8749896577866316
541,1245,548,960,540,-285,-8,-5.90625,-0.8814729983718299
542,1220,548,960,540,-260,-8,-5.125,-0.8828554903126813
543,1200,549,960,540,-240,-9,-4.5,-0.8295246209198754
544,1188,550,960,540,-228,-10,-4.125,-0.7981570526097487
545,1184,556,960,540,-224,-16,-4.0,-0.5900669272685941
546,1180,564,960,540,-220,-24,-3.875,-0.2825829316465944
547,1174,569,960,540,-214,-29,-3.6875,-0.10334119730495916
548,1168,573,960,540,-208,-33,-3.5,0.055548632488001015
549,1152,576,960,540,-192,-36,-3.0,0.1789825854347311
550,1128,578,960,540,-168,-38,-2.25,0.2221099137792315
551,1111,580,960,540,-151,-40,-1.71875,0.29370291842615814
552,1105,583,960,540,-145,-43,-1.53125,0.40456959402938586
553,1102,585,960,540,-142,-45,-1.4375,0.48331555192815223
554,1101,576,960,540,-141,-36,-1.40625,0.18468166788094198
555,1101,568,960,540,-141,-28,-1.40625,-0.12592280484813068
556,1101,567,960,540,-141,-27,-1.40625,-0.1631662605174271
557,1103,567,960,540,-143,-27,-1.46875,-0.16330581581878723
558,1107,567,960,540,-147,-27,-1.59375,-0.16140059823386776
559,1112,567,960,540,-152,-27,-1.75,-0.1330113490928051
560,1118,567,960,540,-158,-27,-1.9375,-0.13904247672937076
561,1125,567,960,540,-165,-27,-2.15625,-0.16079780378520447
562,1131,566,960,540,-171,-26,-2.34375,-0.19042636037260963
563,1130,566,960,540,-170,-26,-2.3125,-0.2032116827638334
564,1122,566,960,540,-162,-26,-2.0625,-0.1824251999622869
565,1121,566,960,540,-161,-26,-2.03125,-0.21083219683095977
566,1128,564,960,540,-168,-24,-2.25,-0.28327533287957785
567,1133,563,960,540,-173,-23,-2.40625,-0.3059011295092753
568,1134,563,960,540,-174,-23,-2.4375,-0.33117191056949125
569,1126,563,960,540,-166,-23,-2.1875,-0.31560419552093033
570,1122,563,960,540,-162,-23,-2.0625,-0.3167937850333016
571,1124,563,960,540,-164,-23,-2.125,-0.3167937850333016
572,1128,563,960,540,-168,-23,-2.25,-0.31133805167210227
573,1133,562,960,540,-173,-22,-2.40625,-0.3524932478129862
574,1137,563,960,540,-177,-23,-2.53125,-0.3076273030786516
575,1134,562,960,540,-174,-22,-2.4375,-0.3536391154904751
576,1124,563,960,540,-164,-23,-2.125,-0.31000936072822105
577,1118,562,960,540,-158,-22,-1.9375,-0.34405741457801364
578,1120,562,960,540,-160,-22,-2.0,-0.35533209197796356
579,1121,562,960,540,-161,-22,-2.03125,-0.3643101318658265
580,1122,562,960,540,-162,-22,-2.0625,-0.3643101318658265
581,1123,562,960,540,-163,-22,-2.09375,-0.3762378138750705
582,1124,561,960,540,-164,-21,-2.125,-0.4075772415159178
583,1124,561,960,540,-164,-21,-2.125,-0.3945328844926379
584,1117,561,960,540,-157,-21,-1.90625,-0.3814676172588163
585,1104,561,960,540,-144,-21,-1.5,-0.39896378678828337
586,1096,561,960,540,-136,-21,-1.25,-0.39742156064453593
587,1096,561,960,540,-136,-21,-1.25,-0.39445007934677023
588,1097,561,960,540,-137,-21,-1.28125,-0.3971524252736258
589,1097,561,960,540,-137,-21,-1.28125,-0.3981897373683636
590,1097,561,960,540,-137,-21,-1.28125,-0.3959826897239187
591,1098,561,960,540,-138,-21,-1.3125,-0.39663421887846084
592,1099,561,960,540,-139,-21,-1.34375,-0.40372564775254305
593,1099,561,960,540,-139,-21,-1.34375,-0.40238379486582865
594,1099,561,960,540,-139,-21,-1.34375,-0.41427459857379056
595,1099,560,960,540,-139,-20,-1.34375,-0.4368073221172548
596,1099,560,960,540,-139,-20,-1.34375,-0.43986943024936975
597,1097,560,960,540,-137,-20,-1.28125,-0.4293367575257805
598,1088,561,960,540,-128,-21,-1.0,-0.40117508753088127
599,1078,560,960,540,-118,-20,-0.6875,-0.4365218741528849
600,1073,561,960,540,-113,-21,-0.53125,-0.39224244348639914
601,1073,560,960,540,-113,-20,-0.53125,-0.4398665277346645
602,1074,560,960,540,-114,-20,-0.5625,-0.4436734361293093
603,1075,560,960,540,-115,-20,-0.59375,-0.44118890520480436
604,1075,560,960,540,-115,-20,-0.59375,-0.45858620533747074
605,1076,561,960,540,-116,-21,-0.625,-0.43148664677542103
606,1077,561,960,540,-117,-21,-0.65625,-0.4293523372579173
607,1078,560,960,540,-118,-20,-0.6875,-0.4580894859763194
608,1078,561,960,540,-118,-21,-0.6875,-0.4166839989868907
609,1079,561,960,540,-119,-21,-0.71875,-0.4009480331368471
610,1079,561,960,540,-119,-21,-0.71875,-0.3399842789067433
611,1082,561,960,540,-122,-21,-0.8125,-0.2888697391840096
612,1085,563,960,540,-125,-23,-0.90625,-0.11433760841456775
613,1071,563,960,540,-111,-23,-0.46875,-0.0496223898297905
614,1057,559,960,540,-97,-19,-0.03125,-0.24030603653339766
615,1058,559,960,540,-98,-19,-0.0625,-0.4116114604855119
616,1059,561,960,540,-99,-21,-0.09375,-0.4108426639453273
617,1060,562,960,540,-100,-22,-0.125,-0.3761292869657952
618,1061,561,960,540,-101,-21,-0.15625,-0.3983623669690841
619,1061,561,960,540,-101,-21,-0.15625,-0.3772761254317305
620,1060,560,960,540,-100,-20,-0.125,-0.42330561079702966
621,1059,561,960,540,-99,-21,-0.09375,-0.3803965560787206
622,1058,561,960,540,-98,-21,-0.0625,-0.3767883183040128
623,1609,537,960,540,-649,3,-17.28125,-1.4310308819157276
624,1608,538,960,540,-648,2,-17.25,-1.3939938448786906
625,1608,537,960,540,-648,3,-17.25,-1.414907087883922
626,1609,535,960,540,-649,5,-17.28125,-1.4447738562667576
627,1611,531,960,540,-651,9,-17.34375,-1.433135569406862
628,1615,521,960,540,-655,19,-17.46875,-1.5386453144674808
629,1203,569,960,540,-243,-29,-4.59375,-0.2701885477266863
630,1202,569,960,540,-242,-29,-4.5625,-0.2725532920478271
631,1202,569,960,540,-242,-29,-4.5625,-0.26647209607831246
632,1203,569,960,540,-243,-29,-4.59375,-0.25159137872483206
633,1203,570,960,540,-243,-30,-4.59375,-0.2465874730760247
634,1202,570,960,540,-242,-30,-4.5625,-0.24359911243523036
635,1195,571,960,540,-235,-31,-4.34375,-0.18126419870071286
636,1181,571,960,540,-221,-31,-3.90625,-0.20751047266394318
637,1174,571,960,540,-214,-31,-3.6875,-0.18603109059720602
638,1172,572,960,540,-212,-32,-3.625,-0.16211575982091775
639,1163,572,960,540,-203,-32,-3.34375,-0.16450167662654658
640,1150,573,960,540,-190,-33,-2.9375,-0.1385064547885766
641,1145,573,960,540,-185,-33,-2.78125,-0.11117421851786125
642,1145,573,960,540,-185,-33,-2.78125,-0.11615314248308684
643,1145,572,960,540,-185,-32,-2.78125,-0.15794165620657097
644,1145,572,960,540,-185,-32,-2.78125,-0.1623573652327419
645,1145,572,960,540,-185,-32,-2.78125,-0.17836978379807
646,1145,572,960,540,-185,-32,-2.78125,-0.16904678632911563
647,1145,572,960,540,-185,-32,-2.78125,-0.1693994635893208
648,1130,571,960,540,-170,-31,-2.3125,-0.20149532771406853
649,1116,571,960,540,-156,-31,-1.875,-0.17912818380072482
650,1116,571,960,540,-156,-31,-1.875,-0.1826538272076199
651,1116,572,960,540,-156,-32,-1.875,-0.1368080912339924
652,1115,573,960,540,-155,-33,-1.84375,-0.11577605798812662
653,1116,572,960,540,-156,-32,-1.875,-0.1517403723907882
654,1116,572,960,540,-156,-32,-1.875,-0.1551360275503162
655,1116,572,960,540,-156,-32,-1.875,-0.1475532540081339
656,1116,572,960,540,-156,-32,-1.875,-0.148812089878255
657,1116,572,960,540,-156,-32,-1.875,-0.14868720136681612
658,1102,572,960,540,-142,-32,-1.4375,-0.15673545711521397
659,1087,572,960,540,-127,-32,-0.96875,-0.15002754975899224
660,1088,573,960,540,-128,-33,-1.0,-0.1137291842110506
661,1087,573,960,540,-127,-33,-0.96875,-0.11001759233532238
662,1087,573,960,540,-127,-33,-0.96875,-0.11855496265039278
663,1087,574,960,540,-127,-34,-0.96875,-0.07565174700082955
664,1087,574,960,540,-127,-34,-0.96875,-0.08854128715612286
665,1087,574,960,540,-127,-34,-0.96875,-0.07449596655554003
666,1087,574,960,540,-127,-34,-0.96875,-0.0763602963359713
667,1087,574,960,540,-127,-34,-0.96875,-0.08356265809493624
668,1087,574,960,540,-127,-34,-0.96875,-0.09081011029775987
669,1087,574,960,540,-127,-34,-0.96875,-0.07779621808472359
670,1087,574,960,540,-127,-34,-0.96875,-0.07587883332756995
671,1087,574,960,540,-127,-34,-0.96875,-0.07902982723378504
672,1087,574,960,540,-127,-34,-0.96875,-0.08069235329340518
673,1087,574,960,540,-127,-34,-0.96875,-0.09027163460852017
674,1087,574,960,540,-127,-34,-0.96875,-0.09308688919310248
675,1086,574,960,540,-126,-34,-0.9375,-0.07832825637235374
676,1075,574,960,540,-115,-34,-0.59375,-0.06970280945692187
677,1062,575,960,540,-102,-35,-0.1875,-0.02977270042336788
678,1058,574,960,540,-98,-34,-0.0625,-0.056296446331214556
679,1058,574,960,540,-98,-34,-0.0625,-0.06386130616111196
680,1058,575,960,540,-98,-35,-0.0625,-0.026824269124074762
681,1059,575,960,540,-99,-35,-0.09375,-0.04983091388619121
682,1065,576,960,540,-105,-36,-0.28125,0.0023966091640552634
683,1076,576,960,540,-116,-36,-0.625,-0.01838635391287813
684,1084,575,960,540,-124,-35,-0.875,-0.042662542917103474
685,1086,575,960,540,-126,-35,-0.9375,-0.04332559388198276
686,1086,575,960,540,-126,-35,-0.9375,-0.05729259881560633
687,1079,575,960,540,-119,-35,-0.71875,-0.036425640743129595
688,1067,575,960,540,-107,-35,-0.34375,-0.05434568825741248
689,1060,575,960,540,-100,-35,-0.125,-0.04253081426802807
690,1059,576,960,540,-99,-36,-0.09375,0.009177372808004014
691,1058,576,960,540,-98,-36,-0.0625,0.016634536052577475
692,1058,575,960,540,-98,-35,-0.0625,-0.02292058910663486
693,1058,575,960,540,-98,-35,-0.0625,-0.0383966794735362
694,1059,575,960,540,-99,-35,-0.09375,-0.03602517798689564
695,1059,576,960,540,-99,-36,-0.09375,-0.002060182480222217
696,1059,575,960,540,-99,-35,-0.09375,-0.03307274168028962
697,1059,575,960,540,-99,-35,-0.09375,-0.03434208606062339
698,1059,576,960,540,-99,-36,-0.09375,0.0031233985751755178
699,1059,576,960,540,-99,-36,-0.09375,0.009446766834635634
700,1059,575,960,540,-99,-35,-0.09375,-0.04206657822832938
701,1059,575,960,540,-99,-35,-0.09375,-0.034933398111682834
702,1059,575,960,540,-99,-35,-0.09375,-0.03595085877854243
703,1059,576,960,540,-99,-36,-0.09375,0.0017772458896121446
704,1059,576,960,540,-99,-36,-0.09375,0.002818960517531721
705,1059,576,960,540,-99,-36,-0.09375,-0.008485375985748167
706,1059,576,960,540,-99,-36,-0.09375,0.012140591047325566
707,1059,576,960,540,-99,-36,-0.09375,-0.011802820305285566
708,1059,575,960,540,-99,-35,-0.09375,-0.044268416386038734
709,1059,575,960,540,-99,-35,-0.09375,-0.04575316805725449
710,1059,575,960,540,-99,-35,-0.09375,-0.034524150199897186
711,1059,575,960,540,-99,-35,-0.09375,-0.041283556548021405
712,1059,575,960,540,-99,-35,-0.09375,-0.03370961489624613
713,1059,575,960,540,-99,-35,-0.09375,-0.037281683312521796
714,1059,575,960,540,-99,-35,-0.09375,-0.036800266619346766
715,1059,575,960,540,-99,-35,-0.09375,-0.04701777967432874
716,1059,576,960,540,-99,-36,-0.09375,0.00038493818628282384
717,1059,576,960,540,-99,-36,-0.09375,0.00038493818628282384
718,1059,576,960,540,-99,-36,-0.09375,0.0028099392572285
719,1059,575,960,540,-99,-35,-0.09375,-0.052836305871313494
720,1059,575,960,540,-99,-35,-0.09375,-0.05580111442751012
721,1059,575,960,540,-99,-35,-0.09375,-0.04836104518190365
722,1059,575,960,540,-99,-35,-0.09375,-0.029307700697832617
723,1059,576,960,540,-99,-36,-0.09375,-0.00392370075131776
724,1059,578,960,540,-99,-38,-0.09375,0.025231563223977016
725,1058,582,960,540,-98,-42,-0.0625,0.16391910172060276
726,1057,584,960,540,-97,-44,-0.03125,0.2518198965937761
727,1056,586,960,540,-96,-46,0.0,0.3252023874607761
728,1055,587,960,540,-95,-47,0.03125,0.3698826237847854
729,1055,588,960,540,-95,-48,0.03125,0.41350066697086474
730,1054,589,960,540,-94,-49,0.0625,0.4356176839853212
731,1053,588,960,540,-93,-48,0.09375,0.39391305176125035
732,1053,587,960,540,-93,-47,0.09375,0.3601498590067762
733,1052,587,960,540,-92,-47,0.125,0.3834285848544414
734,1052,588,960,540,-92,-48,0.125,0.4613685095860629
735,1053,588,960,540,-93,-48,0.09375,0.4494811364169484
736,1053,589,960,540,-93,-49,0.09375,0.485496242298294
737,1053,590,960,540,-93,-50,0.09375,0.5047945048035578
738,1053,590,960,540,-93,-50,0.09375,0.5227185200732376
739,1053,590,960,540,-93,-50,0.09375,0.5485413392741596
740,1053,591,960,540,-93,-51,0.09375,0.5778083313335247
741,1053,591,960,540,-93,-51,0.09375,0.5760621860013053
742,1052,592,960,540,-92,-52,0.125,0.5984945999752191
743,1052,592,960,540,-92,-52,0.125,0.5711724991023204
744,1052,592,960,540,-92,-52,0.125,0.5685214105919947
745,1052,593,960,540,-92,-53,0.125,0.6145832597665433
746,1052,592,960,540,-92,-52,0.125,0.5950328464938306
747,1052,592,960,540,-92,-52,0.125,0.6159434057328868
748,1052,592,960,540,-92,-52,0.125,0.6188996805445544
749,1052,592,960,540,-92,-52,0.125,0.6068646872250059
750,1053,593,960,540,-93,-53,0.09375,0.6357523921547739
751,1053,592,960,540,-93,-52,0.09375,0.6025704030060208
752,1054,591,960,540,-94,-51,0.0625,0.5529016356104655
753,1055,590,960,540,-95,-50,0.03125,0.5681908879112751
754,1056,590,960,540,-96,-50,0.0,0.5473157263109203
755,1056,589,960,540,-96,-49,0.0,0.5006172639650943
756,1057,589,960,540,-97,-49,-0.03125,0.5068916160015171
757,1057,588,960,540,-97,-48,-0.03125,0.45004698836699886
758,1058,587,960,540,-98,-47,-0.0625,0.41050469385005917
759,1058,585,960,540,-98,-45,-0.0625,0.3302591006219462
760,1058,584,960,540,-98,-44,-0.0625,0.2906665495294545
761,1058,583,960,540,-98,-43,-0.0625,0.24959437858080413
762,527,566,960,540,433,-26,16.53125,-0.3049923549426511
763,528,566,960,540,432,-26,16.5,-0.31674790255157104
764,529,567,960,540,431,-27,16.46875,-0.27971086551453395
765,529,568,960,540,431,-28,16.46875,-0.21610596888043054
766,538,568,960,540,422,-28,16.1875,-0.24102586145099458
767,557,569,960,540,403,-29,15.59375,-0.17275707989605849
768,584,569,960,540,376,-29,14.75,-0.15456667235067467
769,622,570,960,540,338,-30,13.5625,-0.11869566495234118
770,668,572,960,540,292,-32,12.125,-0.022757660885814213
771,730,573,960,540,230,-33,10.1875,0.014451665785707446
772,779,574,960,540,181,-34,8.65625,0.045219128519501606
773,796,574,960,540,164,-34,8.125,0.03916182540306501
774,802,575,960,540,158,-35,7.9375,0.07619886244010221
775,802,574,960,540,158,-34,7.9375,0.046764678149649574
776,803,574,960,540,157,-34,7.90625,0.039638188562448606
777,809,573,960,540,151,-33,7.71875,0.018645344564664157
778,824,574,960,540,136,-34,7.25,0.03835552440559442
779,849,574,960,540,111,-34,6.46875,0.07007049591256131
780,878,574,960,540,82,-34,5.5625,0.06161978393004608
781,904,574,960,540,56,-34,4.75,0.055669401083128234
782,916,574,960,540,44,-34,4.375,0.05310945230592612
783,916,574,960,540,44,-34,4.375,0.055998009842010976
784,921,574,960,540,39,-34,4.21875,0.0519411355629098
785,936,574,960,540,24,-34,3.75,0.048470727401159985
786,957,574,960,540,3,-34,3.09375,0.05872589466321787
787,969,574,960,540,-9,-34,2.71875,0.05876354927479843
788,969,574,960,540,-9,-34,2.71875,0.06724604358410491
789,968,573,960,540,-8,-33,2.75,0.02555121805608951
790,968,573,960,540,-8,-33,2.75,0.033322793764565706
791,968,573,960,540,-8,-33,2.75,0.02991781426199669
792,968,573,960,540,-8,-33,2.75,0.03169037380817685
793,968,572,960,540,-8,-32,2.75,0.0009408688811929355
794,968,572,960,540,-8,-32,2.75,-0.014426342976836315
795,980,572,960,540,-20,-32,2.375,-0.0012495897942730316
796,993,572,960,540,-33,-32,1.96875,0.015053079209336628
797,996,573,960,540,-36,-33,1.875,0.033701222163121436
798,997,573,960,540,-37,-33,1.84375,0.023159067029746128
799,998,573,960,540,-38,-33,1.8125,0.020035410204100268
800,998,573,960,540,-38,-33,1.8125,0.025611895035005938
801,998,574,960,540,-38,-34,1.8125,0.04810664189476754
802,998,574,960,540,-38,-34,1.8125,0.04801733906554051
803,998,575,960,540,-38,-35,1.8125,0.07663407044598602
804,998,576,960,540,-38,-36,1.8125,0.113671107483023
805,1010,576,960,540,-50,-36,1.4375,0.11095494400714889
806,1024,577,960,540,-64,-37,1.0,0.140730359025401
807,1027,576,960,540,-67,-36,0.90625,0.11202366871663072
808,1028,577,960,540,-68,-37,0.875,0.14290891554905438
809,1029,578,960,540,-69,-38,0.84375,0.20030621868395437
810,1029,578,960,540,-69,-38,0.84375,0.2169602040716374
811,1030,579,960,540,-70,-39,0.8125,0.2539972411086744
812,1030,578,960,540,-70,-38,0.8125,0.19145007757171006
813,1031,578,960,540,-71,-38,0.78125,0.208169631870325
814,1030,577,960,540,-70,-37,0.8125,0.19472038571638972
815,1029,575,960,540,-69,-35,0.84375,0.10585619102066368
816,1028,575,960,540,-68,-35,0.875,0.11163545428810284
817,1027,575,960,540,-67,-35,0.90625,0.13564165179163745
818,1026,574,960,540,-66,-34,0.9375,0.08823368883284921
819,1025,574,960,540,-65,-34,0.96875,0.1066214599643136
820,1024,573,960,540,-64,-33,1.0,0.058503152134468994
821,1023,573,960,540,-63,-33,1.03125,0.06719635587336126
822,1021,573,960,540,-61,-33,1.09375,0.07947475035556328
823,1020,572,960,540,-60,-32,1.125,0.026513991590394248
824,1018,572,960,540,-58,-32,1.1875,0.026513991590394248
825,1027,573,960,540,-67,-33,0.90625,0.046974668390065366
826,1039,573,960,540,-79,-33,0.53125,0.060655114201837446
827,1042,573,960,540,-82,-33,0.4375,0.055077045155212945
828,1041,572,960,540,-81,-32,0.46875,0.012310184247965816
829,1040,572,960,540,-80,-32,0.5,0.031235413525018574
830,1040,572,960,540,-80,-32,0.5,0.03211572890029579
831,1038,572,960,540,-78,-32,0.5625,0.004473705123919203
832,1031,572,960,540,-71,-32,0.78125,0.010813470930851166
833,1019,572,960,540,-59,-32,1.15625,-0.0023429376186403505
834,1012,571,960,540,-52,-31,1.375,-0.042759728375846295
835,1014,570,960,540,-54,-30,1.3125,-0.04806791181679215
836,1023,571,960,540,-63,-31,1.03125,-0.019175978768186663
837,1035,570,960,540,-75,-30,0.65625,-0.03197668829429423
838,1039,570,960,540,-79,-30,0.53125,-0.03197668829429423
839,1039,570,960,540,-79,-30,0.53125,-0.02926695569740101
840,1040,570,960,540,-80,-30,0.5,-0.021553037742848558
841,1040,569,960,540,-80,-29,0.5,-0.07810836611062566
842,1040,569,960,540,-80,-29,0.5,-0.0653592333056805
843,1040,568,960,540,-80,-28,0.5,-0.08789042710434747
844,1040,568,960,540,-80,-28,0.5,-0.0895537345476165
845,1041,568,960,540,-81,-28,0.46875,-0.0823167367817843
846,1041,568,960,540,-81,-28,0.46875,-0.08136774235108057
847,1041,567,960,540,-81,-27,0.46875,-0.13447601778331464
848,1041,567,960,540,-81,-27,0.46875,-0.11703419923623093
849,1042,567,960,540,-82,-27,0.4375,-0.11948883112255815
850,1042,567,960,540,-82,-27,0.4375,-0.15810996334180483
851,1044,566,960,540,-84,-26,0.375,-0.16290600343283435
852,1045,565,960,540,-85,-25,0.34375,-0.1954088939250873
853,1047,565,960,540,-87,-25,0.28125,-0.21479616093433718
854,1049,564,960,540,-89,-24,0.21875,-0.23607410145977914
855,1051,563,960,540,-91,-23,0.15625,-0.2671197325800476
856,1054,562,960,540,-94,-22,0.0625,-0.29359609184900337
857,1056,561,960,540,-96,-21,0.0,-0.3385125106337581
858,1057,561,960,540,-97,-21,-0.03125,-0.33643874493224146
859,1058,560,960,540,-98,-20,-0.0625,-0.383628814608558
860,1059,558,960,540,-99,-18,-0.09375,-0.4620824495490158
861,1059,558,960,540,-99,-18,-0.09375,-0.45822255457928185
862,1058,559,960,540,-98,-19,-0.0625,-0.4387493680753427
863,1056,560,960,540,-96,-20,0.0,-0.37178044428484136
864,1054,560,960,540,-94,-20,0.0625,-0.3675297839851628
865,1051,560,960,540,-91,-20,0.15625,-0.36400554088074455
866,1049,561,960,540,-89,-21,0.21875,-0.3178638982946469
867,1047,562,960,540,-87,-22,0.28125,-0.2792280867945479
868,1045,562,960,540,-85,-22,0.34375,-0.28301407959736624
869,1044,562,960,540,-84,-22,0.375,-0.28297454613562134
870,1042,563,960,540,-82,-23,0.4375,-0.2377649843072902
871,1040,564,960,540,-80,-24,0.5,-0.20811558418405562
872,1038,565,960,540,-78,-25,0.5625,-0.18738561448601798
873,1036,567,960,540,-76,-27,0.625,-0.13275066883979547
874,1035,569,960,540,-75,-29,0.65625,-0.06450225042791513
875,1034,570,960,540,-74,-30,0.6875,-0.024771728393065517
876,1033,571,960,540,-73,-31,0.71875,-0.02034972185827799
877,1034,573,960,540,-74,-33,0.6875,0.05215115326586561
878,1041,574,960,540,-81,-34,0.46875,0.08596164446392107
879,1051,575,960,540,-91,-35,0.15625,0.10234744314706123
880,1608,561,960,540,-648,-21,-17.25,-0.6087056273447515
881,1609,562,960,540,-649,-22,-17.28125,-0.5758877789525393
882,1608,562,960,540,-648,-22,-17.25,-0.5933124421263184
883,1603,561,960,540,-643,-21,-17.09375,-0.5858145148179534
884,1592,560,960,540,-632,-20,-16.75,-0.6500686219968832
885,1584,560,960,540,-624,-20,-16.5,-0.6749098281410368
886,1583,561,960,540,-623,-21,-16.46875,-0.6588877505641082
887,1583,561,960,540,-623,-21,-16.46875,-0.5928872817601181
888,1574,560,960,540,-614,-20,-16.1875,-0.6966372015379338
889,1534,561,960,540,-574,-21,-14.9375,-0.6267376476759843
890,1481,563,960,540,-521,-23,-13.28125,-0.517586776679932
891,1432,564,960,540,-472,-24,-11.75,-0.47851773904831596
892,1354,566,960,540,-394,-26,-9.3125,-0.44455633289854457
893,1288,567,960,540,-328,-27,-7.25,-0.3760702316483657
894,1260,568,960,540,-300,-28,-6.375,-0.3042830251472277
895,1245,570,960,540,-285,-30,-5.90625,-0.19986398641511927
896,1240,571,960,540,-280,-31,-5.75,-0.18514956140714878
897,1240,571,960,540,-280,-31,-5.75,-0.17740155577601735
898,1224,571,960,540,-264,-31,-5.25,-0.17190280250678724
899,1193,570,960,540,-233,-30,-4.28125,-0.22304418678696725
900,1163,571,960,540,-203,-31,-3.34375,-0.1632298097380176
901,1137,572,960,540,-177,-32,-2.53125,-0.13768373243593102
902,1126,572,960,540,-166,-32,-2.1875,-0.15392192633640844
903,1126,573,960,540,-166,-33,-2.1875,-0.11498029092031636
904,1113,574,960,540,-153,-34,-1.78125,-0.04781654602614838
905,1101,574,960,540,-141,-34,-1.40625,-0.07264030129601973
906,1101,574,960,540,-141,-34,-1.40625,-0.056159475331028386
907,1101,574,960,540,-141,-34,-1.40625,-0.07052021299119193
908,1101,573,960,540,-141,-33,-1.40625,-0.09157599344706857
909,1102,572,960,540,-142,-32,-1.4375,-0.12861303048410555
910,1115,571,960,540,-155,-31,-1.84375,-0.22996847054969471
911,1130,570,960,540,-170,-30,-2.3125,-0.271052407947892
912,1131,570,960,540,-171,-30,-2.34375,-0.25627260791977946
913,1127,569,960,540,-167,-29,-2.21875,-0.2865919739687901
914,1115,570,960,540,-155,-30,-1.84375,-0.23571194369346138
915,1104,571,960,540,-144,-31,-1.5,-0.16647390011003393
916,1102,571,960,540,-142,-31,-1.4375,-0.15066479727882598
917,1094,572,960,540,-134,-32,-1.1875,-0.14202337719505764
918,1086,572,960,540,-126,-32,-0.9375,-0.14202337719505764
919,1080,572,960,540,-120,-32,-0.75,-0.1352685300266192
920,1074,573,960,540,-114,-33,-0.5625,-0.09841221816381074
921,1074,573,960,540,-114,-33,-0.5625,-0.0951265668524488
922,1075,573,960,540,-115,-33,-0.59375,-0.10405697477325959
923,1077,572,960,540,-117,-32,-0.65625,-0.1617939353103972
924,1091,570,960,540,-131,-30,-1.09375,-0.22957920518988995
925,1107,570,960,540,-147,-30,-1.59375,-0.24628182060233872
926,1110,570,960,540,-150,-30,-1.6875,-0.2445546739362321
927,1110,569,960,540,-150,-29,-1.6875,-0.26894814347438123
928,1107,570,960,540,-147,-30,-1.59375,-0.23461303504699016
929,1093,569,960,540,-133,-29,-1.15625,-0.2830451292308356
930,1083,568,960,540,-123,-28,-0.84375,-0.32753992513825825
931,1084,568,960,540,-124,-28,-0.875,-0.31038072512309345
932,1083,568,960,540,-123,-28,-0.84375,-0.31377276143306476
933,1083,567,960,540,-123,-27,-0.84375,-0.3530644491492083
934,1082,566,960,540,-122,-26,-0.8125,-0.3695232729187713
935,1081,566,960,540,-121,-26,-0.78125,-0.3569332449066317
936,1080,566,960,540,-120,-26,-0.75,-0.3416809918929836
937,1078,566,960,540,-118,-26,-0.6875,-0.3589800862000302
938,1077,565,960,540,-117,-25,-0.65625,-0.400084313106446
939,1075,565,960,540,-115,-25,-0.59375,-0.39089411171746447
940,1073,566,960,540,-113,-26,-0.53125,-0.3665810132164077
941,1072,566,960,540,-112,-26,-0.5,-0.36822883283614993
942,1071,567,960,540,-111,-27,-0.46875,-0.3308864011593162
943,1069,567,960,540,-109,-27,-0.40625,-0.3592872935579492
944,1053,567,960,540,-93,-27,0.09375,-0.29596415174049273
945,1040,566,960,540,-80,-26,0.5,-0.3240924220222684
946,1041,566,960,540,-81,-26,0.46875,-0.32679267851830407
947,1042,565,960,540,-82,-25,0.4375,-0.384287321697957
948,1052,565,960,540,-92,-25,0.125,-0.39569929176499063
949,412,573,960,540,548,-33,20.125,-0.03509325015795506
950,417,573,960,540,543,-33,19.96875,-0.04143831440852419
951,416,573,960,540,544,-33,20.0,-0.033087634150376743
952,418,574,960,540,542,-34,19.9375,0.005394457271518993
953,427,574,960,540,533,-34,19.65625,-0.002972244401686419
954,444,575,960,540,516,-35,19.125,0.06622782141369576
955,473,576,960,540,487,-36,18.21875,0.10919362548055656
956,490,577,960,540,470,-37,17.6875,0.14623066251759353
957,542,578,960,540,418,-38,16.0625,0.22726807603826948
958,625,580,960,540,335,-40,13.46875,0.28153945635545474
959,716,582,960,540,244,-42,10.625,0.3884860610559626
960,792,582,960,540,168,-42,8.25,0.34960212136989455
961,825,581,960,540,135,-41,7.21875,0.3335526510113531
962,849,580,960,540,111,-40,6.46875,0.2882714390868253
963,864,580,960,540,96,-40,6.0,0.30962657652767733
964,868,580,960,540,92,-40,5.875,0.3007719897975736
965,870,580,960,540,90,-40,5.8125,0.27001841297342977
966,873,581,960,540,87,-41,5.71875,0.30705545001046675
967,907,581,960,540,53,-41,4.65625,0.33357065607976977
968,951,581,960,540,9,-41,3.28125,0.30094669592683876
969,966,581,960,540,-6,-41,2.8125,0.2831040289025035
970,972,582,960,540,-12,-42,2.625,0.3580334982535036
971,977,584,960,540,-17,-44,2.46875,0.40522357047501933
972,982,585,960,540,-22,-45,2.3125,0.4857846830389019
973,977,587,960,540,-17,-47,2.46875,0.5348642200255727
974,969,588,960,540,-9,-48,2.71875,0.561784786536258
975,961,589,960,540,-1,-49,2.96875,0.6146910020613374
976,953,589,960,540,7,-49,3.21875,0.6125414178921744
977,944,589,960,540,16,-49,3.5,0.604936425805715
978,940,589,960,540,20,-49,3.625,0.6059046812063817
979,943,589,960,540,17,-49,3.53125,0.6392293305883725
980,948,590,960,540,12,-50,3.375,0.6469554566248299
981,948,590,960,540,12,-50,3.375,0.677759333817679
982,954,591,960,540,6,-51,3.1875,0.6868234617130635
983,968,592,960,540,-8,-52,2.75,0.7195322304125853
984,980,592,960,540,-20,-52,2.375,0.7212899597714699
985,985,592,960,540,-25,-52,2.21875,0.7265236484281892
986,989,591,960,540,-29,-51,2.09375,0.7312206252670941
987,996,587,960,540,-36,-47,1.875,0.5536131221902718
988,998,579,960,540,-38,-39,1.8125,0.2838532673186751
989,991,575,960,540,-31,-35,2.03125,0.11612441128378825
990,978,576,960,540,-18,-36,2.4375,0.1446149617135013
991,964,578,960,540,-4,-38,2.875,0.21014553857713691
992,942,581,960,540,18,-41,3.5625,0.32764518654979935
993,915,588,960,540,45,-48,4.40625,0.6008146189093668
994,891,600,960,540,69,-60,5.15625,1.0087810992849655
995,869,608,960,540,91,-68,5.84375,1.311838143686551
996,848,608,960,540,112,-68,6.5,1.2822783487698908
997,832,607,960,540,128,-67,7.0,1.2481154257918312
998,822,605,960,540,138,-65,7.3125,1.209608993698074
999,809,603,960,540,151,-63,7.71875,1.0958103906513432
1000,798,601,960,540,162,-61,8.0625,1.0166964660474476
1001,800,595,960,540,160,-55,8.0,0.827935565659198
1002,813,587,960,540,147,-47,7.59375,0.5221200037856839
1003,829,585,960,540,131,-45,7.09375,0.46377200246567374
1004,837,586,960,540,123,-46,6.84375,0.49684879851666586
1005,841,586,960,540,119,-46,6.71875,0.5013903899055303
1006,862,586,960,540,98,-46,6.0625,0.5136907352722364
1007,892,586,960,540,68,-46,5.125,0.4897296515435312
1008,909,587,960,540,51,-47,4.59375,0.5373668699664593
1009,917,586,960,540,43,-46,4.34375,0.48533727545929417
1010,920,586,960,540,40,-46,4.25,0.5021474015388767
1011,925,585,960,540,35,-45,4.09375,0.46104568998746975
1012,935,585,960,540,25,-45,3.78125,0.4651173727054132
1013,943,585,960,540,17,-45,3.53125,0.48466991865528253
1014,944,585,960,540,16,-45,3.5,0.47725479008134664
1015,949,585,960,540,11,-45,3.34375,0.4656601110804821
1016,959,585,960,540,1,-45,3.03125,0.48336514515587203
1017,967,585,960,540,-7,-45,2.78125,0.47342812335893436
1018,970,584,960,540,-10,-44,2.6875,0.4445402249355985
1019,973,584,960,540,-13,-44,2.59375,0.4368753759281434
1020,977,583,960,540,-17,-43,2.46875,0.40443765141116894
1021,984,581,960,540,-24,-41,2.25,0.3491616524287964
1022,998,580,960,540,-38,-40,1.8125,0.32755288528989857
1023,1013,579,960,540,-53,-39,1.34375,0.2761743359416544
1024,1027,578,960,540,-67,-38,0.90625,0.24040755186633223
1025,1045,577,960,540,-85,-37,0.34375,0.19424560814430958
1026,1064,576,960,540,-104,-36,-0.25,0.17988869424110887
1027,1080,575,960,540,-120,-35,-0.75,0.11718705655138884
1028,1094,576,960,540,-134,-36,-1.1875,0.16274566549888791
1029,1114,577,960,540,-154,-37,-1.8125,0.19677021741371004
1030,1137,578,960,540,-177,-38,-2.53125,0.2554853564886703
1031,1155,579,960,540,-195,-39,-3.09375,0.27800604339401347
1032,1171,579,960,540,-211,-39,-3.59375,0.26024928128648117
1033,1196,579,960,540,-236,-39,-4.375,0.2906219775763821
1034,1223,577,960,540,-263,-37,-5.21875,0.2036398952996039
1035,1236,575,960,540,-276,-35,-5.625,0.16216815821638697
1036,1247,573,960,540,-287,-33,-5.96875,0.07263656843463573
1037,1265,570,960,540,-305,-30,-6.53125,-0.012032390324477449
1038,1274,568,960,540,-314,-28,-6.8125,-0.08810363127050769
1039,1270,567,960,540,-310,-27,-6.6875,-0.11932244592376962
1040,1265,567,960,540,-305,-27,-6.53125,-0.14031114415296475
1041,1266,567,960,540,-306,-27,-6.5625,-0.13074685324348279
1042,1274,566,960,540,-314,-26,-6.8125,-0.19429328415490266
1043,1278,566,960,540,-318,-26,-6.9375,-0.20342334231346315
1044,1258,565,960,540,-298,-25,-6.3125,-0.1930901724747447
1045,1230,566,960,540,-270,-26,-5.4375,-0.1610043900384449
1046,1220,566,960,540,-260,-26,-5.125,-0.1610043900384449
1047,1223,566,960,540,-263,-26,-5.21875,-0.1784414135224991
1048,1225,567,960,540,-265,-27,-5.28125,-0.141404376485462
1049,1216,568,960,540,-256,-28,-5.0,-0.08361697529722045
1050,1193,569,960,540,-233,-29,-4.28125,-0.037656532557601485
1051,1180,569,960,540,-220,-29,-3.875,-0.04503008789797058
1052,1181,570,960,540,-221,-30,-3.90625,-0.013746740845817618
1053,1179,569,960,540,-219,-29,-3.84375,-0.038181162071978525
1054,1171,569,960,540,-211,-29,-3.59375,-0.03159428810432696
1055,1161,569,960,540,-201,-29,-3.28125,-0.04318790252189553
1056,1155,570,960,540,-195,-30,-3.09375,0.005556177679296059
1057,1155,570,960,540,-195,-30,-3.09375,-0.00041810760722960083
1058,1156,571,960,540,-196,-31,-3.125,0.05465480710890214
1059,1156,571,960,540,-196,-31,-3.125,0.05310732561985909
1060,1155,571,960,540,-195,-31,-3.09375,0.05183480138415586
1061,1154,570,960,540,-194,-30,-3.0625,0.01895162872689715
1062,1150,571,960,540,-190,-31,-2.9375,0.07184258499265317
1063,1136,571,960,540,-176,-31,-2.5,0.06796060743847443
1064,1125,571,960,540,-165,-31,-2.15625,0.07172972090999541
1065,1124,571,960,540,-164,-31,-2.125,0.059911610240452884
1066,1123,571,960,540,-163,-31,-2.09375,0.06802714193327475
1067,1123,571,960,540,-163,-31,-2.09375,0.05147611892919857
1068,1122,571,960,540,-162,-31,-2.0625,0.06818585776812291
1069,1121,571,960,540,-161,-31,-2.03125,0.0545167703528342
1070,1116,571,960,540,-156,-31,-1.875,0.03977821071178589
1071,1101,571,960,540,-141,-31,-1.40625,0.05572849019410797
1072,1089,571,960,540,-129,-31,-1.03125,0.06127775404201419
1073,1088,571,960,540,-128,-31,-1.0,0.053679296913459185
1074,1087,571,960,540,-127,-31,-0.96875,0.05668371792657534
1075,1085,570,960,540,-125,-30,-0.90625,0.03867029387620846
1076,1084,569,960,540,-124,-29,-0.875,-0.02271968424032411
1077,1081,568,960,540,-121,-28,-0.78125,-0.04604511226939656
1078,1078,567,960,540,-118,-27,-0.6875,-0.09429975562198667
1079,1073,567,960,540,-113,-27,-0.53125,-0.07812165536841964
1080,1070,567,960,540,-110,-27,-0.4375,-0.10032896883313502
1081,1065,568,960,540,-105,-28,-0.28125,-0.05336954662595095
1082,1056,568,960,540,-96,-28,0.0,-0.04464515848434969
1083,1044,569,960,540,-84,-29,0.375,-0.028365512027071382
1084,1032,569,960,540,-72,-29,0.75,-0.012734678057619186
1085,1019,570,960,540,-59,-30,1.15625,0.010239345838730873
1086,1006,570,960,540,-46,-30,1.5625,0.0141344370325438
1087,985,570,960,540,-25,-30,2.21875,0.012399211927406562
1088,962,571,960,540,-2,-31,2.9375,0.028699111349816953
1089,948,570,960,540,12,-30,3.375,0.014756886819537796
1090,939,570,960,540,21,-30,3.65625,-0.0007244368368322096
1091,928,570,960,540,32,-30,4.0,0.010892172841955094
1092,909,571,960,540,51,-31,4.59375,0.03596344706907795
1093,891,571,960,540,69,-31,5.15625,0.011392438254467452
1094,888,573,960,540,72,-33,5.25,0.10200070168369924
1095,891,575,960,540,69,-35,5.15625,0.15655356269978782
1096,885,576,960,540,75,-36,5.34375,0.19759215037745292
1097,874,576,960,540,86,-36,5.6875,0.21663016162819781
1098,873,576,960,540,87,-36,5.71875,0.1923804795497468
1099,883,576,960,540,77,-36,5.40625,0.18594909823924732
1100,893,577,960,540,67,-37,5.09375,0.2589672989663896
1101,896,578,960,540,64,-38,5.0,0.2957305613039045
1102,894,580,960,540,66,-40,5.0625,0.37578304936047435
1103,895,581,960,540,65,-41,5.03125,0.3880154564277014
1104,914,582,960,540,46,-42,4.4375,0.43933899135038446
1105,932,582,960,540,28,-42,3.875,0.4122408959318695
1106,935,583,960,540,25,-43,3.78125,0.4492779329689067
1107,935,583,960,540,25,-43,3.78125,0.46208302501738463
1108,935,584,960,540,25,-44,3.78125,0.4923066377757426
1109,943,584,960,540,17,-44,3.53125,0.4975252399861807
1110,955,584,960,540,5,-44,3.15625,0.4997841037375983
1111,962,584,960,540,-2,-44,2.9375,0.5036889329353404
1112,964,584,960,540,-4,-44,2.875,0.5170765951668863
1113,969,583,960,540,-9,-43,2.71875,0.45937960364577957
1114,979,583,960,540,-19,-43,2.40625,0.49419772030415254
1115,996,583,960,540,-36,-43,1.875,0.4798218738113629
1116,1011,581,960,540,-51,-41,1.40625,0.4116634303735771
1117,1022,579,960,540,-62,-39,1.0625,0.3378308471978546
1118,1032,576,960,540,-72,-36,0.75,0.2744424437021671
1119,1044,574,960,540,-84,-34,0.375,0.1814900395637471
1120,1053,574,960,540,-93,-34,0.09375,0.16999843061438003
1121,1060,573,960,540,-100,-33,-0.125,0.14710006952614396
1122,1061,571,960,540,-101,-31,-0.15625,0.05655955003098079
1123,1066,569,960,540,-106,-29,-0.3125,-0.0071180564278430225
1124,1079,568,960,540,-119,-28,-0.71875,-0.03864255671135908
1125,1094,567,960,540,-134,-27,-1.1875,-0.07004159973152357
1126,1105,567,960,540,-145,-27,-1.53125,-0.07004159973152357
1127,1113,567,960,540,-153,-27,-1.78125,-0.06968446564837705
1128,1121,567,960,540,-161,-27,-2.03125,-0.0651391338149816
1129,1126,568,960,540,-166,-28,-2.1875,-0.03456557563892271
1130,1124,568,960,540,-164,-28,-2.125,-0.020765196657825502
1131,1118,568,960,540,-158,-28,-1.9375,-0.05461648535111552
1132,1118,568,960,540,-158,-28,-1.9375,-0.0118894885004448
1133,1121,568,960,540,-161,-28,-2.03125,-0.02809241852075295
1134,1119,568,960,540,-159,-28,-1.96875,-0.07072729724238691
1135,1111,569,960,540,-151,-29,-1.71875,-0.01348473621578039
1136,1108,568,960,540,-148,-28,-1.625,-0.045944427746645644
1137,1110,568,960,540,-150,-28,-1.6875,-0.033873176863098875
1138,1113,568,960,540,-153,-28,-1.78125,-0.03961716977549834
1139,1115,568,960,540,-155,-28,-1.84375,-0.026673966187146902
1140,1119,567,960,540,-159,-27,-1.96875,-0.055260185242709925
1141,1121,567,960,540,-161,-27,-2.03125,-0.055260185242709925
1142,1118,567,960,540,-158,-27,-1.9375,-0.041668299449197255
1143,1112,567,960,540,-152,-27,-1.75,-0.06950431561793402
1144,1112,567,960,540,-152,-27,-1.75,-0.044980460637148445
1145,1117,568,960,540,-157,-28,-1.90625,-0.015926288614114714
1146,1122,569,960,540,-162,-29,-2.0625,-0.0037446341296776264
1147,1131,569,960,540,-171,-29,-2.34375,0.0017597435111327275
1148,1140,570,960,540,-180,-30,-2.625,0.05938081272873963
1149,1147,570,960,540,-187,-30,-2.84375,0.029953474408541236
1150,1154,572,960,540,-194,-32,-3.0625,0.07724144960199464
1151,1152,574,960,540,-192,-34,-3.0,0.1551786217002864
1152,1148,575,960,540,-188,-35,-2.875,0.19952684262083076
1153,1154,575,960,540,-194,-35,-3.0625,0.15171345263409797
1154,1160,576,960,540,-200,-36,-3.25,0.2452192397878179
1155,1160,576,960,540,-200,-36,-3.25,0.18086786698662993
1156,1155,576,960,540,-195,-36,-3.09375,0.2179281551829011
1157,1155,577,960,540,-195,-37,-3.09375,0.253406921325837
1158,1160,578,960,540,-200,-38,-3.25,0.301752323372771
1159,1159,579,960,540,-199,-39,-3.21875,0.3270238711527065
1160,1152,580,960,540,-192,-40,-3.0,0.3553013700347738
1161,1153,580,960,540,-193,-40,-3.03125,0.38574562316526695
1162,1159,581,960,540,-199,-41,-3.21875,0.4215189296353079
1163,1163,581,960,540,-203,-41,-3.34375,0.4161088884892181
1164,1163,582,960,540,-203,-42,-3.34375,0.46125597319098954
1165,1156,583,960,540,-196,-43,-3.125,0.4812039005852575
1166,1155,584,960,540,-195,-44,-3.09375,0.518533400070285
1167,1160,585,960,540,-200,-45,-3.25,0.5463079849411678
1168,1164,586,960,540,-204,-46,-3.375,0.6023665604250623
1169,1164,587,960,540,-204,-47,-3.375,0.6321695537712513
1170,1156,587,960,540,-196,-47,-3.125,0.6228910866713897
1171,1152,589,960,540,-192,-49,-3.0,0.6646325637998025
1172,1156,590,960,540,-196,-50,-3.125,0.7185667617430738
1173,1158,590,960,540,-198,-50,-3.1875,0.7132259564723666
1174,1154,590,960,540,-194,-50,-3.0625,0.7542153171676331
1175,1143,590,960,540,-183,-50,-2.71875,0.7088709298594595
1176,1138,590,960,540,-178,-50,-2.5625,0.7223340261798619
1177,1139,590,960,540,-179,-50,-2.59375,0.7154109295271931
1178,1141,586,960,540,-181,-46,-2.65625,0.6083979714148222
1179,1142,572,960,540,-182,-32,-2.6875,0.105335602566754
1180,1142,563,960,540,-182,-23,-2.6875,-0.24012947234607096
1181,1142,563,960,540,-182,-23,-2.6875,-0.24432093161324664
1182,1140,562,960,540,-180,-22,-2.625,-0.30656878358391404
1183,1132,561,960,540,-172,-21,-2.375,-0.3149285575472105
1184,1120,561,960,540,-160,-21,-2.0,-0.3304884464327882
1185,1113,561,960,540,-153,-21,-1.78125,-0.3190406624646773
1186,1112,559,960,540,-152,-19,-1.75,-0.39900615712705023
1187,1111,559,960,540,-151,-19,-1.71875,-0.39807593653747153
1188,1111,559,960,540,-151,-19,-1.71875,-0.39807593653747153
1189,1110,559,960,540,-150,-19,-1.6875,-0.3979459404275485
1190,1110,559,960,540,-150,-19,-1.6875,-0.4090147815394878
1191,1109,558,960,540,-149,-18,-1.65625,-0.44210912008373693
1192,1108,558,960,540,-148,-18,-1.625,-0.44843139429676226
1193,1102,558,960,540,-142,-18,-1.4375,-0.4361762393153744
1194,1087,558,960,540,-127,-18,-0.96875,-0.41723128439993096
1195,1077,558,960,540,-117,-18,-0.65625,-0.40650125394218983
1196,1077,557,960,540,-117,-17,-0.65625,-0.43794695979527876
1197,1077,557,960,540,-117,-17,-0.65625,-0.4541087812342559
1198,1078,557,960,540,-118,-17,-0.6875,-0.4536651466932762
1199,1079,558,960,540,-119,-18,-0.71875,-0.4335990672311213
1200,1081,559,960,540,-121,-19,-0.78125,-0.38155699518964115
1201,1082,559,960,540,-122,-19,-0.8125,-0.39900782092361964
1202,1083,560,960,540,-123,-20,-0.84375,-0.3580195538408477
1203,1085,561,960,540,-125,-21,-0.90625,-0.32395826640561487
1204,1087,561,960,540,-127,-21,-0.96875,-0.31803229119136067
1205,1089,562,960,540,-129,-22,-1.03125,-0.2783940341017429
1206,1090,562,960,540,-130,-22,-1.0625,-0.285678511915057
1207,1091,563,960,540,-131,-23,-1.09375,-0.2486414748780199
1208,1091,562,960,540,-131,-22,-1.09375,-0.268269850434142
1209,1092,562,960,540,-132,-22,-1.125,-0.2652247595721938
1210,1091,562,960,540,-131,-22,-1.09375,-0.24950416154790267
1211,1090,561,960,540,-130,-21,-1.0625,-0.2990781595641847
1212,1089,560,960,540,-129,-20,-1.03125,-0.3240667092041325
1213,1079,559,960,540,-119,-19,-0.71875,-0.346491715359577
1214,1061,559,960,540,-101,-19,-0.15625,-0.37766521444824397
1215,1052,558,960,540,-92,-18,0.125,-0.39892455064396903
1216,1050,558,960,540,-90,-18,0.1875,-0.4196193583033071
1217,1049,557,960,540,-89,-17,0.21875,-0.45925393275260973
1218,1059,557,960,540,-99,-17,-0.09375,-0.4252521629945063
1219,1069,556,960,540,-109,-16,-0.40625,-0.4768302210480968
1220,1069,556,960,540,-109,-16,-0.40625,-0.45888007607319015
1221,1068,556,960,540,-108,-16,-0.375,-0.464108248922912
1222,1066,555,960,540,-106,-15,-0.3125,-0.5118229103936471
1223,1063,554,960,540,-103,-14,-0.21875,-0.545713209647594
1224,1060,554,960,540,-100,-14,-0.125,-0.5327742953292088
1225,1058,553,960,540,-98,-13,-0.0625,-0.5727218079132776
1226,1054,556,960,540,-94,-16,0.0625,-0.5160140911355127
1227,1048,564,960,540,-88,-24,0.25,-0.15430201360464912
1228,1044,569,960,540,-84,-29,0.375,0.034015383203759963
1229,1041,569,960,540,-81,-29,0.46875,0.007996414601786572
1230,1035,569,960,540,-75,-29,0.65625,0.032806683384530855
1231,1028,568,960,540,-68,-28,0.875,-0.003064351019695488
1232,1020,568,960,540,-60,-28,1.125,-0.03134717602810233
1233,1011,568,960,540,-51,-28,1.40625,-0.02023368799800096
1234,1004,567,960,540,-44,-27,1.625,-0.039265493222378156
1235,999,567,960,540,-39,-27,1.78125,-0.039265493222378156
1236,994,566,960,540,-34,-26,1.9375,-0.10472652570486118
1237,984,566,960,540,-24,-26,2.25,-0.09750526471421572
1238,976,566,960,540,-16,-26,2.5,-0.08770645059424498
1239,976,566,960,540,-16,-26,2.5,-0.09861949766551825
1240,981,566,960,540,-21,-26,2.34375,-0.09918031717564213
1241,980,566,960,540,-20,-26,2.375,-0.10372116662463038
1242,975,566,960,540,-15,-26,2.53125,-0.10384456211607807
1243,978,565,960,540,-18,-25,2.4375,-0.16493467496402214
1244,983,565,960,540,-23,-25,2.28125,-0.1693479784997658
1245,978,564,960,540,-18,-24,2.4375,-0.2045901559003045
1246,969,563,960,540,-9,-23,2.71875,-0.23557914047970963
1247,963,563,960,540,-3,-23,2.90625,-0.2760002081130051
1248,958,563,960,540,2,-23,3.0625,-0.23884468292680294
1249,952,563,960,540,8,-23,3.25,-0.2714061662836369
1250,952,562,960,540,8,-22,3.25,-0.2675849928570523
1251,959,562,960,540,1,-22,3.03125,-0.2725149325460746
1252,963,560,960,540,-3,-20,2.90625,-0.34313897052250675
1253,961,559,960,540,-1,-19,2.96875,-0.378810290302122
1254,959,558,960,540,1,-18,3.03125,-0.4158473273391591
1255,968,557,960,540,-8,-17,2.75,-0.46443266932839844
1256,975,555,960,540,-15,-15,2.53125,-0.4959371795133891
1257,973,553,960,540,-13,-13,2.59375,-0.5834249302087215
1258,969,552,960,540,-9,-12,2.71875,-0.6448352117182081
1259,965,552,960,540,-5,-12,2.84375,-0.6403690025552238
1260,970,551,960,540,-10,-11,2.6875,-0.6955752378449247
1261,980,551,960,540,-20,-11,2.375,-0.7053653829555246
1262,983,552,960,540,-23,-12,2.28125,-0.7009264482622792
1263,980,553,960,540,-20,-13,2.375,-0.6679917449607986
1264,976,554,960,540,-16,-14,2.5,-0.6208610923067245
1265,972,553,960,540,-12,-13,2.625,-0.6533322853066239
1266,969,553,960,540,-9,-13,2.71875,-0.6893461085350672
1267,966,553,960,540,-6,-13,2.8125,-0.6700289413593448
1268,964,553,960,540,-4,-13,2.875,-0.6667241622320046
1269,969,552,960,540,-9,-12,2.71875,-0.721398164200517
1270,979,553,960,540,-19,-13,2.40625,-0.6648785588779116
1271,985,553,960,540,-25,-13,2.21875,-0.6625239665482332
1272,985,553,960,540,-25,-13,2.21875,-0.6742661911752332
1273,991,559,960,540,-31,-19,2.03125,-0.46247579305773523
1274,1003,570,960,540,-43,-30,1.65625,-0.06473969050352335
1275,1013,580,960,540,-53,-40,1.34375,0.31512905187408435
1276,1017,584,960,540,-57,-44,1.21875,0.4644441827946688
1277,1018,584,960,540,-58,-44,1.1875,0.47337128824955954
1278,1019,583,960,540,-59,-43,1.15625,0.4417604006871332
1279,1021,576,960,540,-61,-36,1.09375,0.2162867297828952
1280,1023,569,960,540,-63,-29,1.03125,-0.06824304191868413
1281,1024,568,960,540,-64,-28,1.0,-0.10528007895572111
1282,1025,568,960,540,-65,-28,0.96875,-0.11304211388970864
1283,1026,568,960,540,-66,-28,0.9375,-0.12324237150211004
1284,1027,569,960,540,-67,-29,0.90625,-0.07557200716684198
1285,1027,568,960,540,-67,-28,0.90625,-0.11447069417545719
1286,1027,568,960,540,-67,-28,0.90625,-0.10965512057971183
1287,1028,568,960,540,-68,-28,0.875,-0.10295723451824546
1288,1028,567,960,540,-68,-27,0.875,-0.15447522880145437
1289,1028,567,960,540,-68,-27,0.875,-0.16119196375317602
1290,1028,567,960,540,-68,-27,0.875,-0.16119196375317602
1291,1028,567,960,540,-68,-27,0.875,-0.13989102413619459
1292,1029,567,960,540,-69,-27,0.84375,-0.14561990355394383
1293,1030,568,960,540,-70,-28,0.8125,-0.1239431883292037
1294,1030,568,960,540,-70,-28,0.8125,-0.1078575186376658
1295,1031,569,960,540,-71,-29,0.78125,-0.07512038976225743
1296,1032,569,960,540,-72,-29,0.75,-0.08288188383076678
1297,1033,569,960,540,-73,-29,0.71875,-0.06983874550751468
1298,1035,569,960,540,-75,-29,0.65625,-0.06853063180446739
1299,1038,569,960,540,-78,-29,0.5625,-0.06853063180446739
1300,1050,568,960,540,-90,-28,0.1875,-0.10565081972020862
1301,1063,568,960,540,-103,-28,-0.21875,-0.11990735565626509
1302,1065,569,960,540,-105,-29,-0.28125,-0.09082398778989043
1303,1065,569,960,540,-105,-29,-0.28125,-0.08619888445845891
1304,1063,569,960,540,-103,-29,-0.21875,-0.056821908434600665
1305,1054,568,960,540,-94,-28,0.0625,-0.10434696719053704
1306,1044,568,960,540,-84,-28,0.375,-0.11364326156528337
1307,1041,568,960,540,-81,-28,0.46875,-0.12918359842586447
1308,1041,567,960,540,-81,-27,0.46875,-0.15504011158550335
1309,1043,568,960,540,-83,-28,0.40625,-0.10826383852677957
1310,1045,569,960,540,-85,-29,0.34375,-0.0696559503508627
1311,1047,568,960,540,-87,-28,0.28125,-0.11777959960038253
1312,1049,569,960,540,-89,-29,0.21875,-0.09597124369355159
1313,1052,569,960,540,-92,-29,0.125,-0.08933140581825594
1314,1056,570,960,540,-96,-30,0.0,-0.037944253761499125
1315,1059,569,960,540,-99,-29,-0.09375,-0.07930586367510273
1316,1062,569,960,540,-102,-29,-0.1875,-0.08074752078761871
1317,1067,569,960,540,-107,-29,-0.34375,-0.07829983086437942
1318,1070,569,960,540,-110,-29,-0.4375,-0.07744411064194368
1319,1073,569,960,540,-113,-29,-0.53125,-0.05860795073237446
1320,1075,569,960,540,-115,-29,-0.59375,-0.06503397999924698
1321,1077,569,960,540,-117,-29,-0.65625,-0.06524053487604431
1322,1078,569,960,540,-118,-29,-0.6875,-0.062053449650496084
1323,1078,569,960,540,-118,-29,-0.6875,-0.07351563276989093
1324,1078,569,960,540,-118,-29,-0.6875,-0.047270481963857414
1325,1077,569,960,540,-117,-29,-0.65625,-0.054154923271046984
1326,1076,569,960,540,-116,-29,-0.625,-0.054154923271046984
1327,1075,569,960,540,-115,-29,-0.59375,-0.04430384906478091
1328,1072,570,960,540,-112,-30,-0.5,-0.006478962755599005
1329,1069,570,960,540,-109,-30,-0.40625,-0.015884487088980936
1330,1066,569,960,540,-106,-29,-0.3125,-0.06013848613781625
1331,1064,569,960,540,-104,-29,-0.25,-0.036319684259656926
1332,1061,570,960,540,-101,-30,-0.15625,-0.007064070638501896
1333,1058,571,960,540,-98,-31,-0.0625,0.018902763978069226
1334,1053,571,960,540,-93,-31,0.09375,0.0028756261963960306
1335,1051,570,960,540,-91,-30,0.15625,-0.03416141084064095
1336,1047,571,960,540,-87,-31,0.28125,0.018605934303037808
1337,1041,572,960,540,-81,-32,0.46875,0.06383844903281388
1338,1037,572,960,540,-77,-32,0.59375,0.07581225469336617
1339,1033,571,960,540,-73,-31,0.71875,0.032165510511765305
1340,1029,572,960,540,-69,-32,0.84375,0.06745309969583935
1341,1025,572,960,540,-65,-32,0.96875,0.0679624274080286
1342,1022,572,960,540,-62,-32,1.0625,0.07376462103575654
1343,1020,572,960,540,-60,-32,1.125,0.08721962990646626
1344,1017,572,960,540,-57,-32,1.21875,0.08721962990646626
1345,1019,572,960,540,-59,-32,1.15625,0.06873355943914672
1346,1027,573,960,540,-67,-33,0.90625,0.12897986627091562
1347,1034,573,960,540,-74,-33,0.6875,0.11457561705355568
1348,1034,574,960,540,-74,-34,0.6875,0.14426873729504575
1349,1030,574,960,540,-70,-34,0.8125,0.13201429599771708
1350,1027,575,960,540,-67,-35,0.90625,0.1549457889514554
1351,1024,576,960,540,-64,-36,1.0,0.22531998509239326
1352,1019,577,960,540,-59,-37,1.15625,0.26178711997832416
1353,1016,577,960,540,-56,-37,1.25,0.25707020016837623
1354,1012,578,960,540,-52,-38,1.375,0.2772440258292306
1355,1009,579,960,540,-49,-39,1.46875,0.31759754031287146
1356,1004,581,960,540,-44,-41,1.625,0.39418039442328534
1357,998,582,960,540,-38,-42,1.8125,0.41602198216352426
1358,997,583,960,540,-37,-43,1.84375,0.46709955188109875
1359,1004,584,960,540,-44,-44,1.625,0.4985020723069462
1360,1008,586,960,540,-48,-46,1.5,0.5530211941925944
1361,1005,588,960,540,-45,-48,1.59375,0.6335945584792257
1362,998,589,960,540,-38,-49,1.8125,0.6586632761018476
1363,991,589,960,540,-31,-49,2.03125,0.6586632761018476
1364,986,591,960,540,-26,-51,2.1875,0.7574687770161515
1365,980,595,960,540,-20,-55,2.375,0.8824805286429502
1366,975,597,960,540,-15,-57,2.53125,0.9777047521450752
1367,979,598,960,540,-19,-58,2.40625,0.9859485668985182
1368,988,598,960,540,-28,-58,2.125,0.982870635548329
1369,990,598,960,540,-30,-58,2.0625,0.9773451496225889
1370,988,598,960,540,-28,-58,2.125,0.9673280798503485
1371,988,595,960,540,-28,-55,2.125,0.8571999518001481
1372,1916,515,960,540,-956,25,-26.875,-2.283172806092233
1373,1893,520,960,540,-933,20,-26.15625,-2.2330039891229707
1374,1813,541,960,540,-853,-1,-23.65625,-1.3651967437601333
1375,1724,551,960,540,-764,-11,-20.875,-1.0091183064264382
1376,1687,554,960,540,-727,-14,-19.71875,-0.8980071953153271
1377,1612,558,960,540,-652,-18,-17.375,-0.7331640547074453
1378,1523,563,960,540,-563,-23,-14.59375,-0.5858073784154929
1379,1500,564,960,540,-540,-24,-13.875,-0.5169620548469682
1380,1488,564,960,540,-528,-24,-13.5,-0.4888738460392974
1381,1484,565,960,540,-524,-25,-13.375,-0.46389596893807883
1382,1464,566,960,540,-504,-26,-12.75,-0.4487766760095654
1383,1430,567,960,540,-470,-27,-11.6875,-0.4246017151857393
1384,1407,568,960,540,-447,-28,-10.96875,-0.3930590154519158
1385,1395,568,960,540,-435,-28,-10.59375,-0.34729903549065466
1386,1391,568,960,540,-431,-28,-10.46875,-0.3559975071141792
1387,1389,568,960,540,-429,-28,-10.40625,-0.35649674870845693
1388,1382,568,960,540,-422,-28,-10.1875,-0.35830944554188937
1389,1355,562,960,540,-395,-22,-9.34375,-0.6068072608872385
1390,1332,556,960,540,-372,-16,-8.625,-0.7847034071140084
1391,1328,556,960,540,-368,-16,-8.5,-0.7878807410407953
1392,1328,556,960,540,-368,-16,-8.5,-0.8002051835245261
1393,1325,556,960,540,-365,-16,-8.40625,-0.8062387995467892
1394,1298,557,960,540,-338,-17,-7.5625,-0.7919804136259967
1395,1271,557,960,540,-311,-17,-6.71875,-0.7885025023244749
1396,1268,558,960,540,-308,-18,-6.625,-0.7516664309713171
1397,1267,558,960,540,-307,-18,-6.59375,-0.757172728778665
1398,1263,559,960,540,-303,-19,-6.46875,-0.7203211467656954
1399,1247,566,960,540,-287,-26,-5.96875,-0.4176415197640574
1400,1225,572,960,540,-265,-32,-5.28125,-0.20500846405564022
1401,1214,573,960,540,-254,-33,-4.9375,-0.17251766348059894
1402,1211,574,960,540,-251,-34,-4.84375,-0.13100308518389525
1403,1203,575,960,540,-243,-35,-4.59375,-0.10802158712755405
1404,1189,576,960,540,-229,-36,-4.15625,-0.08061071944045528
1405,1181,576,960,540,-221,-36,-3.90625,-0.07256799644703005
1406,1180,575,960,540,-220,-35,-3.875,-0.11831878056446787
1407,1179,575,960,540,-219,-35,-3.84375,-0.11132972287988863
1408,1170,576,960,540,-210,-36,-3.5625,-0.05037538835872102
1409,1156,577,960,540,-196,-37,-3.125,-0.021987014626321244
1410,1149,578,960,540,-189,-38,-2.90625,0.01101657410562451
1411,1149,579,960,540,-189,-39,-2.90625,0.03038912007121497
1412,1149,579,960,540,-189,-39,-2.90625,0.029632840309844255
1413,1142,579,960,540,-182,-39,-2.6875,0.04047821622321335
1414,1127,577,960,540,-167,-37,-2.21875,-0.026803742542928388
1415,1119,577,960,540,-159,-37,-1.96875,-0.025508305470995474
1416,1119,576,960,540,-159,-36,-1.96875,-0.0766257576310847
1417,1119,576,960,540,-159,-36,-1.96875,-0.0659918730338156
1418,1118,576,960,540,-158,-36,-1.9375,-0.07416302491035132
1419,1118,576,960,540,-158,-36,-1.9375,-0.062429530178553794
1420,1118,576,960,540,-158,-36,-1.9375,-0.08278434412416402
1421,1118,576,960,540,-158,-36,-1.9375,-0.07196482781805247
1422,1118,577,960,540,-158,-37,-1.9375,-0.013467785410683053
1423,1117,577,960,540,-157,-37,-1.90625,-0.02332716870999252
1424,1117,577,960,540,-157,-37,-1.90625,-0.02332716870999252
1425,1115,577,960,540,-155,-37,-1.84375,-0.016474608267481816
1426,1102,577,960,540,-142,-37,-1.4375,-0.024182507282807908
1427,1088,577,960,540,-128,-37,-1.0,-0.023028903657146937
1428,1084,577,960,540,-124,-37,-0.875,-0.04781325559266736
1429,1083,577,960,540,-123,-37,-0.84375,-0.038519229181440906
1430,1083,577,960,540,-123,-37,-0.84375,-0.03951445361651995
1431,1082,577,960,540,-122,-37,-0.8125,-0.04438175523638188
1432,1082,576,960,540,-122,-36,-0.8125,-0.08895190561368782
1433,1082,576,960,540,-122,-36,-0.8125,-0.08441938138769145
1434,1082,576,960,540,-122,-36,-0.8125,-0.09390482097494823
1435,1082,577,960,540,-122,-37,-0.8125,-0.05061877585207353
1436,1082,577,960,540,-122,-37,-0.8125,-0.07055759639784354
1437,1082,576,960,540,-122,-36,-0.8125,-0.0987310827105905
1438,1083,576,960,540,-123,-36,-0.84375,-0.09571839202002685
1439,1083,576,960,540,-123,-36,-0.84375,-0.08290128418682174
1440,1083,576,960,540,-123,-36,-0.84375,-0.07823973246216354
1441,1083,577,960,540,-123,-37,-0.84375,-0.04521703997515791
1442,1083,576,960,540,-123,-36,-0.84375,-0.014851551533007656
1443,1083,573,960,540,-123,-33,-0.84375,-0.12727362159301903
1444,1083,573,960,540,-123,-33,-0.84375,-0.16549907266089803
1445,1083,573,960,540,-123,-33,-0.84375,-0.1671651502622593
1446,1083,574,960,540,-123,-34,-0.84375,-0.14014176018595248
1447,1083,574,960,540,-123,-34,-0.84375,-0.1419736455838967
1448,1083,574,960,540,-123,-34,-0.84375,-0.1473078808211301
1449,1082,574,960,540,-122,-34,-0.8125,-0.12961476117146398
1450,1074,573,960,540,-114,-33,-0.5625,-0.14147255425368876
1451,1061,573,960,540,-101,-33,-0.15625,-0.09884805341764702
1452,1056,574,960,540,-96,-34,0.0,-0.038518481109637515
1453,1056,574,960,540,-96,-34,0.0,-0.054802838785594554
1454,1057,574,960,540,-97,-34,-0.03125,-0.07851210468599468
1455,1069,574,960,540,-109,-34,-0.40625,-0.0958211964945892
1456,1082,574,960,540,-122,-34,-0.8125,-0.10072138632449024
1457,1085,574,960,540,-125,-34,-0.90625,-0.11544878410583426
1458,1085,574,960,540,-125,-34,-0.90625,-0.1037535960955096
1459,1085,575,960,540,-125,-35,-0.90625,-0.06698567886585027
1460,1085,575,960,540,-125,-35,-0.90625,-0.035993812724403496
1461,1080,575,960,540,-120,-35,-0.75,-0.03388278478653417
1462,1072,575,960,540,-112,-35,-0.5,-0.032088450428107596
1463,1063,575,960,540,-103,-35,-0.21875,-0.03062895101201324
1464,1057,576,960,540,-97,-36,-0.03125,0.0008848703963784121
1465,1057,577,960,540,-97,-37,-0.03125,0.028199585330767718
1466,1057,577,960,540,-97,-37,-0.03125,0.020855925968045197
1467,1057,578,960,540,-97,-38,-0.03125,0.04533902167260817
1468,1057,579,960,540,-97,-39,-0.03125,0.08655490479668337
1469,1057,579,960,540,-97,-39,-0.03125,0.08428007756680334
1470,1057,580,960,540,-97,-40,-0.03125,0.12988020854699212
1471,1058,579,960,540,-98,-39,-0.0625,0.08743292535961089
1472,1059,578,960,540,-99,-38,-0.09375,0.041931868074496004
1473,1060,577,960,540,-100,-37,-0.125,0.000874581672925423
1474,1061,578,960,540,-101,-38,-0.15625,0.020937250931785556
1475,1061,578,960,540,-101,-38,-0.15625,0.024201910513980573
1476,1062,577,960,540,-102,-37,-0.1875,-0.011581544766287921
1477,1063,575,960,540,-103,-35,-0.21875,-0.0432136722557761
1478,1063,574,960,540,-103,-34,-0.21875,-0.06241593238984833
1479,1063,574,960,540,-103,-34,-0.21875,-0.057848760364363594
1480,1062,574,960,540,-102,-34,-0.1875,-0.057848760364363594
1481,1061,572,960,540,-101,-32,-0.15625,-0.1572375956094456
1482,1060,570,960,540,-100,-30,-0.125,-0.23969737507157118
1483,1058,569,960,540,-98,-29,-0.0625,-0.3040875482355343
1484,1054,569,960,540,-94,-29,0.0625,-0.2904344637094818
1485,1048,569,960,540,-88,-29,0.25,-0.3218705419123786
1486,1041,569,960,540,-81,-29,0.46875,-0.3451382137729513
1487,1035,569,960,540,-75,-29,0.65625,-0.3167726301660303
1488,1030,569,960,540,-70,-29,0.8125,-0.3095328641403239
1489,1025,570,960,540,-65,-30,0.96875,-0.285325791307099
1490,1019,568,960,540,-59,-28,1.15625,-0.3344169070395355
1491,1014,566,960,540,-54,-26,1.3125,-0.3958028620416788
1492,1022,566,960,540,-62,-26,1.0625,-0.40386491956025405
1493,1029,567,960,540,-69,-27,0.84375,-0.36682788252321696
1494,1027,568,960,540,-67,-28,0.90625,-0.32569372709701394
1495,1025,569,960,540,-65,-29,0.96875,-0.2549462863489913
1496,1023,572,960,540,-63,-32,1.03125,-0.15246692130225115
1497,1022,575,960,540,-62,-35,1.0625,-0.0622001887322432
1498,1021,578,960,540,-61,-38,1.09375,0.04097469645119989
1499,1020,580,960,540,-60,-40,1.125,0.12243472648701759
1500,1020,581,960,540,-60,-41,1.125,0.14056920027187503
1501,1020,582,960,540,-60,-42,1.125,0.22471781760487253
1502,1022,584,960,540,-62,-44,1.0625,0.2579222304959137
1503,1031,587,960,540,-71,-47,0.78125,0.327346028036378
1504,1042,590,960,540,-82,-50,0.4375,0.5157671454273411
1505,1047,591,960,540,-87,-51,0.28125,0.5807540564087708
1506,1049,592,960,540,-89,-52,0.21875,0.6338376830615193
1507,1051,594,960,540,-91,-54,0.15625,0.6793930752819015
1508,1050,594,960,540,-90,-54,0.1875,0.6492847539125244
1509,1038,587,960,540,-78,-47,0.5625,0.39843124617920567
1510,1025,578,960,540,-65,-38,0.96875,0.07999750626454993
1511,1023,575,960,540,-63,-35,1.03125,-0.035692956101921025
1512,1023,575,960,540,-63,-35,1.03125,-0.03554936464242364
1513,1023,575,960,540,-63,-35,1.03125,-0.04005720859759787
1514,1027,576,960,540,-67,-36,0.90625,-0.02736230506815085
1515,1036,577,960,540,-76,-37,0.625,0.006244809804842433
1516,1044,578,960,540,-84,-38,0.375,0.05771021536935739
1517,1042,579,960,540,-82,-39,0.4375,0.11036768180928891
1518,1035,578,960,540,-75,-38,0.65625,0.0697544935232195
1519,1026,575,960,540,-66,-35,0.9375,-0.07868634481290915
1520,1015,575,960,540,-55,-35,1.28125,-0.08536620238246373
1521,998,575,960,540,-38,-35,1.8125,-0.10451417881709713
1522,979,575,960,540,-19,-35,2.40625,-0.07875145472142564
1523,967,576,960,540,-7,-36,2.78125,-0.04953026494676904
1524,969,577,960,540,-9,-37,2.71875,-0.011709571069411062
1525,977,577,960,540,-17,-37,2.46875,-0.039706167813712945
1526,980,578,960,540,-20,-38,2.375,0.0038195573483588152
1527,979,579,960,540,-19,-39,2.40625,0.040856594385395795
1528,981,579,960,540,-21,-39,2.34375,0.03410801793995266
1529,991,579,960,540,-31,-39,2.03125,0.041581216974255764
1530,1001,578,960,540,-41,-38,1.71875,0.02780601590695797
1531,1005,577,960,540,-45,-37,1.59375,0.011521608231994884
1532,1010,577,960,540,-50,-37,1.4375,0.0009060560755846936
1533,1022,577,960,540,-62,-37,1.0625,-0.011239336872397976
1534,1031,576,960,540,-71,-36,0.78125,-0.042311447519088885
1535,601,551,960,540,359,-11,14.21875,-0.9128417090098997
1536,599,550,960,540,361,-10,14.28125,-0.9602034456258587
1537,597,549,960,540,363,-9,14.34375,-0.9966606310932453
1538,592,548,960,540,368,-8,14.5,-1.0559862598483494
1539,587,549,960,540,373,-9,14.65625,-1.0474911902538133
1540,588,554,960,540,372,-14,14.625,-0.8940710534850832
1541,601,562,960,540,359,-22,14.21875,-0.5862484095677735
1542,624,565,960,540,336,-25,13.5,-0.4725509511637278
1543,672,563,960,540,288,-23,12.0,-0.5467913677264409
1544,713,560,960,540,247,-20,10.71875,-0.6236351938534979
1545,723,559,960,540,237,-19,10.40625,-0.7047446238542172
1546,719,558,960,540,241,-18,10.53125,-0.7677276460929777
1547,710,559,960,540,250,-19,10.8125,-0.747521506012121
1548,709,560,960,540,251,-20,10.84375,-0.720687243934159
1549,719,562,960,540,241,-22,10.53125,-0.6951633044748794
1550,740,563,960,540,220,-23,9.875,-0.6502895780540086
1551,773,565,960,540,187,-25,8.84375,-0.5570460782447828
1552,793,566,960,540,167,-26,8.21875,-0.5180598763891805
1553,793,565,960,540,167,-25,8.21875,-0.5470537916267704
1554,795,564,960,540,165,-24,8.15625,-0.5826341387726333
1555,808,562,960,540,152,-22,7.75,-0.6868057834060314
1556,832,561,960,540,128,-21,7.0,-0.6837658345977515
1557,863,562,960,540,97,-22,6.03125,-0.6975525397729244
1558,881,563,960,540,79,-23,5.46875,-0.6652362745173821
1559,883,564,960,540,77,-24,5.40625,-0.6536391066789753
1560,889,574,960,540,71,-34,5.21875,-0.3253984702978101
1561,905,586,960,540,55,-46,4.71875,0.1716395474990151
1562,925,591,960,540,35,-51,4.09375,0.3638859151397593
1563,935,593,960,540,25,-53,3.78125,0.423019299980695
1564,936,593,960,540,24,-53,3.75,0.423019299980695
1565,937,586,960,540,23,-46,3.71875,0.17052515400376378
1566,939,577,960,540,21,-37,3.65625,-0.15071563704493363
1567,940,575,960,540,20,-35,3.625,-0.2314237686384002
1568,942,575,960,540,18,-35,3.5625,-0.21778596238512327
1569,956,574,960,540,4,-34,3.125,-0.24862415744112876
1570,968,574,960,540,-8,-34,2.75,-0.23986927337458863
1571,970,573,960,540,-10,-33,2.6875,-0.2819149322202845
1572,970,573,960,540,-10,-33,2.6875,-0.28105044750211694
1573,971,573,960,540,-11,-33,2.65625,-0.28105044750211694
1574,971,573,960,540,-11,-33,2.65625,-0.24957992245645966
1575,976,574,960,540,-16,-34,2.5,-0.23205257991703143
1576,988,578,960,540,-28,-38,2.125,-0.13295110061922433
1577,994,583,960,540,-34,-43,1.9375,0.030265389590549585
1578,992,586,960,540,-32,-46,2.0,0.10789545292466318
1579,991,587,960,540,-31,-47,2.03125,0.14533586831302148
1580,990,588,960,540,-30,-48,2.0625,0.1829168521667881
1581,988,588,960,540,-28,-48,2.125,0.20049062896995484
1582,988,588,960,540,-28,-48,2.125,0.1810401339829515
1583,989,588,960,540,-29,-48,2.09375,0.18846799700742523
1584,994,586,960,540,-34,-46,1.9375,0.19528033114959498
1585,1006,586,960,540,-46,-46,1.5625,0.12401386844657436
1586,1017,587,960,540,-57,-47,1.21875,0.18709299003942115
1587,1021,586,960,540,-61,-46,1.09375,0.14544827117725934
1588,1023,587,960,540,-63,-47,1.03125,0.2108326691720781
1589,1026,587,960,540,-66,-47,0.9375,0.1962807467019292
1590,1028,587,960,540,-68,-47,0.875,0.22945542724175594
1591,1030,588,960,540,-70,-48,0.8125,0.24858736666525783
1592,1033,588,960,540,-73,-48,0.71875,0.23078765307128557
1593,1034,588,960,540,-74,-48,0.6875,0.21524821100925795
1594,1036,587,960,540,-76,-47,0.625,0.20199997479048037
1595,1037,587,960,540,-77,-47,0.59375,0.1810887686145104
1596,1039,588,960,540,-79,-48,0.53125,0.23303521652725778
1597,1040,588,960,540,-80,-48,0.5,0.2261457426185296
1598,1041,588,960,540,-81,-48,0.46875,0.22191706774890463
1599,1041,588,960,540,-81,-48,0.46875,0.2467238188825116
1600,1040,588,960,540,-80,-48,0.5,0.234979319153227
1601,1039,588,960,540,-79,-48,0.53125,0.21627221454035706
1602,1038,587,960,540,-78,-47,0.5625,0.18992325607866611
1603,1037,586,960,540,-77,-46,0.59375,0.15366239814229998
1604,1035,586,960,540,-75,-46,0.65625,0.1691908010221428
1605,1034,585,960,540,-74,-45,0.6875,0.15328188599634474
1606,1032,585,960,540,-72,-45,0.75,0.16472799281107586
1607,1029,585,960,540,-69,-45,0.84375,0.1314396525059578
1608,1027,584,960,540,-67,-44,0.90625,0.10146891814020798
1609,1026,584,960,540,-66,-44,0.9375,0.09868792835336082
1610,1023,584,960,540,-63,-44,1.03125,0.07991499982397965
1611,1029,584,960,540,-69,-44,0.84375,0.03832781154804521
1612,1038,584,960,540,-78,-44,0.5625,0.03832781154804521
1613,1039,585,960,540,-79,-45,0.53125,0.10930385706885648
1614,1040,585,960,540,-80,-45,0.5,0.10453274506774557
1615,1039,585,960,540,-79,-45,0.53125,0.09720703846383594
1616,1038,585,960,540,-78,-45,0.5625,0.10833893871723732
1617,1037,585,960,540,-77,-45,0.59375,0.11799675605561166
1618,1036,585,960,540,-76,-45,0.625,0.11985025557234708
1619,1036,585,960,540,-76,-45,0.625,0.13858750798155395
1620,1036,586,960,540,-76,-46,0.625,0.17368773865236586
1621,1036,586,960,540,-76,-46,0.625,0.16967338592001213
1622,1036,587,960,540,-76,-47,0.625,0.21465870734657178
1623,1037,588,960,540,-77,-48,0.59375,0.259661628127021
1624,1037,588,960,540,-77,-48,0.59375,0.24893635060776598
1625,1038,589,960,540,-78,-49,0.5625,0.2913924141580708
1626,1039,588,960,540,-79,-48,0.53125,0.2843930113212956
1627,1040,587,960,540,-80,-47,0.5,0.23631659412295858
1628,1041,587,960,540,-81,-47,0.46875,0.2548806049116552
1629,1042,586,960,540,-82,-46,0.4375,0.20696317733920977
1630,1042,585,960,540,-82,-45,0.4375,0.1900694609896345
1631,1042,586,960,540,-82,-46,0.4375,0.22756946705234093
1632,1042,585,960,540,-82,-45,0.4375,0.21090469295032865
1633,1042,585,960,540,-82,-45,0.4375,0.22974176668649027
1634,1041,585,960,540,-81,-45,0.46875,0.23841772368072434
1635,1040,586,960,540,-80,-46,0.5,0.2764281237841486
1636,1038,586,960,540,-78,-46,0.5625,0.27942757328366596
1637,1035,587,960,540,-75,-47,0.65625,0.2921350993432159
1638,1034,588,960,540,-74,-48,0.6875,0.32166405959555044
1639,1031,588,960,540,-71,-48,0.78125,0.32536401966744677
1640,1029,589,960,540,-69,-49,0.84375,0.3583828316512232
1641,1027,590,960,540,-67,-50,0.90625,0.40308670918352973
1642,1026,590,960,540,-66,-50,0.9375,0.3430868088538286
1643,1036,589,960,540,-76,-49,0.625,0.29426753703805764
1644,1053,586,960,540,-93,-46,0.09375,0.15735028109941562
1645,1061,585,960,540,-101,-45,-0.15625,0.09851893989608951
1646,1065,584,960,540,-105,-44,-0.28125,0.08237811892293023
1647,1067,582,960,540,-107,-42,-0.34375,0.0006508091257506621
1648,1068,582,960,540,-108,-42,-0.375,0.005555068195755242
1649,1057,581,960,540,-97,-41,-0.03125,0.01935291718839327
1650,1046,582,960,540,-86,-42,0.3125,0.09258126081903284
1651,1046,582,960,540,-86,-42,0.3125,0.08611227638865548
1652,1046,582,960,540,-86,-42,0.3125,0.05512102286335541
1653,1047,582,960,540,-87,-42,0.28125,0.05512102286335541
1654,1048,582,960,540,-88,-42,0.25,0.08180457870113855
1655,1048,582,960,540,-88,-42,0.25,-0.004778951788188879
1656,1049,583,960,540,-89,-43,0.21875,0.03225808524884832
1657,1051,583,960,540,-91,-43,0.15625,0.04172566825501156
1658,1056,584,960,540,-96,-44,0.0,0.05878203910744495
1659,1060,583,960,540,-100,-43,-0.125,0.04489836401646219
1660,1065,583,960,540,-105,-43,-0.28125,0.02291712516059241
1661,1070,583,960,540,-110,-43,-0.4375,0.06094310554929416
1662,1075,583,960,540,-115,-43,-0.59375,0.0799314634425139
1663,1082,581,960,540,-122,-41,-0.8125,0.026970826145566118
1664,1090,578,960,540,-130,-38,-1.0625,-0.048936001908242543
1665,1097,575,960,540,-137,-35,-1.28125,-0.15677621090715355
1666,1102,575,960,540,-142,-35,-1.4375,-0.15677621090715355
1667,1108,573,960,540,-148,-33,-1.625,-0.23746666241192482
1668,1119,570,960,540,-159,-30,-1.96875,-0.3316529567349571
1669,1129,568,960,540,-169,-28,-2.28125,-0.40072370611106156
1670,1128,568,960,540,-168,-28,-2.25,-0.3830152656352579
1671,1125,567,960,540,-165,-27,-2.15625,-0.4136525467085006
1672,1130,568,960,540,-170,-28,-2.3125,-0.3643991363662358
1673,1137,569,960,540,-177,-29,-2.53125,-0.35070604951174555
1674,1142,570,960,540,-182,-30,-2.6875,-0.2901817609286279
1675,1142,571,960,540,-182,-31,-2.6875,-0.25347334594057
1676,1136,573,960,540,-176,-33,-2.5,-0.12993367742422435
1677,1135,577,960,540,-175,-37,-2.46875,0.020654596106005174
1678,1140,581,960,540,-180,-41,-2.625,0.1540825025548458
1679,1142,586,960,540,-182,-46,-2.6875,0.37255920420529987
1680,1133,591,960,540,-173,-51,-2.40625,0.5822254316550124
1681,1127,595,960,540,-167,-55,-2.21875,0.7364085273424841
1682,1128,596,960,540,-168,-56,-2.25,0.7886941449635472
1683,1129,596,960,540,-169,-56,-2.28125,0.7905790626001512
1684,1129,595,960,540,-169,-55,-2.28125,0.7515201248677272
1685,1127,595,960,540,-167,-55,-2.21875,0.7637157801158978
1686,1125,597,960,540,-165,-57,-2.15625,0.8679002114825085
1687,1116,599,960,540,-156,-59,-1.875,0.9183825545447497
1688,1101,600,960,540,-141,-60,-1.40625,0.9837038371270286
1689,1088,601,960,540,-128,-61,-1.0,1.0127526918341583
1690,1080,603,960,540,-120,-63,-0.75,1.0685080084819556
1691,1073,606,960,540,-113,-66,-0.53125,1.2239296077850192
1692,1063,609,960,540,-103,-69,-0.21875,1.3802873016761605
1693,1058,612,960,540,-98,-72,-0.0625,1.4887846542716257
1694,1059,614,960,540,-99,-74,-0.09375,1.5892244618735436
1695,1059,618,960,540,-99,-78,-0.09375,1.7536144964721396
1696,1049,620,960,540,-89,-80,0.21875,1.853895668466266
1697,1039,613,960,540,-79,-73,0.53125,1.6212848621671072
1698,1030,605,960,540,-70,-65,0.8125,1.3325897634803696
1699,1019,605,960,540,-59,-65,1.15625,1.3412094223333229
1700,1007,609,960,540,-47,-69,1.53125,1.484701939062451
1701,998,614,960,540,-38,-74,1.8125,1.676899245260172
1702,997,619,960,540,-37,-79,1.84375,1.8533094876774425
1703,998,623,960,540,-38,-83,1.8125,2.0014576358255907
1704,992,626,960,540,-32,-86,2.0,2.1144264789251235
1705,985,624,960,540,-25,-84,2.21875,2.0656356126105617
1706,980,619,960,540,-20,-79,2.375,1.8804504274253764
1707,978,615,960,540,-18,-75,2.4375,1.7142774772166343
1708,977,611,960,540,-17,-71,2.46875,1.5740496931075985
1709,982,610,960,540,-22,-70,2.3125,1.536794776898325
1710,996,609,960,540,-36,-69,1.875,1.5018100501674532
1711,1012,606,960,540,-52,-66,1.375,1.4192568028049322
1712,1022,604,960,540,-62,-64,1.0625,1.3479963483826607
1713,1027,602,960,540,-67,-62,0.90625,1.2739222743085867
1714,1048,586,960,540,-88,-46,0.25,0.6686969458132777
1715,1074,570,960,540,-114,-30,-0.5625,0.07899913112529555
1716,1082,569,960,540,-122,-29,-0.8125,0.055956866824931506
1717,1085,567,960,540,-125,-27,-0.90625,0.002942327734289263
1718,1084,565,960,540,-124,-25,-0.875,-0.05820928577183093
1719,1088,564,960,540,-128,-24,-1.0,-0.1008292330385131
1720,1091,564,960,540,-131,-24,-1.09375,-0.0865422200567234
1721,1087,569,960,540,-127,-29,-0.96875,0.09711993523125251
1722,1086,578,960,540,-126,-38,-0.9375,0.4522759701508957
1723,1093,581,960,540,-133,-41,-1.15625,0.5503656066979825
1724,1100,581,960,540,-140,-41,-1.375,0.5546565995361195
1725,1105,581,960,540,-145,-41,-1.53125,0.5508368778469138
1726,1109,582,960,540,-149,-42,-1.65625,0.5992965130126693
1727,1112,582,960,540,-152,-42,-1.75,0.6004463399892622
1728,1113,579,960,540,-153,-39,-1.78125,0.4778046568745704
1729,1111,571,960,540,-151,-31,-1.71875,0.18472495093876995
1730,1107,566,960,540,-147,-26,-1.59375,0.010274075856051335
1731,1100,566,960,540,-140,-26,-1.375,0.03623833761601192
1732,1085,566,960,540,-125,-26,-0.90625,0.033167073444840045
1733,1068,567,960,540,-108,-27,-0.375,0.0770493324402387
1734,1055,567,960,540,-95,-27,0.03125,0.06942116749020655
1735,1043,568,960,540,-83,-28,0.40625,0.11327190159556899
1736,1029,572,960,540,-69,-32,0.84375,0.27151929952352793
1737,1013,582,960,540,-53,-42,1.34375,0.6583212686124198
1738,996,589,960,540,-36,-49,1.875,0.913507695519995
1739,986,589,960,540,-26,-49,2.1875,0.9203801037658179
1740,984,590,960,540,-24,-50,2.25,0.9764631120302891
1741,980,592,960,540,-20,-52,2.375,1.037114635442967
1742,967,594,960,540,-7,-54,2.78125,1.1020432243361826
1743,954,597,960,540,6,-57,3.1875,1.2290649062033419
1744,951,595,960,540,9,-55,3.28125,1.1715945127993646
1745,946,589,960,540,14,-49,3.4375,0.9203959756341578
1746,934,587,960,540,26,-47,3.8125,0.867051485289037
1747,929,588,960,540,31,-48,3.96875,0.8983942241362411
1748,931,588,960,540,29,-48,3.90625,0.8916059982734712
1749,932,589,960,540,28,-49,3.875,0.9369661620474313
1750,925,588,960,540,35,-48,4.09375,0.8911866998947586
1751,924,589,960,540,36,-49,4.125,0.9581618932375312
1752,924,590,960,540,36,-50,4.125,1.0033546675688458
1753,916,591,960,540,44,-51,4.375,1.017470851677611
1754,909,591,960,540,51,-51,4.59375,1.0263149414914892
1755,913,579,960,540,47,-39,4.46875,0.5892581120624193
1756,915,567,960,540,45,-27,4.40625,0.13100007674054348
1757,908,565,960,540,52,-25,4.625,0.032195176317462604
1758,902,564,960,540,58,-24,4.8125,-0.004841860719574376
1759,902,562,960,540,58,-22,4.8125,-0.1069108092913803
1760,899,558,960,540,61,-18,4.90625,-0.24090160880133105
1761,897,558,960,540,63,-18,4.96875,-0.2635945162047366
1762,898,563,960,540,62,-23,4.9375,-0.06825618136338207
1763,891,567,960,540,69,-27,5.15625,0.0731187464814288
1764,883,568,960,540,77,-28,5.40625,0.07855545254702634
1765,876,567,960,540,84,-27,5.625,0.04794903902916137
1766,882,567,960,540,78,-27,5.4375,0.05600284424822277
1767,892,566,960,540,68,-26,5.125,0.01774331292303266
1768,886,565,960,540,74,-25,5.3125,-0.02789201506613692
1769,873,564,960,540,87,-24,5.71875,-0.07170661122327893
1770,865,565,960,540,95,-25,5.96875,-0.055201841211966585
1771,864,567,960,540,96,-27,6.0,0.033758077709544976
1772,859,569,960,540,101,-29,6.15625,0.08889885353904425
1773,845,571,960,540,115,-31,6.59375,0.15080624881703175
1774,830,573,960,540,130,-33,7.0625,0.21318830763624286
1775,832,573,960,540,128,-33,7.0,0.22074199173603826
1776,833,572,960,540,127,-32,6.96875,0.19237177757462842
1777,820,569,960,540,140,-29,7.375,0.07141616518399863
1778,805,565,960,540,155,-25,7.84375,-0.07606170682481417
1779,791,562,960,540,169,-22,8.28125,-0.20709486788609233
1780,793,562,960,540,167,-22,8.21875,-0.23794984141544184
1781,801,563,960,540,159,-23,7.96875,-0.18324782869983114
1782,797,564,960,540,163,-24,8.09375,-0.16606682779878223
1783,788,563,960,540,172,-23,8.375,-0.19471539307247498
1784,784,562,960,540,176,-22,8.5,-0.27518156737056454
1785,793,562,960,540,167,-22,8.21875,-0.2448030005247196
1786,817,562,960,540,143,-22,7.46875,-0.2868033486078586
1787,835,562,960,540,125,-22,6.90625,-0.28041077247143764
1788,834,563,960,540,126,-23,6.9375,-0.2668862035159918
1789,833,564,960,540,127,-24,6.96875,-0.23967397717338246
1790,841,564,960,540,119,-24,6.71875,-0.22952268329376557
1791,857,564,960,540,103,-24,6.21875,-0.21438055734140593
1792,874,563,960,540,86,-23,5.6875,-0.3083682246599755
1793,886,561,960,540,74,-21,5.3125,-0.403858162670945
1794,888,559,960,540,72,-19,5.25,-0.47793223674501895
1795,895,555,960,540,65,-15,5.03125,-0.6526738311656965
1796,903,548,960,540,57,-8,4.78125,-0.9401613065220247
1797,901,544,960,540,59,-4,4.84375,-1.0607668146345433
1798,898,541,960,540,62,-1,4.9375,-1.21177728556086
1799,903,539,960,540,57,1,4.78125,-1.299644255834875
1800,912,536,960,540,48,4,4.5,-1.3987204887489628
1801,914,532,960,540,46,8,4.4375,-1.5344484648325671
1802,915,527,960,540,45,13,4.40625,-1.7123271052904294
1803,917,525,960,540,43,15,4.34375,-1.7864011793645036
1804,926,523,960,540,34,17,4.0625,-1.872803694717651
1805,934,521,960,540,26,19,3.8125,-1.9545217234057943
1806,931,520,960,540,29,20,3.90625,-1.9949553565615148
1807,928,525,960,540,32,15,4.0,-1.8049213340115433
1808,925,535,960,540,35,5,4.09375,-1.4695246908405677
1809,921,541,960,540,39,-1,4.21875,-1.2439917099329991
1810,920,540,960,540,40,0,4.25,-1.2879708466795514
1811,922,538,960,540,38,2,4.1875,-1.3650474090789575
1812,919,538,960,540,41,2,4.28125,-1.3527054951352033
1813,906,542,960,540,54,-2,4.6875,-1.2518774009004923
1814,889,551,960,540,71,-11,5.21875,-0.8950138709746405
1815,874,555,960,540,86,-15,5.6875,-0.7234838966535779
1816,861,554,960,540,99,-14,6.09375,-0.7712427548300785
1817,856,550,960,540,104,-10,6.25,-0.9445602209626879
1818,848,548,960,540,112,-8,6.5,-0.9921530975537118
1819,835,546,960,540,125,-6,6.90625,-1.1256009720926938
1820,829,545,960,540,131,-5,7.09375,-1.1643045585694385
1821,826,544,960,540,134,-4,7.1875,-1.2244103550759489
1822,819,543,960,540,141,-3,7.40625,-1.2711291787820425
1823,819,543,960,540,141,-3,7.40625,-1.2767627802458912
1824,828,543,960,540,132,-3,7.125,-1.3063353748532693
1825,838,544,960,540,122,-4,6.8125,-1.27617563539947
1826,841,546,960,540,119,-6,6.71875,-1.200904359510214
1827,839,545,960,540,121,-5,6.78125,-1.25796846950903
1828,848,543,960,540,112,-3,6.5,-1.2871587147961259
1829,858,542,960,540,102,-2,6.1875,-1.3460297631230218
1830,867,539,960,540,93,1,5.90625,-1.5003151893050477
1831,884,536,960,540,76,4,5.375,-1.5283628150583277
1832,904,535,960,540,56,5,4.75,-1.6095498379202577
1833,921,535,960,540,39,5,4.21875,-1.6094608000304604
1834,929,535,960,540,31,5,3.96875,-1.612988954217537
1835,933,541,960,540,27,-1,3.84375,-1.42567852722118
1836,937,552,960,540,23,-12,3.71875,-0.9380760896732532
1837,943,559,960,540,17,-19,3.53125,-0.677445627498882
1838,948,564,960,540,12,-24,3.375,-0.5429186554389729
1839,952,575,960,540,8,-35,3.25,-0.11221152485665686
1840,955,587,960,540,5,-47,3.15625,0.32095535840466827
1841,957,592,960,540,3,-52,3.09375,0.4955367648928799
1842,957,591,960,540,3,-51,3.09375,0.4610696367876477
1843,957,585,960,540,3,-45,3.09375,0.1966562841331576
1844,956,581,960,540,4,-41,3.125,0.04543332988833848
1845,955,580,960,540,5,-40,3.15625,0.04317140553874155
1846,954,580,960,540,6,-40,3.1875,0.038663869925679384
1847,951,582,960,540,9,-42,3.28125,0.1161257791168635
1848,948,583,960,540,12,-43,3.375,0.15322012981497246
1849,944,584,960,540,16,-44,3.5,0.202865913903707
1850,939,585,960,540,21,-45,3.65625,0.21566961300112464
1851,936,586,960,540,24,-46,3.75,0.25270665003816184
1852,933,587,960,540,27,-47,3.84375,0.3056223100244835
1853,930,587,960,540,30,-47,3.9375,0.29108144446961237
1854,927,586,960,540,33,-46,4.03125,0.237251791387036
1855,924,587,960,540,36,-47,4.125,0.2501433326553415
1856,922,588,960,540,38,-48,4.1875,0.2805766787753572
1857,920,589,960,540,40,-49,4.25,0.3153241015810284
1858,919,589,960,540,41,-49,4.28125,0.3097608968575647
1859,919,588,960,540,41,-48,4.28125,0.2890942326697581
1860,918,588,960,540,42,-48,4.3125,0.28971011890727905
1861,918,588,960,540,42,-48,4.3125,0.27564440123542555
1862,917,589,960,540,43,-49,4.34375,0.3153437816565945
1863,915,589,960,540,45,-49,4.40625,0.3470222540373895
1864,911,588,960,540,49,-48,4.53125,0.3476723443997578
1865,907,587,960,540,53,-47,4.65625,0.31555299321119845
1866,901,587,960,540,59,-47,4.84375,0.3015271528001471
1867,892,587,960,540,68,-47,5.125,0.3410096980460626
1868,881,587,960,540,79,-47,5.46875,0.2799785770169785
1869,870,588,960,540,90,-48,5.8125,0.3695032091373711
1870,855,591,960,540,105,-51,6.28125,0.4774224255688875
1871,842,595,960,540,118,-55,6.6875,0.6255705737170354
1872,830,597,960,540,130,-57,7.0625,0.6687178308190789
1873,814,600,960,540,146,-60,7.5625,0.7790432283388598
1874,800,600,960,540,160,-60,8.0,0.7931153466583729
1875,785,601,960,540,175,-61,8.46875,0.8255172864065996
1876,769,601,960,540,191,-61,8.96875,0.8146437554443011
1877,755,596,960,540,205,-56,9.40625,0.6511106973126786
1878,742,584,960,540,218,-44,9.8125,0.19321009420827462
1879,729,575,960,540,231,-35,10.21875,-0.1335116426323677
1880,716,573,960,540,244,-33,10.625,-0.20995194178748555
1881,696,575,960,540,264,-35,11.25,-0.16239438565934372
1882,673,577,960,540,287,-37,11.96875,-0.12650075173764708
1883,652,581,960,540,308,-41,12.625,-0.025273513176550688
1884,631,589,960,540,329,-49,13.28125,0.26530838966687087
1885,609,594,960,540,351,-54,13.96875,0.44462586377652036
1886,576,591,960,540,384,-51,15.0,0.2796815085886051
1887,534,584,960,540,426,-44,16.3125,-0.002559731924703934
1888,496,578,960,540,464,-38,17.5,-0.24138697715976454
1889,451,572,960,540,509,-32,18.90625,-0.5113096592483151
1890,405,564,960,540,555,-24,20.34375,-0.8152694961396647
1891,370,558,960,540,590,-18,21.4375,-1.0883431632026275
1892,334,552,960,540,626,-12,22.5625,-1.3155412888004403
1893,299,545,960,540,661,-5,23.65625,-1.5811637482056677
1894,268,537,960,540,692,3,24.625,-1.836289002525899
1895,241,529,960,540,719,11,25.46875,-2.1509999471398658
1896,220,525,960,540,740,15,26.125,-2.33006099912558
1897,201,530,960,540,759,10,26.71875,-2.169331915958992
1898,177,536,960,540,783,4,27.46875,-1.9208398245515328
1899,148,536,960,540,812,4,28.375,-1.92426141599918
1900,122,535,960,540,838,5,29.1875,-2.0027934469313387
1901,92,547,960,540,868,-7,30.125,-1.5231112085851146
1902,59,558,960,540,901,-18,31.15625,-1.1303384777114358
1903,29,557,960,540,931,-17,32.09375,-1.1674719026742026
1904,7,553,960,540,953,-13,32.78125,-1.083625480951063
1905,643,332,960,540,317,208,12.90625,-9.132698397142242
1906,643,331,960,540,317,209,12.90625,-9.172203235286343
1907,644,331,960,540,316,209,12.875,-9.166681476066792
1908,644,331,960,540,316,209,12.875,-9.176326166477667
1909,644,331,960,540,316,209,12.875,-9.196407626156267
1910,654,334,960,540,306,206,12.5625,-9.121110520994272
1911,678,350,960,540,282,190,11.8125,-8.52207483153283
1912,710,383,960,540,250,157,10.8125,-7.213734148441091
1913,751,421,960,540,209,119,9.53125,-5.848674045472189
1914,813,464,960,540,147,76,7.59375,-4.246450164580365
1915,862,492,960,540,98,48,6.0625,-3.2166952932880024
1916,880,498,960,540,80,42,5.5,-2.97916064215822
1917,887,500,960,540,73,40,5.28125,-2.8944816933720894
1918,893,504,960,540,67,36,5.09375,-2.76121635266772
1919,898,508,960,540,62,32,4.9375,-2.6130682045195717
1920,937,532,960,540,23,8,3.71875,-1.7360753168523333
1921,987,558,960,540,-27,-18,2.15625,-0.7299464491681821
1922,1001,558,960,540,-41,-18,1.71875,-0.6976875259227994
1923,1007,552,960,540,-47,-12,1.53125,-0.946497380236883
1924,1007,544,960,540,-47,-4,1.53125,-1.267452293533721
1925,1006,542,960,540,-46,-2,1.5625,-1.3357875155826817
1926,1005,542,960,540,-45,-2,1.59375,-1.3214353196466502
1927,999,542,960,540,-39,-2,1.78125,-1.330387026778621
1928,985,543,960,540,-25,-3,2.21875,-1.3126361931163206
1929,977,544,960,540,-17,-4,2.46875,-1.2696813376755394
1930,977,545,960,540,-17,-5,2.46875,-1.2553423898057807
1931,978,548,960,540,-18,-8,2.4375,-1.164788766440507
1932,978,555,960,540,-18,-15,2.4375,-0.8962512954638764
1933,981,561,960,540,-21,-21,2.34375,-0.6907036703014735
1934,990,562,960,540,-30,-22,2.0625,-0.6382334712297578
1935,1000,562,960,540,-40,-22,1.75,-0.5964881519335802
1936,1002,562,960,540,-42,-22,1.6875,-0.638200672513353
1937,998,561,960,540,-38,-21,1.8125,-0.6722523869637089
1938,1000,562,960,540,-40,-22,1.75,-0.6214914100161523
1939,1006,562,960,540,-46,-22,1.5625,-0.6302437075816453
1940,1008,562,960,540,-48,-22,1.5,-0.5971648580172103
1941,1003,563,960,540,-43,-23,1.65625,-0.6034278018481767
1942,997,562,960,540,-37,-22,1.84375,-0.6425541597556067
1943,994,562,960,540,-34,-22,1.9375,-0.6267839597848975
1944,991,562,960,540,-31,-22,2.03125,-0.5886499854295933
1945,987,563,960,540,-27,-23,2.15625,-0.5081426839571883
1946,984,564,960,540,-24,-24,2.25,-0.4726506060126032
1947,982,565,960,540,-22,-25,2.3125,-0.40182110249092196
1948,984,565,960,540,-24,-25,2.25,-0.4487746465660123
1949,996,566,960,540,-36,-26,1.875,-0.3789660408469083
1950,1005,567,960,540,-45,-27,1.59375,-0.35340440136497686
1951,1004,567,960,540,-44,-27,1.625,-0.35071151301202996
1952,1003,566,960,540,-43,-26,1.65625,-0.37442565158072216
1953,1002,566,960,540,-42,-26,1.6875,-0.36155652563160057
1954,1002,566,960,540,-42,-26,1.6875,-0.3758938541447657
1955,1002,566,960,540,-42,-26,1.6875,-0.3604023803153592
1956,1002,565,960,540,-42,-25,1.6875,-0.4201560859669571
1957,1003,565,960,540,-43,-25,1.65625,-0.4201560859669571
1958,1012,564,960,540,-52,-24,1.375,-0.4624663343637341
1959,1027,564,960,540,-67,-24,0.90625,-0.5100952832453038
1960,1038,564,960,540,-78,-24,0.5625,-0.4668045058137027
1961,1045,564,960,540,-85,-24,0.34375,-0.5140095193696281
1962,1051,563,960,540,-91,-23,0.15625,-0.5612794252717597
1963,1061,561,960,540,-101,-21,-0.15625,-0.6678698544845771
1964,1070,560,960,540,-110,-20,-0.4375,-0.696740870019027
1965,1073,559,960,540,-113,-19,-0.53125,-0.7173023766893714
1966,1068,559,960,540,-108,-19,-0.375,-0.7038753749045008
1967,1064,558,960,540,-104,-18,-0.25,-0.7409124119415379
1968,1063,557,960,540,-103,-17,-0.21875,-0.7597015907428972
1969,1063,556,960,540,-103,-16,-0.21875,-0.7977049619256473
1970,1066,556,960,540,-106,-16,-0.3125,-0.7920388902605662
1971,1069,555,960,540,-109,-15,-0.40625,-0.8345629382606123
1972,1070,555,960,540,-110,-15,-0.4375,-0.8527291294819423
1973,1072,556,960,540,-112,-16,-0.5,-0.8285260293505001
1974,1073,562,960,540,-113,-22,-0.53125,-0.6013494050162939
1975,1073,573,960,540,-113,-33,-0.53125,-0.19309338732456283
1976,1073,582,960,540,-113,-42,-0.53125,0.18494724827730358
1977,1073,584,960,540,-113,-44,-0.53125,0.258922516867532
1978,1072,584,960,540,-112,-44,-0.5,0.26330482773301633
1979,1072,584,960,540,-112,-44,-0.5,0.25618991250368883
1980,1071,577,960,540,-111,-37,-0.46875,-0.014186223596352798
1981,1071,572,960,540,-111,-32,-0.46875,-0.20546216673824103
1982,1070,574,960,540,-110,-34,-0.4375,-0.1309380406004581
1983,1070,576,960,540,-110,-36,-0.4375,-0.06406356989435968
1984,1067,581,960,540,-107,-41,-0.34375,0.156695762903585
1985,1064,588,960,540,-104,-48,-0.25,0.4065396199837721
1986,1062,593,960,540,-102,-53,-0.1875,0.6222039248593705
1987,1060,597,960,540,-100,-57,-0.125,0.8123639806611938
1988,1058,601,960,540,-98,-61,-0.0625,0.9626203641595623
1989,1057,602,960,540,-97,-62,-0.03125,1.018019815161956
1990,1057,602,960,540,-97,-62,-0.03125,1.005280822427778
1991,1057,602,960,540,-97,-62,-0.03125,1.0007324738125196
1992,1057,601,960,540,-97,-61,-0.03125,0.9387323438364663
1993,1058,600,960,540,-98,-60,-0.0625,0.9192146666441889
1994,1059,594,960,540,-99,-54,-0.09375,0.6661239078707992
1995,1060,579,960,540,-100,-39,-0.125,0.06017781549286694
1996,1061,568,960,540,-101,-28,-0.15625,-0.32239724926891755
1997,1062,566,960,540,-102,-26,-0.1875,-0.3783164887881586
1998,1062,565,960,540,-102,-25,-0.1875,-0.4077654941430713
1999,1062,563,960,540,-102,-23,-0.1875,-0.5042560898341253
2000,1061,570,960,540,-101,-30,-0.15625,-0.2883786716632266
2001,1061,574,960,540,-101,-34,-0.15625,-0.10273853662791965
2002,1061,574,960,540,-101,-34,-0.15625,-0.09535911081301585
2003,1060,574,960,540,-100,-34,-0.125,-0.10043965057115223
2004,1060,574,960,540,-100,-34,-0.125,-0.10043965057115223
2005,1059,575,960,540,-99,-35,-0.09375,-0.07297142446361082
2006,1059,576,960,540,-99,-36,-0.09375,-0.017885039364350153
2007,1058,577,960,540,-98,-37,-0.0625,0.049451150176477165
2008,1058,577,960,540,-98,-37,-0.0625,0.05549002582052043
2009,1058,578,960,540,-98,-38,-0.0625,0.10453700748279782
2010,1058,579,960,540,-98,-39,-0.0625,0.1315885324955215
2011,1058,579,960,540,-98,-39,-0.0625,0.1428165692185852
2012,1058,578,960,540,-98,-38,-0.0625,0.0903544485505563
2013,1058,578,960,540,-98,-38,-0.0625,0.10120673195811292
2014,1059,578,960,540,-99,-38,-0.09375,0.08881952332802312
2015,1061,578,960,540,-101,-38,-0.15625,0.10928602943339194
2016,1062,577,960,540,-102,-37,-0.1875,0.03862660979542398
2017,1063,577,960,540,-103,-37,-0.21875,0.03355613120858125
2018,1064,576,960,540,-104,-36,-0.25,-0.002468450663224653
2019,1066,575,960,540,-106,-35,-0.3125,-0.03957267696294231
2020,1068,575,960,540,-108,-35,-0.375,-0.049792631784083774
2021,1070,573,960,540,-110,-33,-0.4375,-0.15641572907110213
2022,1073,568,960,540,-113,-28,-0.53125,-0.3711182803463382
2023,1075,564,960,540,-115,-24,-0.59375,-0.48382961154042015
2024,1076,562,960,540,-116,-22,-0.625,-0.5583511085601801
2025,1076,561,960,540,-116,-21,-0.625,-0.6089799851974695
2026,1074,561,960,540,-114,-21,-0.5625,-0.5570837825609369
2027,1073,561,960,540,-113,-21,-0.53125,-0.5372184279365786
2028,1069,560,960,540,-109,-20,-0.40625,-0.5908508319641499
2029,1066,560,960,540,-106,-20,-0.3125,-0.5862279077907115
2030,1064,560,960,540,-104,-20,-0.25,-0.6105146182445735
2031,1061,559,960,540,-101,-19,-0.15625,-0.6329336471609295
2032,1059,559,960,540,-99,-19,-0.09375,-0.6676924465144081
2033,1058,560,960,540,-98,-20,-0.0625,-0.6097753177325576
2034,1057,561,960,540,-97,-21,-0.03125,-0.5925917416070279
2035,1056,560,960,540,-96,-20,0.0,-0.6176071840718471
2036,1057,561,960,540,-97,-21,-0.03125,-0.6095851869326112
2037,1059,567,960,540,-99,-27,-0.09375,-0.3588270419102577
2038,1059,579,960,540,-99,-39,-0.09375,0.07330376508372538
2039,1060,585,960,540,-100,-45,-0.125,0.31668002193016087
2040,1063,585,960,540,-103,-45,-0.21875,0.31836980943310955
2041,1064,586,960,540,-104,-46,-0.25,0.37302350113276406
2042,1065,585,960,540,-105,-45,-0.28125,0.3446909252710506
2043,1067,580,960,540,-107,-40,-0.34375,0.13987657067087822
2044,1069,571,960,540,-109,-31,-0.40625,-0.19068923497113088
2045,1069,568,960,540,-109,-28,-0.40625,-0.3229116240028549
2046,1071,567,960,540,-111,-27,-0.46875,-0.34415190070533863
2047,1073,566,960,540,-113,-26,-0.53125,-0.38569993166837147
2048,1074,566,960,540,-114,-26,-0.5625,-0.3849402256583626
2049,1075,566,960,540,-115,-26,-0.59375,-0.3820051717661067
2050,1076,565,960,540,-116,-25,-0.625,-0.43080006129163384
2051,1073,564,960,540,-113,-24,-0.53125,-0.4474323392667683
2052,1071,564,960,540,-111,-24,-0.46875,-0.4474323392667683
2053,1061,564,960,540,-101,-24,-0.15625,-0.44756007708861656
2054,1051,565,960,540,-91,-25,0.15625,-0.37571950727823356
2055,1051,565,960,540,-91,-25,0.15625,-0.38499156015018454
2056,1055,565,960,540,-95,-25,0.03125,-0.3939030189007857
2057,1066,565,960,540,-106,-25,-0.3125,-0.41405248532949623
2058,1077,564,960,540,-117,-24,-0.65625,-0.46438178010232667
2059,1082,564,960,540,-122,-24,-0.8125,-0.4712715433392527
2060,1083,565,960,540,-123,-25,-0.84375,-0.4367462314455597
2061,1083,566,960,540,-123,-26,-0.84375,-0.3997091944085226
2062,1081,566,960,540,-121,-26,-0.78125,-0.38150009801434115
2063,1073,566,960,540,-113,-26,-0.53125,-0.3706033968253698
2064,1061,566,960,540,-101,-26,-0.15625,-0.3745091497621179
2065,1053,567,960,540,-93,-27,0.09375,-0.3058900420147592
2066,1050,567,960,540,-90,-27,0.1875,-0.3067782204780072
2067,1049,567,960,540,-89,-27,0.21875,-0.34879118851580304
2068,1048,567,960,540,-88,-27,0.25,-0.32245641143773773
2069,1047,567,960,540,-87,-27,0.28125,-0.31037658699309434
2070,1046,567,960,540,-86,-27,0.3125,-0.3310964620820025
2071,1044,567,960,540,-84,-27,0.375,-0.3262753692707021
2072,1043,568,960,540,-83,-28,0.40625,-0.2948654847621561
2073,1042,568,960,540,-82,-28,0.4375,-0.29234373168928496
2074,1042,568,960,540,-82,-28,0.4375,-0.29682040274562094
2075,1042,568,960,540,-82,-28,0.4375,-0.2876214985162149
2076,1042,569,960,540,-82,-29,0.4375,-0.2595423226156828
2077,1042,569,960,540,-82,-29,0.4375,-0.25495905226774473
2078,1043,569,960,540,-83,-29,0.40625,-0.2686789090692472
2079,1044,569,960,540,-84,-29,0.375,-0.26261881481340343
2080,1044,569,960,540,-84,-29,0.375,-0.2664197877285397
2081,1045,569,960,540,-85,-29,0.34375,-0.2576256734926521
2082,1045,569,960,540,-85,-29,0.34375,-0.23893675983624418
2083,1044,569,960,540,-84,-29,0.375,-0.24820326517514069
2084,1044,569,960,540,-84,-29,0.375,-0.25329935221961897
2085,1044,569,960,540,-84,-29,0.375,-0.25599816695323474
2086,1043,570,960,540,-83,-30,0.40625,-0.22552126861426092
2087,1043,570,960,540,-83,-30,0.40625,-0.21461092468852305
2088,1043,569,960,540,-83,-29,0.40625,-0.25164796172556025
2089,1043,569,960,540,-83,-29,0.40625,-0.2507743784403502
2090,1043,569,960,540,-83,-29,0.40625,-0.2550867645143937
2091,1043,569,960,540,-83,-29,0.40625,-0.2535737091145649
2092,1043,569,960,540,-83,-29,0.40625,-0.2516126824625262
2093,1043,569,960,540,-83,-29,0.40625,-0.2421113394442158
2094,1043,568,960,540,-83,-28,0.40625,-0.284688480172929
2095,1043,568,960,540,-83,-28,0.40625,-0.27928404122167994
2096,1043,569,960,540,-83,-29,0.40625,-0.2622554001409596
2097,1043,568,960,540,-83,-28,0.40625,-0.30420326078213544
2098,1043,568,960,540,-83,-28,0.40625,-0.30420326078213544
2099,1042,568,960,540,-82,-28,0.4375,-0.2906519097594418
2100,1041,568,960,540,-81,-28,0.46875,-0.29445688300755823
2101,1040,567,960,540,-80,-27,0.5,-0.35733866861514785
2102,1038,567,960,540,-78,-27,0.5625,-0.3482340709780831
2103,1036,566,960,540,-76,-26,0.625,-0.41970101301471685
2104,1035,566,960,540,-75,-26,0.65625,-0.3945468350901288
2105,1032,565,960,540,-72,-25,0.75,-0.4279250419363625
2106,1038,565,960,540,-78,-25,0.5625,-0.374130652770964
2107,1047,567,960,540,-87,-27,0.28125,-0.3046807343243434
2108,1048,568,960,540,-88,-28,0.25,-0.25978115201806773
2109,1045,569,960,540,-85,-29,0.34375,-0.24000126358466511
2110,1043,570,960,540,-83,-30,0.40625,-0.17944071035745357
2111,1042,572,960,540,-82,-32,0.4375,-0.09385339873474963
2112,1040,574,960,540,-80,-34,0.5,0.020270914143626362
2113,1039,576,960,540,-79,-36,0.53125,0.05423953210376853
2114,1038,578,960,540,-78,-38,0.5625,0.20192287505508033
2115,1037,581,960,540,-77,-41,0.59375,0.33086013443374096
2116,1037,584,960,540,-77,-44,0.59375,0.44205756177980393
2117,1037,588,960,540,-77,-48,0.59375,0.5892504809358714
2118,1037,590,960,540,-77,-50,0.59375,0.6639027493498204
2119,1036,594,960,540,-76,-54,0.625,0.8402654653834631
2120,1035,599,960,540,-75,-59,0.65625,1.0347369416718517
2121,1035,602,960,540,-75,-62,0.65625,1.1584475401550245
2122,1034,605,960,540,-74,-65,0.6875,1.2693944107097777
2123,1032,607,960,540,-72,-67,0.75,1.349683949730751
2124,1030,609,960,540,-70,-69,0.8125,1.468525560603183
2125,1029,608,960,540,-69,-68,0.84375,1.435286865252163
2126,1027,606,960,540,-67,-66,0.90625,1.343146346687451
2127,1024,600,960,540,-64,-60,1.0,1.1631086952662453
2128,1021,584,960,540,-61,-44,1.09375,0.5762710094982382
2129,1018,572,960,540,-58,-32,1.1875,0.11717287461087089
2130,1016,571,960,540,-56,-31,1.25,0.08879795035808735
2131,1018,571,960,540,-58,-31,1.1875,0.11377738377201774
2132,1029,572,960,540,-69,-32,0.84375,0.1413341438791209
2133,1037,574,960,540,-77,-34,0.59375,0.21975250712483274
2134,1035,575,960,540,-75,-35,0.65625,0.2516570263321125
2135,1031,580,960,540,-71,-40,0.78125,0.4414996047183226
2136,1026,585,960,540,-66,-45,0.9375,0.6266847899035077
2137,1022,591,960,540,-62,-51,1.0625,0.8808968140279585
2138,1023,842,960,540,-63,-302,1.03125,10.427942742070304
2139,1016,841,960,540,-56,-301,1.25,10.389219450200127
2140,1009,840,960,540,-49,-300,1.46875,10.377093781821278
2141,1003,834,960,540,-43,-294,1.65625,10.080802446488082
2142,998,829,960,540,-38,-289,1.8125,9.941904219708613
2143,993,830,960,540,-33,-290,1.96875,9.988087757558855
2144,993,825,960,540,-33,-285,1.96875,9.83527211726723
2145,1001,798,960,540,-41,-258,1.71875,8.889210311790254
2146,1004,763,960,540,-44,-223,1.625,7.601831192774537
2147,997,737,960,540,-37,-197,1.84375,6.624631260991835
2148,991,724,960,540,-31,-184,2.03125,6.111898243486656
2149,989,721,960,540,-29,-181,2.09375,6.014046486304903
2150,997,675,960,540,-37,-135,1.84375,4.387042248316356
2151,1004,631,960,540,-44,-91,1.625,2.7574126186867263
2152,1002,630,960,540,-42,-90,1.6875,2.726767618322505
2153,1000,628,960,540,-40,-88,1.75,2.6623760983409297
2154,999,626,960,540,-39,-86,1.78125,2.564421682413508
2155,999,625,960,540,-39,-85,1.78125,2.5346045541122457
2156,1002,623,960,540,-42,-83,1.6875,2.463904399781295
2157,1012,622,960,540,-52,-82,1.375,2.4172445185291314
2158,1024,622,960,540,-64,-82,1.0,2.450679821298799
2159,1029,622,960,540,-69,-82,0.84375,2.4398723243933507
2160,1030,621,960,540,-70,-81,0.8125,2.412940318778423
2161,1031,621,960,540,-71,-81,0.78125,2.3789084778891687
2162,1032,621,960,540,-72,-81,0.75,2.3982436595990926
2163,1034,620,960,540,-74,-80,0.6875,2.3685634091985586
2164,1035,620,960,540,-75,-80,0.65625,2.371461257291722
2165,1035,620,960,540,-75,-80,0.65625,2.3809756987883715
2166,1036,619,960,540,-76,-79,0.625,2.3543410046711033
2167,1037,619,960,540,-77,-79,0.59375,2.3310946273724262
2168,1039,611,960,540,-79,-71,0.53125,2.0401801300886664
2169,1040,597,960,540,-80,-57,0.5,1.5122486615916162
2170,1041,589,960,540,-81,-49,0.46875,1.19950520508753
2171,1041,587,960,540,-81,-47,0.46875,1.1244765680405886
2172,1040,587,960,540,-80,-47,0.5,1.1467627353213432
2173,1039,587,960,540,-79,-47,0.53125,1.144680307518811
2174,1038,587,960,540,-78,-47,0.5625,1.1407682336428873
2175,1035,588,960,540,-75,-48,0.65625,1.2150510031587964
2176,1031,590,960,540,-71,-50,0.78125,1.3229782161150694
2177,1024,592,960,540,-64,-52,1.0,1.3876989241875775
2178,1018,597,960,540,-58,-57,1.1875,1.565419074386826
2179,1014,361,960,540,-54,179,1.3125,-7.445754452773821
2180,1014,361,960,540,-54,179,1.3125,-7.451825783879361
2181,1015,361,960,540,-55,179,1.28125,-7.431231386843182
2182,1015,360,960,540,-55,180,1.28125,-7.449021619764764
2183,1015,359,960,540,-55,181,1.28125,-7.476069341781846
2184,1024,359,960,540,-64,181,1.0,-7.500034111669631
2185,1038,366,960,540,-78,174,0.5625,-7.222339619062536
2186,1044,374,960,540,-84,166,0.375,-6.923326672003274
2187,1046,378,960,540,-86,162,0.3125,-6.810075454892136
2188,1047,387,960,540,-87,153,0.28125,-6.5001145433618985
2189,1047,399,960,540,-87,141,0.28125,-6.028452725703391
2190,1048,407,960,540,-88,133,0.25,-5.746597107326139
2191,1047,409,960,540,-87,131,0.28125,-5.658364303020256
2192,1042,415,960,540,-82,125,0.4375,-5.4395470302366675
2193,1031,427,960,540,-71,113,0.78125,-4.989929495681014
2194,1024,436,960,540,-64,104,1.0,-4.655659277419921
2195,1022,439,960,540,-62,101,1.0625,-4.54454816630881
2196,1022,448,960,540,-62,92,1.0625,-4.225657871093124
2197,1023,462,960,540,-63,78,1.03125,-3.7141637163264343
2198,1024,467,960,540,-64,73,1.0,-3.5053767696113987
2199,1030,471,960,540,-70,69,0.8125,-3.370377382352097
2200,1040,481,960,540,-80,59,0.5,-3.0112957453742264
2201,1050,492,960,540,-90,48,0.1875,-2.563814912164007
2202,1053,496,960,540,-93,44,0.09375,-2.4411589676401935
2203,1053,497,960,540,-93,43,0.09375,-2.403849348881089
2204,1053,497,960,540,-93,43,0.09375,-2.3886631517611643
2205,1054,498,960,540,-94,42,0.0625,-2.3501928912617855
2206,1054,498,960,540,-94,42,0.0625,-2.3572300294761384
2207,1054,499,960,540,-94,41,0.0625,-2.318651861318668
2208,1054,500,960,540,-94,40,0.0625,-2.275939765387337
2209,1054,501,960,540,-94,39,0.0625,-2.2290114274621313
2210,1054,501,960,540,-94,39,0.0625,-2.2419111038552955
2211,1054,501,960,540,-94,39,0.0625,-2.2390808471479717
2212,1055,503,960,540,-95,37,0.03125,-2.2004884550729793
2213,1055,512,960,540,-95,28,0.03125,-1.8616771021772516
2214,1055,522,960,540,-95,18,0.03125,-1.4926802951215479
2215,1056,524,960,540,-96,16,0.0,-1.4040856540206348
2216,1057,524,960,540,-97,16,-0.03125,-1.424650582978689
2217,1057,524,960,540,-97,16,-0.03125,-1.4236672006273734
2218,1058,524,960,540,-98,16,-0.0625,-1.423444844681875
2219,1058,524,960,540,-98,16,-0.0625,-1.4109184146891565
2220,1058,524,960,540,-98,16,-0.0625,-1.412277342468921
2221,1059,524,960,540,-99,16,-0.09375,-1.407203415746921
2222,1059,525,960,540,-99,15,-0.09375,-1.3914933403385907
2223,1059,526,960,540,-99,14,-0.09375,-1.3298052343117912
2224,1059,526,960,540,-99,14,-0.09375,-1.3436294394732775
2225,1059,527,960,540,-99,13,-0.09375,-1.301492131772808
2226,1058,528,960,540,-98,12,-0.0625,-1.2711183551299543
2227,1058,538,960,540,-98,2,-0.0625,-0.8992074825892779
2228,1058,550,960,540,-98,-10,-0.0625,-0.4753377071103717
2229,1057,551,960,540,-97,-11,-0.03125,-0.4291483525484909
2230,1056,551,960,540,-96,-11,0.0,-0.41899940775938277
2231,1056,552,960,540,-96,-12,0.0,-0.37416160705914325
2232,1054,553,960,540,-94,-13,0.0625,-0.3420007174151288
2233,1053,554,960,540,-93,-14,0.09375,-0.30496368037809174
2234,1052,546,960,540,-92,-6,0.125,-0.6153110175407279
2235,1052,539,960,540,-92,1,0.125,-0.8610634381700386
2236,1052,538,960,540,-92,2,0.125,-0.8908147640252817
2237,1051,538,960,540,-91,2,0.15625,-0.9060805707432759
2238,1051,539,960,540,-91,1,0.15625,-0.8476882378267345
2239,1052,544,960,540,-92,-4,0.125,-0.6927524069147822
2240,1052,551,960,540,-92,-11,0.125,-0.42345841779339316
2241,1052,553,960,540,-92,-13,0.125,-0.33938808847010876
2242,1052,554,960,540,-92,-14,0.125,-0.3023510514330717
2243,1053,554,960,540,-93,-14,0.09375,-0.29263455149048245
2244,1053,554,960,540,-93,-14,0.09375,-0.2883459260727508
2245,1053,555,960,540,-93,-15,0.09375,-0.2620997881108641
2246,1053,555,960,540,-93,-15,0.09375,-0.2515580061243453
2247,1053,555,960,540,-93,-15,0.09375,-0.2437813012326263
2248,1053,556,960,540,-93,-16,0.09375,-0.19950137681817381
2249,1053,556,960,540,-93,-16,0.09375,-0.20420653477318407
2250,1053,556,960,540,-93,-16,0.09375,-0.2094539178687237
2251,1053,556,960,540,-93,-16,0.09375,-0.2104910984951921
2252,1054,557,960,540,-94,-17,0.0625,-0.16984453696839197
2253,1054,557,960,540,-94,-17,0.0625,-0.17669801525713957
2254,1054,557,960,540,-94,-17,0.0625,-0.1681857774523604
2255,1054,558,960,540,-94,-18,0.0625,-0.12724006402019294
2256,1053,558,960,540,-93,-18,0.09375,-0.1319903132330541
2257,1053,558,960,540,-93,-18,0.09375,-0.13241581775105382
2258,1053,558,960,540,-93,-18,0.09375,-0.13167714522138985
2259,1053,558,960,540,-93,-18,0.09375,-0.13402294025950745
2260,1053,558,960,540,-93,-18,0.09375,-0.13104753829359983
2261,1052,558,960,540,-92,-18,0.125,-0.13480113659138504
2262,1052,558,960,540,-92,-18,0.125,-0.14678711741247752
2263,1053,558,960,540,-93,-18,0.09375,-0.14678711741247752
2264,1052,558,960,540,-92,-18,0.125,-0.13091961426366916
2265,1052,558,960,540,-92,-18,0.125,-0.1369664687836637
2266,1052,558,960,540,-92,-18,0.125,-0.11851407110606427
2267,1052,558,960,540,-92,-18,0.125,-0.12709787144088636
2268,1051,559,960,540,-91,-19,0.15625,-0.11236968028732841
2269,1050,560,960,540,-90,-20,0.1875,-0.0671520215752699
2270,1048,561,960,540,-88,-21,0.25,-0.034456830878387246
2271,1047,563,960,540,-87,-23,0.28125,0.03344690363358627
2272,1046,565,960,540,-86,-25,0.3125,0.1004056109366307
2273,1046,567,960,540,-86,-27,0.3125,0.17927653865247906
2274,1046,568,960,540,-86,-28,0.3125,0.22459370548876523
2275,1046,568,960,540,-86,-28,0.3125,0.22211099898255104
2276,1046,569,960,540,-86,-29,0.3125,0.2660389529673399
2277,1046,569,960,540,-86,-29,0.3125,0.2510810080736403
2278,1047,569,960,540,-87,-29,0.28125,0.25866181904190344
2279,1048,570,960,540,-88,-30,0.25,0.29569885607894064
2280,1048,570,960,540,-88,-30,0.25,0.28903385496160006
2281,1048,570,960,540,-88,-30,0.25,0.28761635887240566
2282,1048,569,960,540,-88,-29,0.25,0.24790600870885926
2283,1048,569,960,540,-88,-29,0.25,0.24767533144401266
2284,1048,570,960,540,-88,-30,0.25,0.3039236143725065
2285,1048,569,960,540,-88,-29,0.25,0.2586684626569207
2286,1048,569,960,540,-88,-29,0.25,0.24764038358996499
2287,1048,569,960,540,-88,-29,0.25,0.2517851513661895
2288,1048,569,960,540,-88,-29,0.25,0.25632752367948475
2289,1048,569,960,540,-88,-29,0.25,0.2523665234461454
2290,1048,570,960,540,-88,-30,0.25,0.2915230112159948
2291,1048,569,960,540,-88,-29,0.25,0.24335790484204245
2292,1048,569,960,540,-88,-29,0.25,0.24906465001490996
2293,1047,569,960,540,-87,-29,0.28125,0.26696219875617666
2294,1047,569,960,540,-87,-29,0.28125,0.25077121583379847
2295,1048,569,960,540,-88,-29,0.25,0.26497967556251634
2296,1047,568,960,540,-87,-28,0.28125,0.2311472537999434
2297,1047,568,960,540,-87,-28,0.28125,0.21735403990014635
2298,1048,568,960,540,-88,-28,0.25,0.22531222094327774
2299,1048,568,960,540,-88,-28,0.25,0.21424679799816582
2300,1048,567,960,540,-88,-27,0.25,0.18281702327171656
2301,1048,567,960,540,-88,-27,0.25,0.17611245511387563
2302,1047,567,960,540,-87,-27,0.28125,0.19180620749038224
2303,1047,567,960,540,-87,-27,0.28125,0.193088289989375
2304,1047,566,960,540,-87,-26,0.28125,0.15373647964656634
2305,1047,567,960,540,-87,-27,0.28125,0.17633823143769278
2306,1047,567,960,540,-87,-27,0.28125,0.18492547915047886
2307,1047,567,960,540,-87,-27,0.28125,0.1936985262180586
2308,1046,567,960,540,-86,-27,0.3125,0.18829045005536071
2309,1046,566,960,540,-86,-26,0.3125,0.15660479754629286
2310,1046,567,960,540,-86,-27,0.3125,0.18877287032445556
2311,1046,567,960,540,-86,-27,0.3125,0.18482589153444018
2312,1046,566,960,540,-86,-26,0.3125,0.15658519911953017
2313,1047,566,960,540,-87,-26,0.28125,0.14537613883466083
2314,1047,566,960,540,-87,-26,0.28125,0.1445354355642362
2315,1047,566,960,540,-87,-26,0.28125,0.1343572488046324
2316,1047,565,960,540,-87,-25,0.28125,0.09288867054961614
2317,1048,565,960,540,-88,-25,0.25,0.10269786170825812
2318,1048,565,960,540,-88,-25,0.25,0.10453669987005765
2319,1048,565,960,540,-88,-25,0.25,0.11642378837310818
2320,1048,566,960,540,-88,-26,0.25,0.14734178736640247
2321,1048,566,960,540,-88,-26,0.25,0.1647970533395221
2322,1047,566,960,540,-87,-26,0.28125,0.1617785208871173
2323,1047,566,960,540,-87,-26,0.28125,0.14622185719343628
2324,1047,566,960,540,-87,-26,0.28125,0.13335984823643787
2325,1046,567,960,540,-86,-27,0.3125,0.17835307749352602
2326,1046,566,960,540,-86,-26,0.3125,0.13396931201047424
2327,1046,567,960,540,-86,-27,0.3125,0.17486189492082782
2328,1046,567,960,540,-86,-27,0.3125,0.17508005893146805
2329,1046,567,960,540,-86,-27,0.3125,0.17257872305392763
2330,1046,567,960,540,-86,-27,0.3125,0.168429388344972
2331,1046,567,960,540,-86,-27,0.3125,0.17515692089190849
2332,1046,567,960,540,-86,-27,0.3125,0.173838521745032
2333,1046,567,960,540,-86,-27,0.3125,0.17209316817675624
2334,1046,567,960,540,-86,-27,0.3125,0.17209316817675624
2335,1046,567,960,540,-86,-27,0.3125,0.1595535813615493
2336,1046,567,960,540,-86,-27,0.3125,0.16081963154172108
2337,1046,566,960,540,-86,-26,0.3125,0.12274167288582705
2338,1046,566,960,540,-86,-26,0.3125,0.1324075952589171
2339,1046,566,960,540,-86,-26,0.3125,0.12763520518777605
2340,1046,565,960,540,-86,-25,0.3125,0.09223097060353014
2341,1046,565,960,540,-86,-25,0.3125,0.09125921903819989
2342,1045,566,960,540,-85,-26,0.34375,0.11779011605980216
2343,1045,566,960,540,-85,-26,0.34375,0.11877136782810338
2344,1046,566,960,540,-86,-26,0.3125,0.1255920451592436
2345,1045,566,960,540,-85,-26,0.34375,0.1332368573914927
2346,1045,566,960,540,-85,-26,0.34375,0.11704605274225544
2347,1045,566,960,540,-85,-26,0.34375,0.13391917042579526
2348,1045,566,960,540,-85,-26,0.34375,0.12564737895172617
2349,1045,566,960,540,-85,-26,0.34375,0.1294799971183902
2350,1045,566,960,540,-85,-26,0.34375,0.12712968407849146
2351,1045,566,960,540,-85,-26,0.34375,0.1267366384470826
2352,1045,566,960,540,-85,-26,0.34375,0.12659332599586126
2353,1045,566,960,540,-85,-26,0.34375,0.12751357944852137
2354,1045,565,960,540,-85,-25,0.34375,0.08761432696263227
2355,1045,565,960,540,-85,-25,0.34375,0.0924936396439251
2356,1045,566,960,540,-85,-26,0.34375,0.12409424635031896
2357,1045,565,960,540,-85,-25,0.34375,0.08847020007279527
2358,1045,565,960,540,-85,-25,0.34375,0.08212828718835685
2359,1045,565,960,540,-85,-25,0.34375,0.08033434687137375
2360,1045,565,960,540,-85,-25,0.34375,0.0883134916984053
2361,1045,565,960,540,-85,-25,0.34375,0.08708182037362955
2362,1045,565,960,540,-85,-25,0.34375,0.07851575675963163
2363,1046,565,960,540,-86,-25,0.3125,0.08418624341375902
2364,1046,566,960,540,-86,-26,0.3125,0.1228241797691364
2365,1046,566,960,540,-86,-26,0.3125,0.11645103661462242
2366,1046,566,960,540,-86,-26,0.3125,0.120443674637843
2367,1046,565,960,540,-86,-25,0.3125,0.07273481642313229
2368,1046,565,960,540,-86,-25,0.3125,0.07654988728337819
2369,1046,565,960,540,-86,-25,0.3125,0.08243771217781548
2370,1046,565,960,540,-86,-25,0.3125,0.08243771217781548
2371,1046,565,960,540,-86,-25,0.3125,0.08841424950284149
2372,1046,566,960,540,-86,-26,0.3125,0.12456641327645046
2373,1046,566,960,540,-86,-26,0.3125,0.11406040888694702
2374,1046,566,960,540,-86,-26,0.3125,0.12748422291762307
2375,1046,566,960,540,-86,-26,0.3125,0.11940658191469833
2376,1045,566,960,540,-85,-26,0.34375,0.12405862864741857
2377,1045,566,960,540,-85,-26,0.34375,0.11996953206817895
2378,1046,566,960,540,-86,-26,0.3125,0.12521552129303326
2379,1046,566,960,540,-86,-26,0.3125,0.14100971663177042
2380,1046,566,960,540,-86,-26,0.3125,0.14100971663177042
2381,1045,566,960,540,-85,-26,0.34375,0.12843039504422327
2382,1045,566,960,540,-85,-26,0.34375,0.1330660309468239
2383,1045,566,960,540,-85,-26,0.34375,0.12255189918617193
2384,1045,566,960,540,-85,-26,0.34375,0.13519953109803906
2385,1045,565,960,540,-85,-25,0.34375,0.09869920362064644
2386,1045,565,960,540,-85,-25,0.34375,0.10619857802952581
2387,1045,565,960,540,-85,-25,0.34375,0.0998237425455375
2388,1045,565,960,540,-85,-25,0.34375,0.10064290026683775
2389,1045,565,960,540,-85,-25,0.34375,0.09821909899069448
2390,1045,565,960,540,-85,-25,0.34375,0.09903289095908163
2391,1046,565,960,540,-86,-25,0.3125,0.10111429601735333
2392,1046,566,960,540,-86,-26,0.3125,0.12482355488259866
2393,1046,566,960,540,-86,-26,0.3125,0.13144061822546005
2394,1046,566,960,540,-86,-26,0.3125,0.12691589478439214
2395,875,647,960,540,85,-107,5.65625,3.4743518072717774
2396,874,647,960,540,86,-107,5.6875,3.4823386780881043
2397,874,647,960,540,86,-107,5.6875,3.486464100335005
2398,874,648,960,540,86,-108,5.6875,3.5176469112708477
2399,876,647,960,540,84,-107,5.625,3.46838425118894
2400,885,643,960,540,75,-103,5.34375,3.3141147294256563
2401,917,621,960,540,43,-81,4.34375,2.515957217056595
2402,947,600,960,540,13,-60,3.40625,1.7220887423528928
2403,956,597,960,540,4,-57,3.125,1.6179707889183317
2404,958,597,960,540,2,-57,3.0625,1.6274149916686151
2405,964,590,960,540,-4,-50,2.875,1.3678686504765256
2406,976,578,960,540,-16,-38,2.5,0.9251995669975507
2407,984,568,960,540,-24,-28,2.25,0.5591979466977353
2408,986,565,960,540,-26,-25,2.1875,0.4468755097976429
2409,986,565,960,540,-26,-25,2.1875,0.4475816016609587
2410,986,565,960,540,-26,-25,2.1875,0.4381248400223549
2411,986,565,960,540,-26,-25,2.1875,0.4461094464551339
2412,986,565,960,540,-26,-25,2.1875,0.39023508426864095
2413,988,568,960,540,-28,-28,2.125,0.5399652184936559
2414,987,575,960,540,-27,-35,2.15625,0.8035158609422596
2415,986,583,960,540,-26,-43,2.1875,1.0947933264470366
2416,992,586,960,540,-32,-46,2.0,1.1939097528625022
2417,998,587,960,540,-38,-47,1.8125,1.230946789899539
2418,1007,588,960,540,-47,-48,1.53125,1.2704105426018333
2419,1017,589,960,540,-57,-49,1.21875,1.311563545996664
2420,1016,586,960,540,-56,-46,1.25,1.2180242378703856
2421,1016,575,960,540,-56,-35,1.25,0.7836131941707977
2422,1016,567,960,540,-56,-27,1.25,0.4913035253961324
2423,1015,564,960,540,-55,-24,1.28125,0.3738018720536863
2424,1015,563,960,540,-55,-23,1.28125,0.3402846206695276
2425,1015,549,960,540,-55,-9,1.28125,-0.19683515527139656
2426,1015,536,960,540,-55,4,1.28125,-0.6500764145759254
2427,1016,535,960,540,-56,5,1.25,-0.6871134516129624
2428,1018,536,960,540,-58,4,1.1875,-0.6431010222201559
2429,1031,543,960,540,-71,-3,0.78125,-0.377985788910175
2430,1044,552,960,540,-84,-12,0.375,-0.02582828007851795
2431,1046,557,960,540,-86,-17,0.3125,0.13678680827256734
2432,1045,561,960,540,-85,-21,0.34375,0.27045770840120953
2433,1045,563,960,540,-85,-23,0.34375,0.34021707908189947
2434,1040,563,960,540,-80,-23,0.5,0.3380364988477059
2435,1028,562,960,540,-68,-22,0.875,0.27260583954939244
2436,1020,562,960,540,-60,-22,1.125,0.3088766450844147
2437,1020,562,960,540,-60,-22,1.125,0.2871999553161575
2438,1027,562,960,540,-67,-22,0.90625,0.30793867038135314
2439,1040,562,960,540,-80,-22,0.5,0.29057126093644603
2440,1046,562,960,540,-86,-22,0.3125,0.2936473359189624
2441,1047,563,960,540,-87,-23,0.28125,0.33392707211306605
2442,1048,563,960,540,-88,-23,0.25,0.33725214511509294
2443,1048,563,960,540,-88,-23,0.25,0.3497565051456726
2444,1048,563,960,540,-88,-23,0.25,0.3441767309187794
2445,1048,563,960,540,-88,-23,0.25,0.3425710546415406
2446,1048,563,960,540,-88,-23,0.25,0.32928129467610734
2447,1049,563,960,540,-89,-23,0.21875,0.33830277458149083
2448,1049,563,960,540,-89,-23,0.21875,0.32931308275224125
2449,1049,563,960,540,-89,-23,0.21875,0.32603301555093755
2450,1049,562,960,540,-89,-22,0.21875,0.26408845413695226
2451,1050,562,960,540,-90,-22,0.1875,0.2942119010290214
2452,1051,563,960,540,-91,-23,0.15625,0.35116689892994357
2453,1051,563,960,540,-91,-23,0.15625,0.3446197886275636
2454,1052,563,960,540,-92,-23,0.125,0.347957144222526
2455,1052,563,960,540,-92,-23,0.125,0.35777223678215814
2456,1053,563,960,540,-93,-23,0.09375,0.35058771836160885
2457,1054,562,960,540,-94,-22,0.0625,0.3322243579696756
2458,1053,561,960,540,-93,-21,0.09375,0.3089176416625576
2459,1053,561,960,540,-93,-21,0.09375,0.2966945630110669
2460,1053,560,960,540,-93,-20,0.09375,0.26836682699028874
2461,1053,561,960,540,-93,-21,0.09375,0.29831307036250576
2462,1054,561,960,540,-94,-21,0.0625,0.292264989283565
2463,1054,561,960,540,-94,-21,0.0625,0.2918408023289109
2464,1054,561,960,540,-94,-21,0.0625,0.2873267099015342
2465,1055,560,960,540,-95,-20,0.03125,0.2732151932827774
2466,1055,560,960,540,-95,-20,0.03125,0.23156629059611888
2467,1056,560,960,540,-96,-20,0.0,0.21577367942470715
2468,1056,561,960,540,-96,-21,0.0,0.262673197213491
2469,1057,561,960,540,-97,-21,-0.03125,0.28161997901377256
2470,1055,562,960,540,-95,-22,0.03125,0.32291524041031217
2471,1055,562,960,540,-95,-22,0.03125,0.32291524041031217
2472,1054,563,960,540,-94,-23,0.0625,0.35211728574225076
2473,1053,565,960,540,-93,-25,0.09375,0.42089916046323583
2474,1053,566,960,540,-93,-26,0.09375,0.4738664863543883
2475,1053,568,960,540,-93,-28,0.09375,0.5372184923537837
2476,1060,640,960,540,-100,-100,-0.125,3.1972561601906215
2477,1060,640,960,540,-100,-100,-0.125,3.191655303646563
2478,1060,640,960,540,-100,-100,-0.125,3.1695092045632594
2479,1060,638,960,540,-100,-98,-0.125,3.117819693362086
2480,1060,623,960,540,-100,-83,-0.125,2.558163525452095
2481,1061,599,960,540,-101,-59,-0.15625,1.6660233645551417
2482,1062,583,960,540,-102,-43,-0.1875,1.0563816441635945
2483,1063,576,960,540,-103,-36,-0.21875,0.7812381854371696
2484,1065,574,960,540,-105,-34,-0.28125,0.6995531905177595
2485,1066,574,960,540,-106,-34,-0.3125,0.7210178478937579
2486,1066,574,960,540,-106,-34,-0.3125,0.7279225456320428
2487,1066,579,960,540,-106,-39,-0.3125,0.9009494984152118
2488,1066,589,960,540,-106,-49,-0.3125,1.2747245637567794
2489,1065,594,960,540,-105,-54,-0.28125,1.502668595268834
2490,1065,595,960,540,-105,-55,-0.28125,1.5258812535936084
2491,1064,588,960,540,-104,-48,-0.25,1.2813727415866398
2492,1063,579,960,540,-103,-39,-0.21875,0.918013172070397
2493,1062,576,960,540,-102,-36,-0.1875,0.7956717547978093
2494,1062,576,960,540,-102,-36,-0.1875,0.7907809830961878
2495,1063,577,960,540,-103,-37,-0.21875,0.8621422401342087
2496,1064,578,960,540,-104,-38,-0.25,0.8937577071520276
2497,1065,578,960,540,-105,-38,-0.28125,0.889709857950338
2498,1065,577,960,540,-105,-37,-0.28125,0.8197323860459017
2499,1066,577,960,540,-106,-37,-0.3125,0.8261214409856777
2500,1067,577,960,540,-107,-37,-0.34375,0.8340477593343576
2501,1067,578,960,540,-107,-38,-0.34375,0.857104643965191
2502,1066,578,960,540,-106,-38,-0.3125,0.8811861992847163
2503,1066,577,960,540,-106,-37,-0.3125,0.8534342524019365
2504,1066,577,960,540,-106,-37,-0.3125,0.8686796426479214
2505,1066,577,960,540,-106,-37,-0.3125,0.8316308475091013
2506,1066,577,960,540,-106,-37,-0.3125,0.8485350897983126
2507,1067,576,960,540,-107,-36,-0.34375,0.8383391187256284
2508,1068,577,960,540,-108,-37,-0.375,0.8683427835665323
2509,1069,577,960,540,-109,-37,-0.40625,0.8575768924370477
2510,1069,577,960,540,-109,-37,-0.40625,0.858536660008005
2511,1070,576,960,540,-110,-36,-0.4375,0.819845787838043
2512,1072,576,960,540,-112,-36,-0.5,0.7972994745699827
2513,1073,576,960,540,-113,-36,-0.53125,0.8047230026171164
2514,1074,576,960,540,-114,-36,-0.5625,0.8065059507142145
2515,1074,576,960,540,-114,-36,-0.5625,0.7994935609554039
2516,1062,576,960,540,-102,-36,-0.1875,0.8068461518099602
2517,1049,577,960,540,-89,-37,0.21875,0.8285435519372156
2518,1046,578,960,540,-86,-38,0.3125,0.8644534268961269
2519,1046,578,960,540,-86,-38,0.3125,0.8587210595478099
2520,1046,579,960,540,-86,-39,0.3125,0.9146762806424362
2521,1046,579,960,540,-86,-39,0.3125,0.9392205497896983
2522,1046,580,960,540,-86,-40,0.3125,0.9653642646294768
2523,1047,580,960,540,-87,-40,0.28125,0.9473655012228926
2524,1047,581,960,540,-87,-41,0.28125,0.9905183053592516
2525,1047,582,960,540,-87,-42,0.28125,1.0297276261061417
2526,1048,584,960,540,-88,-44,0.25,1.122931245702798
2527,1048,583,960,540,-88,-43,0.25,1.0845326242402256
2528,1048,576,960,540,-88,-36,0.25,0.8066145763877537
2529,1049,566,960,540,-89,-26,0.21875,0.44866705422676545
2530,1049,561,960,540,-89,-21,0.21875,0.26432950593242577
2531,1049,561,960,540,-89,-21,0.21875,0.23846329038400882
2532,1050,560,960,540,-90,-20,0.1875,0.20200341416362677
2533,1051,560,960,540,-91,-20,0.15625,0.22390524684052404
2534,1051,561,960,540,-91,-21,0.15625,0.2375318577903982
2535,1051,567,960,540,-91,-27,0.15625,0.47030348226814433
2536,1050,574,960,540,-90,-34,0.1875,0.7287907936504374
2537,1051,576,960,540,-91,-36,0.15625,0.7879500881927928
2538,1053,577,960,540,-93,-37,0.09375,0.8473330815767486
2539,1056,577,960,540,-96,-37,0.0,0.8610035228275237
2540,1057,570,960,540,-97,-30,-0.03125,0.5814064894086768
2541,1055,559,960,540,-95,-19,0.03125,0.19706885877939806
2542,1054,556,960,540,-94,-16,0.0625,0.049811010725601346
2543,1054,554,960,540,-94,-14,0.0625,-0.05557541611671757
2544,1055,552,960,540,-95,-12,0.03125,-0.10163645453563097
2545,1055,551,960,540,-95,-11,0.03125,-0.13501189658488372
2546,1056,551,960,540,-96,-11,0.0,-0.1255883318945134
2547,1057,551,960,540,-97,-11,-0.03125,-0.13873607316083808
2548,1056,551,960,540,-96,-11,0.0,-0.1279121603381273
2549,1056,551,960,540,-96,-11,0.0,-0.11507901923812386
2550,1055,550,960,540,-95,-10,0.03125,-0.15606671697352992
2551,1053,543,960,540,-93,-3,0.09375,-0.40925497811248984
2552,1050,536,960,540,-90,4,0.1875,-0.669082691631012
2553,1048,529,960,540,-88,11,0.25,-0.9807182264162726
2554,1184,404,960,540,-224,136,-4.0,-5.851974049839661
2555,1184,405,960,540,-224,135,-4.0,-5.822793812935451
2556,1185,406,960,540,-225,134,-4.03125,-5.812056316374781
2557,1185,408,960,540,-225,132,-4.03125,-5.762860086408526
2558,1186,415,960,540,-226,125,-4.0625,-5.455864663579557
2559,1181,425,960,540,-221,115,-3.90625,-5.091304713930527
2560,1168,438,960,540,-208,102,-3.5,-4.617939568813069
2561,1148,457,960,540,-188,83,-2.875,-3.9070173088286877
2562,1133,471,960,540,-173,69,-2.40625,-3.384029401731262
2563,1128,478,960,540,-168,62,-2.25,-3.1527784967343635
2564,1127,481,960,540,-167,59,-2.21875,-3.0169106240181165
2565,1128,483,960,540,-168,57,-2.25,-2.918475100190925
2566,1127,484,960,540,-167,56,-2.21875,-2.9082631370482375
2567,1127,486,960,540,-167,54,-2.21875,-2.801189757389916
2568,1127,486,960,540,-167,54,-2.21875,-2.8100998470479928
2569,1128,488,960,540,-168,52,-2.25,-2.7298680498328465
2570,1128,500,960,540,-168,40,-2.25,-2.286782828782406
2571,1128,512,960,540,-168,28,-2.25,-1.8384784492991264
2572,1127,514,960,540,-167,26,-2.21875,-1.7988407434655436
2573,1117,514,960,540,-157,26,-1.90625,-1.7742597778938647
2574,1104,514,960,540,-144,26,-1.5,-1.7731605191949242
2575,1102,515,960,540,-142,25,-1.4375,-1.7368362864461155
2576,1102,515,960,540,-142,25,-1.4375,-1.7430812136197864
2577,1102,516,960,540,-142,24,-1.4375,-1.7046805609039404
2578,1102,517,960,540,-142,23,-1.4375,-1.6647290795132892
2579,1102,518,960,540,-142,22,-1.4375,-1.6279053048981487
2580,1102,518,960,540,-142,22,-1.4375,-1.6387093457322475
2581,1102,521,960,540,-142,19,-1.4375,-1.5497865006624618
2582,1103,531,960,540,-143,9,-1.46875,-1.1715798259870782
2583,1103,540,960,540,-143,0,-1.46875,-0.8195205171220942
2584,1103,543,960,540,-143,-3,-1.46875,-0.7187199515398834
2585,1100,544,960,540,-140,-4,-1.375,-0.668296410608454
2586,1090,544,960,540,-130,-4,-1.0625,-0.6699376526576686
2587,1079,545,960,540,-119,-5,-0.71875,-0.6105839380209943
2588,1074,546,960,540,-114,-6,-0.5625,-0.594391548386455
2589,1074,546,960,540,-114,-6,-0.5625,-0.5899586271093407
2590,1075,546,960,540,-115,-6,-0.59375,-0.5954305142869393
2591,1074,546,960,540,-114,-6,-0.5625,-0.5824379560223133
2592,1075,545,960,540,-115,-5,-0.59375,-0.6295130913792628
2593,1075,544,960,540,-115,-4,-0.59375,-0.681558638012135
2594,1077,544,960,540,-117,-4,-0.65625,-0.6868067019100051
2595,1078,544,960,540,-118,-4,-0.6875,-0.679803907274189
2596,1080,543,960,540,-120,-3,-0.75,-0.7098821591456452
2597,1081,542,960,540,-121,-2,-0.78125,-0.7469191961826822
2598,1085,541,960,540,-125,-1,-0.90625,-0.7937922338321513
2599,1089,540,960,540,-129,0,-1.03125,-0.8065114823900622
2600,1091,539,960,540,-131,1,-1.09375,-0.8545657247593863
2601,1093,539,960,540,-133,1,-1.15625,-0.8436730221010917
2602,1088,539,960,540,-128,1,-1.0,-0.8451314745184288
2603,1076,539,960,540,-116,1,-0.625,-0.8623508112889522
2604,1067,539,960,540,-107,1,-0.34375,-0.8656515503932258
2605,1066,540,960,540,-106,0,-0.3125,-0.8391770182999547
2606,1067,540,960,540,-107,0,-0.34375,-0.8207156920083192
2607,1067,540,960,540,-107,0,-0.34375,-0.8315897670326584
2608,1067,546,960,540,-107,-6,-0.34375,-0.6481617058602857
2609,1067,558,960,540,-107,-18,-0.34375,-0.18699119167459533
2610,1065,564,960,540,-105,-24,-0.28125,0.06029335887663456
2611,1068,566,960,540,-108,-26,-0.375,0.10323179497774881
2612,1077,566,960,540,-117,-26,-0.65625,0.12152184003863697
2613,1089,566,960,540,-129,-26,-1.03125,0.1342510164775651
2614,1094,565,960,540,-134,-25,-1.1875,0.09620086041433429
2615,1094,565,960,540,-134,-25,-1.1875,0.0942983462753414
2616,1095,564,960,540,-135,-24,-1.21875,0.054077302675464844
2617,1095,556,960,540,-135,-16,-1.21875,-0.24390285632274689
2618,1095,548,960,540,-135,-8,-1.21875,-0.5616577989082742
2619,1087,547,960,540,-127,-7,-0.96875,-0.5845276399081663
2620,1074,545,960,540,-114,-5,-0.5625,-0.6481405541195806
2621,1068,545,960,540,-108,-5,-0.375,-0.6690186449422888
2622,1067,545,960,540,-107,-5,-0.34375,-0.6614909483063174
2623,1069,548,960,540,-109,-8,-0.40625,-0.5521342106352058
2624,1068,554,960,540,-108,-14,-0.375,-0.3357236086795574
2625,1068,559,960,540,-108,-19,-0.375,-0.14901414528213808
2626,1068,561,960,540,-108,-21,-0.375,-0.08310325479035174
2627,1067,563,960,540,-107,-23,-0.34375,-0.0023989758834246366
2628,1066,564,960,540,-106,-24,-0.3125,0.042599730368886535
2629,1065,560,960,540,-105,-20,-0.28125,-0.10715006951998829
2630,1065,553,960,540,-105,-13,-0.28125,-0.3591440889200272
2631,1064,550,960,540,-104,-10,-0.25,-0.46617753940664564
2632,1064,550,960,540,-104,-10,-0.25,-0.49592988842017405
2633,1064,551,960,540,-104,-11,-0.25,-0.4409600471112885
2634,1064,551,960,540,-104,-11,-0.25,-0.45387485309573655
2635,1064,550,960,540,-104,-10,-0.25,-0.47463538135552796
2636,1063,550,960,540,-103,-10,-0.21875,-0.4972863488017004
2637,1063,550,960,540,-103,-10,-0.21875,-0.5115078691199972
2638,1063,551,960,540,-103,-11,-0.21875,-0.4622088627275042
2639,1062,552,960,540,-102,-12,-0.1875,-0.4147305572004414
2640,1062,553,960,540,-102,-13,-0.1875,-0.37407494629757493
2641,1062,553,960,540,-102,-13,-0.1875,-0.38074661733274023
2642,1062,555,960,540,-102,-15,-0.1875,-0.27526062276547514
2643,1063,556,960,540,-103,-16,-0.21875,-0.23822358572843816
2644,1063,561,960,540,-103,-21,-0.21875,-0.05842233961182186
2645,1063,567,960,540,-103,-27,-0.21875,0.18023108352737383
2646,1064,567,960,540,-104,-27,-0.25,0.16631825728618088
2647,1064,567,960,540,-104,-27,-0.25,0.17027978191439785
2648,1064,566,960,540,-104,-26,-0.25,0.13154819829437592
2649,1064,565,960,540,-104,-25,-0.25,0.10008287528376503
2650,1064,565,960,540,-104,-25,-0.25,0.08749479248134162
2651,1064,564,960,540,-104,-24,-0.25,0.05913183195725513
2652,1065,563,960,540,-105,-23,-0.28125,0.02818557406740496
2653,1065,563,960,540,-105,-23,-0.28125,0.03807307580728381
2654,1065,563,960,540,-105,-23,-0.28125,0.01958865248551611
2655,1065,563,960,540,-105,-23,-0.28125,0.01872645387454286
2656,1065,563,960,540,-105,-23,-0.28125,0.014942338986704384
2657,1065,563,960,540,-105,-23,-0.28125,0.016218181027827794
2658,1065,563,960,540,-105,-23,-0.28125,0.012776829144894197
2659,1064,563,960,540,-104,-23,-0.25,0.027733894859592434
2660,1064,563,960,540,-104,-23,-0.25,0.02336766554260905
2661,1064,564,960,540,-104,-24,-0.25,0.06040470257964603
2662,1064,564,960,540,-104,-24,-0.25,0.05362103685086306
2663,1063,564,960,540,-103,-24,-0.21875,0.04639359958881051
2664,1062,565,960,540,-102,-25,-0.1875,0.07694541563479729
2665,1062,565,960,540,-102,-25,-0.1875,0.07078955334040771
2666,1061,565,960,540,-101,-25,-0.15625,0.06912561214080826
2667,1061,564,960,540,-101,-24,-0.15625,0.04813866866819594
2668,1060,564,960,540,-100,-24,-0.125,0.06077545746636093
2669,1060,564,960,540,-100,-24,-0.125,0.0549920215609796
2670,1059,564,960,540,-99,-24,-0.09375,0.047418341579343215
2671,1059,564,960,540,-99,-24,-0.09375,0.050060376600498224
2672,1059,564,960,540,-99,-24,-0.09375,0.04070488850518772
2673,1059,565,960,540,-99,-25,-0.09375,0.07976672281889519
2674,1058,565,960,540,-98,-25,-0.0625,0.08546171617535836
2675,1058,565,960,540,-98,-25,-0.0625,0.08139659274593258
2676,1058,565,960,540,-98,-25,-0.0625,0.0855014522776898
2677,1058,564,960,540,-98,-24,-0.0625,0.04571903098358876
2678,1058,564,960,540,-98,-24,-0.0625,0.0384077084988802
2679,1058,565,960,540,-98,-25,-0.0625,0.07072659304706996
2680,1058,565,960,540,-98,-25,-0.0625,0.08942923700340377
2681,1058,564,960,540,-98,-24,-0.0625,0.06502628646439668
2682,1059,564,960,540,-99,-24,-0.09375,0.0494513586584292
2683,1060,564,960,540,-100,-24,-0.125,0.05608837979421388
2684,900,646,960,540,60,-106,4.875,3.4158197529093797
2685,900,646,960,540,60,-106,4.875,3.421627330550447
2686,900,646,960,540,60,-106,4.875,3.429065336154793
2687,900,647,960,540,60,-107,4.875,3.47207070847239
2688,901,648,960,540,59,-108,4.84375,3.4934983886039
2689,908,648,960,540,52,-108,4.625,3.5064899292593417
2690,925,638,960,540,35,-98,4.09375,3.18555351326033
2691,960,606,960,540,0,-66,3.0,1.9370086922548038
2692,987,578,960,540,-27,-38,2.15625,0.8876970597816288
2693,993,573,960,540,-33,-33,1.96875,0.6930067731867414
2694,996,569,960,540,-36,-29,1.875,0.5679954883162018
2695,1011,555,960,540,-51,-15,1.40625,0.034866326819105065
2696,1024,542,960,540,-64,-2,1.0,-0.4353388725993028
2697,1025,541,960,540,-65,-1,0.96875,-0.4841276282905432
2698,1025,543,960,540,-65,-3,0.96875,-0.39079821474971804
2699,1025,559,960,540,-65,-19,0.96875,0.19511908075726547
2700,1024,574,960,540,-64,-34,1.0,0.7506746363128208
2701,1024,573,960,540,-64,-33,1.0,0.7136375992757839
2702,1024,580,960,540,-64,-40,1.0,0.9460751411960541
2703,1023,589,960,540,-63,-49,1.03125,1.3291771599634572
2704,1015,590,960,540,-55,-50,1.28125,1.3328783838907936
2705,1002,591,960,540,-42,-51,1.6875,1.3680514151494365
2706,1004,589,960,540,-44,-49,1.625,1.2685215521983715
2707,1018,580,960,540,-58,-40,1.1875,0.9565664578632594
2708,1024,573,960,540,-64,-33,1.0,0.6975658979440877
2709,1025,571,960,540,-65,-31,0.96875,0.6122815738774972
2710,1025,571,960,540,-65,-31,0.96875,0.6278843811748521
2711,1025,572,960,540,-65,-32,0.96875,0.680773716949518
2712,1024,572,960,540,-64,-32,1.0,0.6736627499206497
2713,1024,572,960,540,-64,-32,1.0,0.6857016746211958
2714,1024,572,960,540,-64,-32,1.0,0.6623660466425474
2715,1024,572,960,540,-64,-32,1.0,0.6677876973251098
2716,1025,572,960,540,-65,-32,0.96875,0.6685790660500276
2717,1025,572,960,540,-65,-32,0.96875,0.6640083921085148
2718,1025,572,960,540,-65,-32,0.96875,0.6773726038765776
2719,1032,572,960,540,-72,-32,0.75,0.6534975179250623
2720,1046,573,960,540,-86,-33,0.3125,0.6911853744649891
2721,1053,573,960,540,-93,-33,0.09375,0.6806805834094323
2722,1053,571,960,540,-93,-31,0.09375,0.6326194078682961
2723,1052,561,960,540,-92,-21,0.125,0.2849961886824629
2724,1052,551,960,540,-92,-11,0.125,-0.10164471954192728
2725,1051,546,960,540,-91,-6,0.15625,-0.2747635956117368
2726,1048,545,960,540,-88,-5,0.25,-0.3390877774007783
2727,1041,545,960,540,-81,-5,0.46875,-0.35890244743852723
2728,1029,545,960,540,-69,-5,0.84375,-0.34181904599855156
2729,1022,544,960,540,-62,-4,1.0625,-0.37439505686431307
2730,1022,544,960,540,-62,-4,1.0625,-0.38540961956995845
2731,1023,550,960,540,-63,-10,1.03125,-0.15360405426406698
2732,1024,558,960,540,-64,-18,1.0,0.14626089395789943
2733,1029,562,960,540,-69,-22,0.84375,0.3035315395880861
2734,1040,564,960,540,-80,-24,0.5,0.3624151850818522
2735,1052,565,960,540,-92,-25,0.125,0.3994829342257735
2736,1058,567,960,540,-98,-27,-0.0625,0.4692498979580376
2737,1059,569,960,540,-99,-29,-0.09375,0.5763800099431173
2738,1060,570,960,540,-100,-30,-0.125,0.5740526430335878
2739,1060,571,960,540,-100,-31,-0.125,0.6153977600751457
2740,1061,571,960,540,-101,-31,-0.15625,0.6286434878763425
2741,1062,571,960,540,-102,-31,-0.1875,0.6105712060806583
2742,1063,569,960,540,-103,-29,-0.21875,0.5590395165334978
2743,1063,560,960,540,-103,-20,-0.21875,0.23654951581643646
2744,1062,550,960,540,-102,-10,-0.1875,-0.16339308281225462
2745,1061,548,960,540,-101,-8,-0.15625,-0.21103541881169696
2746,1058,549,960,540,-98,-9,-0.0625,-0.1547855472887188
2747,1054,549,960,540,-94,-9,0.0625,-0.163660714231527
2748,1053,548,960,540,-93,-8,0.09375,-0.19483222412167922
2749,1053,548,960,540,-93,-8,0.09375,-0.1988702482798928
2750,1052,548,960,540,-92,-8,0.125,-0.1870458426770234
2751,1052,547,960,540,-92,-7,0.125,-0.23451156328681555
2752,1052,547,960,540,-92,-7,0.125,-0.23728763634280325
2753,1052,547,960,540,-92,-7,0.125,-0.2558435306908509
2754,1051,547,960,540,-91,-7,0.15625,-0.25856377941927006
2755,1050,546,960,540,-90,-6,0.1875,-0.29394475344826354
2756,1050,546,960,540,-90,-6,0.1875,-0.321296681183842
2757,1051,546,960,540,-91,-6,0.15625,-0.3069443474929199
2758,1051,547,960,540,-91,-7,0.15625,-0.2164149605184134
2759,1053,547,960,540,-93,-7,0.09375,-0.23366441117861408
2760,1056,548,960,540,-96,-8,0.0,-0.18259090102211778
2761,1057,548,960,540,-97,-8,-0.03125,-0.20266243136633277
2762,1057,547,960,540,-97,-7,-0.03125,-0.2555209663481091
2763,1058,547,960,540,-98,-7,-0.0625,-0.22231618376064788
2764,1059,548,960,540,-99,-8,-0.09375,-0.26306601341656144
2765,1060,549,960,540,-100,-9,-0.125,-0.19853859866256035
2766,1060,551,960,540,-100,-11,-0.125,-0.1104669495076141
2767,1059,551,960,540,-99,-11,-0.09375,-0.09208256690677386
2768,1057,549,960,540,-97,-9,-0.03125,-0.15435464001466603
2769,1055,549,960,540,-95,-9,0.03125,-0.18052812709913274
2770,1053,551,960,540,-93,-11,0.09375,-0.052128669016354434
2771,1051,552,960,540,-91,-12,0.15625,-0.03057458693870052
2772,1050,552,960,540,-90,-12,0.1875,-0.030961138453935166
2773,1050,552,960,540,-90,-12,0.1875,-0.034979995500441896
2774,1050,552,960,540,-90,-12,0.1875,-0.0568284940147461
2775,1050,552,960,540,-90,-12,0.1875,-0.03227364987547654
2776,1050,551,960,540,-90,-11,0.1875,-0.09081234694891216
2777,1049,551,960,540,-89,-11,0.21875,-0.09436110150616911
2778,1049,553,960,540,-89,-13,0.21875,0.042017511226495496
2779,1049,554,960,540,-89,-14,0.21875,0.020828301572385965
2780,1048,554,960,540,-88,-14,0.25,0.03289198519907488
2781,1048,556,960,540,-88,-16,0.25,0.1050850607258782
2782,1051,556,960,540,-91,-16,0.15625,0.06360295481986822
2783,1058,557,960,540,-98,-17,-0.0625,0.1188974071651302
2784,1064,557,960,540,-104,-17,-0.25,0.10325923018943806
2785,1065,558,960,540,-105,-18,-0.28125,0.14149623128743105
2786,1067,559,960,540,-107,-19,-0.34375,0.18757669783478914
2787,1067,561,960,540,-107,-21,-0.34375,0.24975357269178278
2788,1066,564,960,540,-106,-24,-0.3125,0.36086468380289394
2789,1061,566,960,540,-101,-26,-0.15625,0.44640020224558563
2790,1055,567,960,540,-95,-27,0.03125,0.515884123462844
2791,1054,568,960,540,-94,-28,0.0625,0.4955431177903872
2792,1054,568,960,540,-94,-28,0.0625,0.5354690979962575
2793,1054,568,960,540,-94,-28,0.0625,0.5196259723465564
2794,1054,570,960,540,-94,-30,0.0625,0.5785941611022622
2795,1054,572,960,540,-94,-32,0.0625,0.6662590629518365
2796,1055,574,960,540,-95,-34,0.03125,0.7454343148068614
2797,1056,576,960,540,-96,-36,0.0,0.8422182930236135
2798,1057,577,960,540,-97,-37,-0.03125,0.8657750849758277
2799,1058,578,960,540,-98,-38,-0.0625,0.9257419111486889
2800,1058,578,960,540,-98,-38,-0.0625,0.909898374828675
2801,1058,577,960,540,-98,-37,-0.0625,0.8523581863169998
2802,1057,575,960,540,-97,-35,-0.03125,0.7997150590493142
2803,1057,572,960,540,-97,-32,-0.03125,0.6686099659000444
2804,1057,569,960,540,-97,-29,-0.03125,0.5513358890189756
2805,1058,567,960,540,-98,-27,-0.0625,0.4737352994050912
2806,1060,565,960,540,-100,-25,-0.125,0.4018743644298226
2807,1063,564,960,540,-103,-24,-0.21875,0.3727032795001456
2808,1068,566,960,540,-108,-26,-0.375,0.4523782236054359
2809,1072,569,960,540,-112,-29,-0.5,0.5419580259657425
2810,1074,575,960,540,-114,-35,-0.5625,0.8365003322769498
2811,1061,585,960,540,-101,-45,-0.15625,1.2071810077779928
2812,1047,584,960,540,-87,-44,0.28125,1.1596748997537902
2813,1045,570,960,540,-85,-30,0.34375,0.6433695719863779
2814,1058,630,960,540,-98,-90,-0.0625,2.885638728777108
2815,1043,628,960,540,-83,-88,0.40625,2.811564654703034
2816,1049,634,960,540,-89,-94,0.21875,2.9587484706912326
2817,1162,424,960,540,-202,116,-3.3125,-5.116986943481015
2818,1162,426,960,540,-202,114,-3.3125,-5.058774763492236
2819,1163,427,960,540,-203,113,-3.34375,-5.01147410500756
2820,1163,427,960,540,-203,113,-3.34375,-5.0193795782363555
2821,1163,426,960,540,-203,114,-3.34375,-5.062880683992404
2822,1163,426,960,540,-203,114,-3.34375,-5.0548928376035995
2823,1164,427,960,540,-204,113,-3.375,-5.018064551062615
2824,1163,426,960,540,-203,114,-3.34375,-5.041172468298821
2825,1152,426,960,540,-192,114,-3.0,-5.048898618307957
2826,1138,425,960,540,-178,115,-2.5625,-5.086133503487578
2827,1135,426,960,540,-175,114,-2.46875,-5.045837429010716
2828,1135,426,960,540,-175,114,-2.46875,-5.058883409340346
2829,1135,431,960,540,-175,109,-2.46875,-4.877732721901032
2830,1134,438,960,540,-174,102,-2.4375,-4.5816180100262285
2831,1131,443,960,540,-171,97,-2.34375,-4.415184109558486
2832,1117,456,960,540,-157,84,-1.90625,-3.9148307992814146
2833,1107,467,960,540,-147,73,-1.59375,-3.5074233918740076
2834,1106,471,960,540,-146,69,-1.5625,-3.387018069158001
2835,1105,482,960,540,-145,58,-1.53125,-2.953910797074345
2836,1105,493,960,540,-145,47,-1.53125,-2.5573494875337337
2837,1105,499,960,540,-145,41,-1.53125,-2.3426509140670393
2838,1105,501,960,540,-145,39,-1.53125,-2.269502168268696
2839,1105,502,960,540,-145,38,-1.53125,-2.2275322610894683
2840,1105,502,960,540,-145,38,-1.53125,-2.2342635058656493
2841,1106,502,960,540,-146,38,-1.5625,-2.2400530527381965
2842,1106,502,960,540,-146,38,-1.5625,-2.2403087041068654
2843,1106,506,960,540,-146,34,-1.5625,-2.088366239025767
2844,1106,517,960,540,-146,23,-1.5625,-1.6820438493652992
2845,1107,526,960,540,-147,14,-1.59375,-1.3543494771342452
2846,1106,529,960,540,-146,11,-1.5625,-1.2360628606436717
2847,1100,530,960,540,-140,10,-1.375,-1.2062346211302901
2848,1087,530,960,540,-127,10,-0.96875,-1.1844655447964838
2849,1078,531,960,540,-118,9,-0.6875,-1.1550473961473762
2850,1078,531,960,540,-118,9,-0.6875,-1.1420937622647054
2851,1077,531,960,540,-117,9,-0.65625,-1.1531656214506598
2852,1077,531,960,540,-117,9,-0.65625,-1.164483598798283
2853,1076,532,960,540,-116,8,-0.625,-1.1184782325585867
2854,1076,532,960,540,-116,8,-0.625,-1.1084435425625951
2855,1076,531,960,540,-116,9,-0.625,-1.1583666026315573
2856,1075,530,960,540,-115,10,-0.59375,-1.1807536868889184
2857,1075,531,960,540,-115,9,-0.59375,-1.1621109441488866
2858,1076,530,960,540,-116,10,-0.625,-1.1922082256521664
2859,1075,530,960,540,-115,10,-0.59375,-1.1970542586328472
2860,1075,535,960,540,-115,5,-0.59375,-0.9936203500662366
2861,1075,546,960,540,-115,-6,-0.59375,-0.5944619456242463
2862,1074,554,960,540,-114,-14,-0.5625,-0.2891995035703312
2863,1074,556,960,540,-114,-16,-0.5625,-0.20600407408396137
2864,1075,557,960,540,-115,-17,-0.59375,-0.17665290659331367
2865,1075,557,960,540,-115,-17,-0.59375,-0.18336099254270433
2866,1075,557,960,540,-115,-17,-0.59375,-0.19132170054871245
2867,1074,549,960,540,-114,-9,-0.5625,-0.503551243500485
2868,1074,541,960,540,-114,-1,-0.5625,-0.7937471846688773
2869,1074,540,960,540,-114,0,-0.5625,-0.814538784743124
2870,1073,539,960,540,-113,1,-0.53125,-0.8764808005860065
2871,1068,539,960,540,-108,1,-0.375,-0.857703777168634
2872,1054,545,960,540,-94,-5,0.0625,-0.63714700550521
2873,1046,551,960,540,-86,-11,0.3125,-0.4564664606145075
2874,1046,553,960,540,-86,-13,0.3125,-0.37102103649821866
2875,1058,554,960,540,-98,-14,-0.0625,-0.3540299721472192
2876,1071,555,960,540,-111,-15,-0.46875,-0.2986343538507211
2877,1073,554,960,540,-113,-14,-0.53125,-0.3284691602123617
2878,1072,554,960,540,-112,-14,-0.5,-0.3284691602123617
2879,1072,554,960,540,-112,-14,-0.5,-0.31530827145256846
2880,1072,554,960,540,-112,-14,-0.5,-0.33831131074358867
2881,1067,554,960,540,-107,-14,-0.34375,-0.3037040216443364
2882,1054,555,960,540,-94,-15,0.0625,-0.29814326082943676
2883,1044,555,960,540,-84,-15,0.375,-0.2652962219279882
2884,1042,556,960,540,-82,-16,0.4375,-0.2385386751834262
2885,1044,556,960,540,-84,-16,0.375,-0.2369908487468434
2886,1059,556,960,540,-99,-16,-0.09375,-0.24211622673277744
2887,1071,556,960,540,-111,-16,-0.46875,-0.22617892215528812
2888,1072,556,960,540,-112,-16,-0.5,-0.2218978800016993
2889,1072,556,960,540,-112,-16,-0.5,-0.21920019365536214
2890,1073,556,960,540,-113,-16,-0.53125,-0.21878195403196665
2891,1073,556,960,540,-113,-16,-0.53125,-0.22038226728650367
2892,1072,556,960,540,-112,-16,-0.5,-0.2311424140097097
2893,1065,557,960,540,-105,-17,-0.28125,-0.17603168722419815
2894,1053,557,960,540,-93,-17,0.09375,-0.19930406250661692
2895,1045,557,960,540,-85,-17,0.34375,-0.19662420351168586
2896,1045,558,960,540,-85,-18,0.34375,-0.15964899623340068
2897,1045,558,960,540,-85,-18,0.34375,-0.15964899623340068
2898,1045,558,960,540,-85,-18,0.34375,-0.16453329661683402
2899,1045,558,960,540,-85,-18,0.34375,-0.15451334775442427
2900,1045,558,960,540,-85,-18,0.34375,-0.16424704049177408
2901,1044,558,960,540,-84,-18,0.375,-0.16323960903107626
2902,1044,558,960,540,-84,-18,0.375,-0.15145111803242872
2903,1045,558,960,540,-85,-18,0.34375,-0.1597063776324661
2904,1045,558,960,540,-85,-18,0.34375,-0.1603313351681448
2905,1045,558,960,540,-85,-18,0.34375,-0.15564550209980976
2906,1046,559,960,540,-86,-19,0.3125,-0.11789142616785775
2907,1046,559,960,540,-86,-19,0.3125,-0.12239008317801447
2908,1046,559,960,540,-86,-19,0.3125,-0.12148605533168944
2909,1046,559,960,540,-86,-19,0.3125,-0.11408608990820446
2910,1046,559,960,540,-86,-19,0.3125,-0.11597685759240528
2911,1046,559,960,540,-86,-19,0.3125,-0.13539055553718538
2912,1045,559,960,540,-85,-19,0.34375,-0.1256433154709672
2913,1045,559,960,540,-85,-19,0.34375,-0.12681847700855053
2914,1045,559,960,540,-85,-19,0.34375,-0.13229846203610696
2915,1045,559,960,540,-85,-19,0.34375,-0.13229846203610696
2916,1045,559,960,540,-85,-19,0.34375,-0.12582248087563908
2917,1045,559,960,540,-85,-19,0.34375,-0.12825102369018238
2918,1045,559,960,540,-85,-19,0.34375,-0.11409917496972011
2919,1046,559,960,540,-86,-19,0.3125,-0.11097882366750655
2920,1045,559,960,540,-85,-19,0.34375,-0.10617134577964449
2921,1045,560,960,540,-85,-20,0.34375,-0.07489216034344826
2922,1045,561,960,540,-85,-21,0.34375,-0.043932299278669706
2923,1045,562,960,540,-85,-22,0.34375,-0.009794374051804278
2924,1045,562,960,540,-85,-22,0.34375,-0.009794374051804278
2925,1045,562,960,540,-85,-22,0.34375,-0.019256003163061197
2926,1044,562,960,540,-84,-22,0.375,-0.030810748443460545
2927,1044,563,960,540,-84,-23,0.375,0.008468015146160246
2928,1044,563,960,540,-84,-23,0.375,0.01977056808404143
2929,1044,562,960,540,-84,-22,0.375,-0.003310308404941953
2930,1044,561,960,540,-84,-21,0.375,-0.04522336802529969
2931,1044,561,960,540,-84,-21,0.375,-0.039091320240261074
2932,1044,562,960,540,-84,-22,0.375,-0.008803268989559743
2933,1043,562,960,540,-83,-22,0.40625,-0.017079592694371648
2934,1042,562,960,540,-82,-22,0.4375,-0.028637856968739883
2935,1041,562,960,540,-81,-22,0.46875,-0.02404240771673538
2936,1037,562,960,540,-77,-22,0.59375,-0.04728576672245022
2937,1033,564,960,540,-73,-24,0.71875,0.015927369176338524
2938,1029,565,960,540,-69,-25,0.84375,0.04118150820014177
2939,1027,566,960,540,-67,-26,0.90625,0.12367335928100187
2940,1037,567,960,540,-77,-27,0.59375,0.14792307286337358
2941,1050,568,960,540,-90,-28,0.1875,0.20861660596373666
2942,1053,568,960,540,-93,-28,0.09375,0.17802918498690812
2943,1053,568,960,540,-93,-28,0.09375,0.19387824923975439
2944,1056,567,960,540,-96,-27,0.0,0.16361962734378954
2945,1060,566,960,540,-100,-26,-0.125,0.0885746595304826
2946,1064,564,960,540,-104,-24,-0.25,0.009949424103420812
2947,1069,563,960,540,-109,-23,-0.40625,0.009303506016657082
2948,1074,562,960,540,-114,-22,-0.5625,-0.012664441861398701
2949,1079,562,960,540,-119,-22,-0.71875,-0.008840793557506221
2950,1083,561,960,540,-123,-21,-0.84375,-0.0628757448680588
2951,1087,561,960,540,-127,-21,-0.96875,-0.05808341876592105
2952,1085,562,960,540,-125,-22,-0.90625,-0.027301641582949676
2953,1076,563,960,540,-116,-23,-0.625,-0.014105364412356103
2954,1069,564,960,540,-109,-24,-0.40625,0.060815006990219356
2955,1068,566,960,540,-108,-26,-0.375,0.142079690820493
2956,1068,568,960,540,-108,-28,-0.375,0.1910833952942287
2957,1066,571,960,540,-106,-31,-0.3125,0.29507047243419904
2958,1063,573,960,540,-103,-33,-0.21875,0.36978607713403666
2959,1061,574,960,540,-101,-34,-0.15625,0.42440299365121514
2960,1058,576,960,540,-98,-36,-0.0625,0.5081947449259634
2961,1055,577,960,540,-95,-37,0.03125,0.5536912276338066
2962,1052,576,960,540,-92,-36,0.125,0.5012179037718665
2963,1049,576,960,540,-89,-36,0.21875,0.49558326671572783
2964,1047,575,960,540,-87,-35,0.28125,0.4553550541509598
2965,1042,567,960,540,-82,-27,0.4375,0.18311569413316076
2966,1038,557,960,540,-78,-17,0.5625,-0.18930276701705495
2967,1035,556,960,540,-75,-16,0.65625,-0.2300969952260864
2968,1028,556,960,540,-68,-16,0.875,-0.22781491356193084
2969,1021,557,960,540,-61,-17,1.09375,-0.18763217606930183
2970,1018,557,960,540,-58,-17,1.1875,-0.18763217606930183
2971,1018,556,960,540,-58,-16,1.1875,-0.23067850072855434
2972,1022,555,960,540,-62,-15,1.0625,-0.281698409914123
2973,1020,552,960,540,-60,-12,1.125,-0.4033553950267924
2974,1011,550,960,540,-51,-10,1.40625,-0.46908817498182787
2975,1004,547,960,540,-44,-7,1.625,-0.6076249944688636
2976,997,545,960,540,-37,-5,1.84375,-0.6723867387360565
2977,990,542,960,540,-30,-2,2.0625,-0.8103568374295239
2978,988,539,960,540,-28,1,2.125,-0.9285454034129907
2979,991,536,960,540,-31,4,2.03125,-1.0427226316553044
2980,994,535,960,540,-34,5,1.9375,-1.0889595240043446
2981,990,533,960,540,-30,7,2.0625,-1.1853084407731884
2982,984,532,960,540,-24,8,2.25,-1.2318155456577689
2983,980,536,960,540,-20,4,2.375,-1.0954537394022252
2984,979,540,960,540,-19,0,2.40625,-0.9650374818159584
2985,985,538,960,540,-25,2,2.21875,-1.0467321999492083
2986,994,537,960,540,-34,3,1.9375,-1.0743204647321667
2987,996,537,960,540,-36,3,1.875,-1.0850316819850487
2988,994,540,960,540,-34,0,1.9375,-0.9627031781406196
2989,993,550,960,540,-33,-10,1.96875,-0.6404014767090446
2990,992,561,960,540,-32,-21,2.0,-0.20594768031321353
2991,992,566,960,540,-32,-26,2.0,-0.020555788358694427
2992,996,567,960,540,-36,-27,1.875,0.016517315686284006
2993,1007,567,960,540,-47,-27,1.53125,0.00822842018170522
2994,1018,567,960,540,-58,-27,1.1875,-0.03441979590833766
2995,1023,565,960,540,-63,-25,1.03125,-0.09615465731162876
2996,1024,563,960,540,-64,-23,1.0,-0.15619142136372588
2997,1026,555,960,540,-66,-15,0.9375,-0.4383430235778324
2998,1027,542,960,540,-67,-2,0.90625,-0.9584261209835013
2999,1029,535,960,540,-69,5,0.84375,-1.2156818861269993
3000,1028,532,960,540,-68,8,0.875,-1.3251498669324289
3001,1027,530,960,540,-67,10,0.90625,-1.4399241861178256
3002,1026,527,960,540,-66,13,0.9375,-1.5426199356666697
3003,1026,525,960,540,-66,15,0.9375,-1.6163888837592175
3004,1023,529,960,540,-63,11,1.03125,-1.4784632169056378
3005,1020,535,960,540,-60,5,1.125,-1.2702770398400318
3006,1017,535,960,540,-57,5,1.21875,-1.275997851109002
3007,1013,536,960,540,-53,4,1.34375,-1.274104763810057
3008,1011,537,960,540,-51,3,1.40625,-1.2370677267730201
3009,1003,551,960,540,-43,-11,1.65625,-0.7242402124087981
3010,991,565,960,540,-31,-25,2.03125,-0.22093125968220884
3011,983,566,960,540,-23,-26,2.28125,-0.1985918396566152
3012,979,567,960,540,-19,-27,2.40625,-0.16647855860566207
3013,981,568,960,540,-21,-28,2.34375,-0.13099563108591328
3014,979,570,960,540,-19,-30,2.40625,-0.048870460037934826
3015,968,571,960,540,-8,-31,2.75,-0.046376063250695765
3016,960,569,960,540,0,-29,3.0,-0.11043964647647897
3017,956,561,960,540,4,-21,3.125,-0.4153864917899077
3018,951,553,960,540,9,-13,3.28125,-0.711682788086204
3019,940,548,960,540,20,-8,3.625,-0.9017580064232051
3020,930,541,960,540,30,-1,3.9375,-1.206044155738606
3021,924,535,960,540,36,5,4.125,-1.4314549688215643
3022,912,531,960,540,48,9,4.5,-1.604791665109712
3023,901,529,960,540,59,11,4.84375,-1.6854747848271592
3024,896,530,960,540,64,10,5.0,-1.6796866063734681
3025,893,536,960,540,67,4,5.09375,-1.4428829087115478
3026,882,540,960,540,78,0,5.4375,-1.2915941358923868
3027,870,541,960,540,90,-1,5.8125,-1.2924340506032521
3028,868,541,960,540,92,-1,5.875,-1.3178835709318804
3029,867,542,960,540,93,-2,5.90625,-1.2655886312788298
3030,859,542,960,540,101,-2,6.15625,-1.3280129074789015
3031,848,541,960,540,112,-1,6.5,-1.359290950113129
3032,843,544,960,540,117,-4,6.65625,-1.3293929435086476
3033,847,553,960,540,113,-13,6.53125,-1.016116810835654
3034,863,558,960,540,97,-18,6.03125,-0.8168261293197326
3035,870,552,960,540,90,-12,5.8125,-1.1091382520061435
3036,858,544,960,540,102,-4,6.1875,-1.4162503662063837
3037,843,538,960,540,117,2,6.65625,-1.652851512280611
3038,833,532,960,540,127,8,6.96875,-1.8996711823629766
3039,831,528,960,540,129,12,7.03125,-2.069683849843914
3040,834,525,960,540,126,15,6.9375,-2.1701741794584666
3041,825,521,960,540,135,19,7.21875,-2.319781851655673
3042,803,519,960,540,157,21,7.90625,-2.4068096410747604
3043,784,524,960,540,176,16,8.5,-2.2645783917246822
3044,778,536,960,540,182,4,8.6875,-1.804247399733845
3045,776,544,960,540,184,-4,8.75,-1.5278858007952634
3046,759,548,960,540,201,-8,9.28125,-1.388831675806639
3047,731,550,960,540,229,-10,10.15625,-1.3382834140290694
3048,710,564,960,540,250,-24,10.8125,-0.8845138616970747
3049,697,583,960,540,263,-43,11.21875,-0.20866612591200528
3050,690,591,960,540,270,-51,11.4375,0.06991110417985835
3051,672,594,960,540,288,-54,12.0,0.14176381340113142
3052,638,594,960,540,322,-54,13.0625,0.15590548931501846
3053,610,591,960,540,350,-51,13.9375,0.07526801325794352
3054,595,582,960,540,365,-42,14.40625,-0.33893290711271495
3055,601,570,960,540,359,-30,14.21875,-0.755994901310401
3056,607,564,960,540,353,-24,14.03125,-1.010290974794584
3057,594,560,960,540,366,-20,14.4375,-1.1368839618975872
3058,573,558,960,540,387,-18,15.09375,-1.2120512099314666
3059,545,557,960,540,415,-17,15.96875,-1.2576127309553642
3060,526,557,960,540,434,-17,16.5625,-1.218528375330114
3061,519,558,960,540,441,-18,16.78125,-1.1965468883013717
3062,523,565,960,540,437,-25,16.65625,-0.9931868892431157
3063,540,572,960,540,420,-32,16.125,-0.7149290489851816
3064,564,574,960,540,396,-34,15.375,-0.6867125774059863
3065,598,577,960,540,362,-37,14.3125,-0.5176727962953038
3066,618,579,960,540,342,-39,13.6875,-0.4427435407332936
3067,613,580,960,540,347,-40,13.84375,-0.41704280125167936
3068,600,581,960,540,360,-41,14.25,-0.35180615285666406
3069,584,582,960,540,376,-42,14.75,-0.31478728539022405
3070,573,585,960,540,387,-45,15.09375,-0.2703746360834107
3071,574,587,960,540,386,-47,15.0625,-0.15218806806141072
3072,586,588,960,540,374,-48,14.6875,-0.12805240152954633
3073,605,588,960,540,355,-48,14.09375,-0.1465151532064919
3074,627,588,960,540,333,-48,13.40625,-0.14152622709647944
3075,632,588,960,540,328,-48,13.25,-0.1447835365488941
3076,615,586,960,540,345,-46,13.78125,-0.21152843882049788
3077,594,586,960,540,366,-46,14.4375,-0.19761185781105728
3078,569,586,960,540,391,-46,15.21875,-0.19411463062822465
3079,547,587,960,540,413,-47,15.90625,-0.21082996610230875
3080,536,585,960,540,424,-45,16.25,-0.2735232564342136
3081,552,584,960,540,408,-44,15.75,-0.3305413487062414
3082,573,585,960,540,387,-45,15.09375,-0.27651024397879054
3083,574,587,960,540,386,-47,15.0625,-0.18387387298688962
3084,568,589,960,540,392,-49,15.25,-0.15523480697658543
3085,554,590,960,540,406,-50,15.6875,-0.07084734157279393
3086,536,592,960,540,424,-52,16.25,0.01978688654528371
3087,513,595,960,540,447,-55,16.96875,0.12215363955749736
3088,480,597,960,540,480,-57,18.0,0.2927954596754716
3089,437,604,960,540,523,-64,19.34375,0.5578078230668388
3090,396,615,960,540,564,-75,20.625,0.869431241420797
3091,364,622,960,540,596,-82,21.625,1.1873770084185846
3092,337,625,960,540,623,-85,22.46875,1.2808540377045605
3093,308,625,960,540,652,-85,23.375,1.289240624231771
3094,281,624,960,540,679,-84,24.21875,1.240684043270971
3095,258,623,960,540,702,-83,24.9375,1.14667571675303
3096,226,621,960,540,734,-81,25.9375,0.9929003865064057
3097,193,625,960,540,767,-85,26.96875,1.2478259259098272
3098,168,629,960,540,792,-89,27.75,1.3417508835255363
3099,146,632,960,540,814,-92,28.4375,1.4362880645089213
3100,128,633,960,540,832,-93,29.0,1.5146214188940172
3101,109,632,960,540,851,-92,29.59375,1.37095028973923
3102,88,627,960,540,872,-87,30.25,1.2423694895862631
3103,76,623,960,540,884,-83,30.625,1.0942213414381152
3104,59,613,960,540,901,-73,31.15625,0.7083683992663543
3105,38,601,960,540,922,-61,31.8125,0.2681143387327576
3106,26,599,960,540,934,-59,32.1875,0.1551229169260453
3107,19,597,960,540,941,-57,32.40625,0.1238195553505268
3108,13,593,960,540,947,-53,32.59375,-0.09735847079499393
3109,7,588,960,540,953,-48,32.78125,-0.18200950594994425
3110,2,580,960,540,958,-40,32.9375,-0.5870716138445959
3111,-3,571,960,540,963,-31,33.09375,-0.8117508628125156
3112,-4,566,960,540,964,-26,33.125,-0.9969360479977009
0,591,295,960,540,369,245,14.53125,-10.627325738372697
1,591,294,960,540,369,246,14.53125,-10.672257174297778
2,591,294,960,540,369,246,14.53125,-10.668165086492225
3,592,294,960,540,368,246,14.5,-10.670097068959318
4,599,293,960,540,361,247,14.28125,-10.702114088168921
5,624,294,960,540,336,246,13.5,-10.642176370841918
6,649,295,960,540,311,245,12.71875,-10.626084333856364
7,655,295,960,540,305,245,12.53125,-10.602431015711863
8,654,296,960,540,306,244,12.5625,-10.599735618940661
9,667,301,960,540,293,239,12.15625,-10.410824631360684
10,694,320,960,540,266,220,11.3125,-9.730501392074318
11,719,345,960,540,241,195,10.53125,-8.823668920360898
12,738,363,960,540,222,177,9.9375,-8.063695405537738
13,748,371,960,540,212,169,9.625,-7.757696006417587
14,754,376,960,540,206,164,9.4375,-7.596872452146716
15,783,405,960,540,177,135,8.53125,-6.50443450104479
16,818,439,960,540,142,101,7.4375,-5.282665274899212
17,832,454,960,540,128,86,7.0,-4.7108671855600095
18,839,463,960,540,121,77,6.78125,-4.368039234196042
19,850,474,960,540,110,66,6.4375,-3.9504184339075774
20,867,486,960,540,93,54,5.90625,-3.5088154458320515
21,884,492,960,540,76,48,5.375,-3.2573003589590432
22,892,494,960,540,68,46,5.125,-3.1865504938790616
23,893,494,960,540,67,46,5.09375,-3.190314854195873
24,894,494,960,540,66,46,5.0625,-3.19631378025762
25,899,494,960,540,61,46,4.90625,-3.2129543732448353
26,910,494,960,540,50,46,4.5625,-3.1765197611860776
27,919,494,960,540,41,46,4.28125,-3.207720758464458
28,922,494,960,540,38,46,4.1875,-3.219757312363222
29,923,494,960,540,37,46,4.15625,-3.2040001637197113
30,936,507,960,540,24,33,3.75,-2.722214974407024
31,948,519,960,540,12,21,3.375,-2.27777052996258
32,949,522,960,540,11,18,3.34375,-2.141408533236968
33,950,528,960,540,10,12,3.3125,-1.989726214417147
34,951,540,960,540,9,0,3.28125,-1.530657707530303
35,951,549,960,540,9,-9,3.28125,-1.1824265708373025
36,951,553,960,540,9,-13,3.28125,-1.0298136968416414
37,958,553,960,540,2,-13,3.0625,-0.9994000207342912
38,971,553,960,540,-11,-13,2.65625,-1.0416066873539058
39,978,553,960,540,-18,-13,2.4375,-1.0307765806597398
40,980,554,960,540,-20,-14,2.375,-0.981375816839129
41,981,553,960,540,-21,-13,2.34375,-1.0461945503691474
42,980,547,960,540,-20,-7,2.375,-1.2217665430028584
43,979,540,960,540,-19,0,2.40625,-1.4842161968018825
44,981,538,960,540,-21,2,2.34375,-1.5817686213186373
45,989,538,960,540,-29,2,2.09375,-1.6033888610714326
46,1000,544,960,540,-40,-4,1.75,-1.3539042460843413
47,1006,550,960,540,-46,-10,1.5625,-1.1078047730765102
48,1008,552,960,540,-48,-12,1.5,-1.0354223680383587
49,1008,552,960,540,-48,-12,1.5,-1.0357054419802658
50,1008,553,960,540,-48,-13,1.5,-1.0137812561352553
51,1008,553,960,540,-48,-13,1.5,-1.0162948287172902
52,1008,553,960,540,-48,-13,1.5,-1.0052233218514202
53,1008,552,960,540,-48,-12,1.5,-1.0533384479449373
54,1007,552,960,540,-47,-12,1.53125,-1.0469074897415298
55,1007,552,960,540,-47,-12,1.53125,-1.0430253699657932
56,1007,553,960,540,-47,-13,1.53125,-1.0067446301748544
57,1007,552,960,540,-47,-12,1.53125,-1.042639098767244
58,1007,558,960,540,-47,-18,1.53125,-0.8367077774547461
59,1007,571,960,540,-47,-31,1.53125,-0.3591895759420842
60,1007,579,960,540,-47,-39,1.53125,-0.0679059887867608
61,1009,580,960,540,-49,-40,1.46875,-0.04448684113995349
62,1018,581,960,540,-58,-41,1.1875,-0.00717938173667898
63,1029,581,960,540,-69,-41,0.84375,0.0025064839499362446
64,1035,581,960,540,-75,-41,0.65625,-0.01058993894285698
65,1036,581,960,540,-76,-41,0.625,-0.021028841266171883
66,1035,581,960,540,-75,-41,0.65625,-0.017862076661612214
67,1035,574,960,540,-75,-34,0.65625,-0.2636957794639949
68,1036,567,960,540,-76,-27,0.625,-0.522955038723254
69,1035,566,960,540,-75,-26,0.65625,-0.5560244275617462
70,1035,566,960,540,-75,-26,0.65625,-0.5849355455732809
71,1035,567,960,540,-75,-27,0.65625,-0.5554467265539795
72,1036,569,960,540,-76,-29,0.625,-0.47258483160744236
73,1036,575,960,540,-76,-35,0.625,-0.247914185685977
74,1035,580,960,540,-75,-40,0.65625,-0.04667592134061427
75,1035,580,960,540,-75,-40,0.65625,-0.051543560733446236
76,1035,580,960,540,-75,-40,0.65625,-0.04693320795692579
77,1035,580,960,540,-75,-40,0.65625,-0.07256079121965975
78,1035,580,960,540,-75,-40,0.65625,-0.06771013093600997
79,1035,580,960,540,-75,-40,0.65625,-0.061598284155727434
80,1036,580,960,540,-76,-40,0.625,-0.06146600243011213
81,1035,580,960,540,-75,-40,0.65625,-0.06539315677446256
82,1035,580,960,540,-75,-40,0.65625,-0.06649300645472445
83,1035,580,960,540,-75,-40,0.65625,-0.05870528959986632
84,1035,579,960,540,-75,-39,0.65625,-0.0894531283647384
85,1035,579,960,540,-75,-39,0.65625,-0.08653419555403419
86,1039,579,960,540,-79,-39,0.53125,-0.08141128530547492
87,1049,579,960,540,-89,-39,0.21875,-0.05687299179868166
88,1058,580,960,540,-98,-40,-0.0625,-0.037079649740833
89,1062,580,960,540,-102,-40,-0.1875,-0.046913869675223596
90,1063,580,960,540,-103,-40,-0.21875,-0.046913869675223596
91,1060,580,960,540,-100,-40,-0.125,-0.021641052895948976
92,1050,580,960,540,-90,-40,0.1875,-0.050304168671289284
93,1039,580,960,540,-79,-40,0.53125,-0.044049196006147984
94,1034,580,960,540,-74,-40,0.6875,-0.03998629869449055
95,1034,581,960,540,-74,-41,0.6875,0.0005171559772612078
96,1033,580,960,540,-73,-40,0.71875,-0.03373665977774665
97,1034,580,960,540,-74,-40,0.6875,-0.03001287189312074
98,1040,581,960,540,-80,-41,0.5,0.02640324972131647
99,1052,582,960,540,-92,-42,0.125,0.046201831288187334
100,1061,583,960,540,-101,-43,-0.15625,0.09669389524525851
101,1060,583,960,540,-100,-43,-0.125,0.07916624496681468
102,1060,583,960,540,-100,-43,-0.125,0.08464336660222216
103,1060,584,960,540,-100,-44,-0.125,0.09875100220604649
104,1060,586,960,540,-100,-46,-0.125,0.17083051909671587
105,1060,587,960,540,-100,-47,-0.125,0.2073688727713643
106,1059,588,960,540,-99,-48,-0.09375,0.28412898701409706
107,1060,589,960,540,-100,-49,-0.125,0.2844229544873085
108,1060,589,960,540,-100,-49,-0.125,0.26760195843335177
109,1060,589,960,540,-100,-49,-0.125,0.24633372252035213
110,1061,590,960,540,-101,-50,-0.15625,0.289057788848164
111,1062,590,960,540,-102,-50,-0.1875,0.3040331743732425
112,1062,589,960,540,-102,-49,-0.1875,0.2767674620527716
113,1063,589,960,540,-103,-49,-0.21875,0.29790550237568136
114,1063,589,960,540,-103,-49,-0.21875,0.27502038579025845
115,1063,588,960,540,-103,-48,-0.21875,0.2926270526484833
116,1063,587,960,540,-103,-47,-0.21875,0.2390710762537509
117,1063,588,960,540,-103,-48,-0.21875,0.27736233060840143
118,1063,587,960,540,-103,-47,-0.21875,0.25861273393668527
119,1063,587,960,540,-103,-47,-0.21875,0.2468615630053741
120,1063,587,960,540,-103,-47,-0.21875,0.2571140343618492
121,1063,587,960,540,-103,-47,-0.21875,0.2592388413154134
122,1063,587,960,540,-103,-47,-0.21875,0.27154376386763146
123,1063,587,960,540,-103,-47,-0.21875,0.271013502076765
124,1062,587,960,540,-102,-47,-0.1875,0.285622524482402
125,1062,588,960,540,-102,-48,-0.1875,0.3161645543728986
126,1062,588,960,540,-102,-48,-0.1875,0.3089403344030388
127,1062,587,960,540,-102,-47,-0.1875,0.2197127163386512
128,1062,586,960,540,-102,-46,-0.1875,0.1826756793016142
129,1061,586,960,540,-101,-46,-0.15625,0.20996950128458525
130,1061,587,960,540,-101,-47,-0.15625,0.2929874603919227
131,1060,588,960,540,-100,-48,-0.125,0.3278615603761468
132,1059,588,960,540,-99,-48,-0.09375,0.31955392202778365
133,1059,589,960,540,-99,-49,-0.09375,0.3645452559491851
134,1059,589,960,540,-99,-49,-0.09375,0.37269626835434333
135,1058,589,960,540,-98,-49,-0.0625,0.3781725151190978
136,1058,589,960,540,-98,-49,-0.0625,0.3606192191604576
137,1058,589,960,540,-98,-49,-0.0625,0.33917705762306105
138,1057,589,960,540,-97,-49,-0.03125,0.3442425262859936
139,1057,589,960,540,-97,-49,-0.03125,0.34228741418887365
140,1056,588,960,540,-96,-48,0.0,0.2945892481176984
141,1056,588,960,540,-96,-48,0.0,0.31005417779993594
142,1056,589,960,540,-96,-49,0.0,0.3317569860805121
143,1056,589,960,540,-96,-49,0.0,0.32879869306823384
144,1056,590,960,540,-96,-50,0.0,0.3609485501103262
145,1056,590,960,540,-96,-50,0.0,0.3695579902745423
146,1056,591,960,540,-96,-51,0.0,0.3834970838362566
147,1057,590,960,540,-97,-50,-0.03125,0.33700281241159313
148,1057,591,960,540,-97,-51,-0.03125,0.3874626168125652
149,1057,590,960,540,-97,-50,-0.03125,0.3604453018215821
150,1057,589,960,540,-97,-49,-0.03125,0.3132240165354796
151,1057,588,960,540,-97,-48,-0.03125,0.28702285791660875
152,1057,587,960,540,-97,-47,-0.03125,0.24998582087957177
153,1057,587,960,540,-97,-47,-0.03125,0.23223702770014443
154,1057,587,960,540,-97,-47,-0.03125,0.23102009607206075
155,1057,587,960,540,-97,-47,-0.03125,0.24115963643748084
156,1057,587,960,540,-97,-47,-0.03125,0.23486935140093212
157,1057,587,960,540,-97,-47,-0.03125,0.2260993277837371
158,1056,588,960,540,-96,-48,0.0,0.2546778388175861
159,1056,588,960,540,-96,-48,0.0,0.2864064719989061
160,1057,588,960,540,-97,-48,-0.03125,0.29554908124350754
161,392,619,960,540,568,-79,20.75,1.8349929972771604
162,392,619,960,540,568,-79,20.75,1.8368493762582068
163,392,619,960,540,568,-79,20.75,1.8395799867443323
164,392,619,960,540,568,-79,20.75,1.8399802227421957
165,396,619,960,540,564,-79,20.625,1.8141143562043256
166,425,614,960,540,535,-74,19.71875,1.618585631793865
167,469,609,960,540,491,-69,18.34375,1.4473365874009085
168,512,610,960,540,448,-70,17.0,1.5224153417834978
169,565,611,960,540,395,-71,15.34375,1.5215998112434124
170,602,612,960,540,358,-72,14.1875,1.5887598726021483
171,611,612,960,540,349,-72,13.90625,1.5771400465770329
172,613,612,960,540,347,-72,13.84375,1.5831513657504244
173,626,603,960,540,334,-63,13.4375,1.2310104562329944
174,652,590,960,540,308,-50,12.625,0.7804972264935806
175,666,587,960,540,294,-47,12.1875,0.6693861153824696
176,718,587,960,540,242,-47,10.5625,0.6507273679711618
177,777,587,960,540,183,-47,8.71875,0.6725636052137267
178,790,587,960,540,170,-47,8.3125,0.6485646316519365
179,794,587,960,540,166,-47,8.1875,0.6468072875845365
180,807,587,960,540,153,-47,7.78125,0.6669451693889352
181,832,588,960,540,128,-48,7.0,0.7109103105242323
182,863,588,960,540,97,-48,6.03125,0.7199401304554836
183,882,588,960,540,78,-48,5.4375,0.7279109177583345
184,884,588,960,540,76,-48,5.375,0.7279109177583345
185,886,588,960,540,74,-48,5.3125,0.7085904146389088
186,905,588,960,540,55,-48,4.71875,0.724085081276663
187,929,589,960,540,31,-49,3.96875,0.7326228906056738
188,939,589,960,540,21,-49,3.65625,0.7456161258227472
189,942,589,960,540,18,-49,3.5625,0.7441834013993356
190,942,588,960,540,18,-48,3.5625,0.7056808984737446
191,942,589,960,540,18,-49,3.5625,0.7368121556833716
192,941,587,960,540,19,-47,3.59375,0.6892112744304115
193,941,575,960,540,19,-35,3.59375,0.20449114050603923
194,940,563,960,540,20,-23,3.625,-0.21814484514522348
195,940,562,960,540,20,-22,3.625,-0.2578166458625629
196,950,562,960,540,10,-22,3.3125,-0.2504026571096064
197,963,562,960,540,-3,-22,2.90625,-0.2513605838223293
198,965,562,960,540,-5,-22,2.84375,-0.2513605838223293
199,965,562,960,540,-5,-22,2.84375,-0.2511374156377367
200,975,566,960,540,-15,-26,2.53125,-0.12506931105924302
201,988,573,960,540,-28,-33,2.125,0.1677716009235808
202,990,578,960,540,-30,-38,2.0625,0.33662288192096934
203,990,579,960,540,-30,-39,2.0625,0.37975174660061417
204,989,579,960,540,-29,-39,2.09375,0.3722298445398271
205,988,579,960,540,-28,-39,2.125,0.372064433727348
206,987,580,960,540,-27,-40,2.15625,0.40642490350976557
207,986,580,960,540,-26,-40,2.1875,0.4062283719103692
208,986,580,960,540,-26,-40,2.1875,0.40418590995280246
209,990,580,960,540,-30,-40,2.0625,0.43433918748608313
210,1003,580,960,540,-43,-40,1.65625,0.43492248203608574
211,1013,580,960,540,-53,-40,1.34375,0.41955237312545934
212,1013,580,960,540,-53,-40,1.34375,0.4259181061418058
213,1014,581,960,540,-54,-41,1.3125,0.4663464194970639
214,1014,581,960,540,-54,-41,1.3125,0.4684689686760666
215,1014,581,960,540,-54,-41,1.3125,0.459769564992103
216,1014,580,960,540,-54,-40,1.3125,0.41509102380718654
217,1015,580,960,540,-55,-40,1.28125,0.42950312916093547
218,1016,580,960,540,-56,-40,1.25,0.4277313470757196
219,1016,581,960,540,-56,-41,1.25,0.4702099802057298
220,1017,581,960,540,-57,-41,1.21875,0.4739358932313822
221,1017,581,960,540,-57,-41,1.21875,0.4670368556070741
222,1017,581,960,540,-57,-41,1.21875,0.4750852814730737
223,1018,581,960,540,-58,-41,1.1875,0.4785669676485087
224,1024,580,960,540,-64,-40,1.0,0.42531667367035997
225,1036,580,960,540,-76,-40,0.625,0.423143112133916
226,1045,581,960,540,-85,-41,0.34375,0.4666054808654221
227,1047,580,960,540,-87,-40,0.28125,0.44594037090976935
228,1048,580,960,540,-88,-40,0.25,0.45613307952643534
229,1048,581,960,540,-88,-41,0.25,0.49614238011616973
230,1048,581,960,540,-88,-41,0.25,0.49614238011616973
231,1037,580,960,540,-77,-40,0.59375,0.4257711142205176
232,1023,580,960,540,-63,-40,1.03125,0.4303294740270489
233,1020,581,960,540,-60,-41,1.125,0.4747293828147665
234,1020,582,960,540,-60,-42,1.125,0.4962793869283957
235,1021,581,960,540,-61,-41,1.09375,0.4908389870207821
236,1035,581,960,540,-75,-41,0.65625,0.4993293165653421
237,1048,581,960,540,-88,-41,0.25,0.49823214903318025
238,1050,580,960,540,-90,-40,0.1875,0.466784424691554
239,1050,580,960,540,-90,-40,0.1875,0.4753761307482147
240,1050,580,960,540,-90,-40,0.1875,0.4543533089523737
241,1050,580,960,540,-90,-40,0.1875,0.4599568817711108
242,1050,579,960,540,-90,-39,0.1875,0.40760867319208627
243,1050,578,960,540,-90,-38,0.1875,0.3779818324212252
244,1051,578,960,540,-91,-38,0.15625,0.373698784311316
245,1051,577,960,540,-91,-37,0.15625,0.3184008779798635
246,1052,576,960,540,-92,-36,0.125,0.2993726467099833
247,1052,575,960,540,-92,-35,0.125,0.24322920072100085
248,1053,574,960,540,-93,-34,0.09375,0.20641042140226573
249,1053,574,960,540,-93,-34,0.09375,0.2246203379193692
250,1053,573,960,540,-93,-33,0.09375,0.18979743334284982
251,1053,572,960,540,-93,-32,0.09375,0.15971571455607214
252,1054,572,960,540,-94,-32,0.0625,0.15827845033049792
253,1055,571,960,540,-95,-31,0.03125,0.11945122249014695
254,1055,571,960,540,-95,-31,0.03125,0.13424767604046384
255,1055,571,960,540,-95,-31,0.03125,0.12997627262051514
256,1055,572,960,540,-95,-32,0.03125,0.16641817414287607
257,1055,572,960,540,-95,-32,0.03125,0.16342898568008613
258,1056,572,960,540,-96,-32,0.0,0.16955711181449673
259,1056,572,960,540,-96,-32,0.0,0.17039125982652004
260,1055,572,960,540,-95,-32,0.03125,0.15798100962588868
261,1055,572,960,540,-95,-32,0.03125,0.1630779500627504
262,1056,572,960,540,-96,-32,0.0,0.1658985597804863
263,1056,571,960,540,-96,-31,0.0,0.12740085450322303
264,1056,571,960,540,-96,-31,0.0,0.13407556646327956
265,1056,571,960,540,-96,-31,0.0,0.12790510545777733
266,1056,571,960,540,-96,-31,0.0,0.13199691496425525
267,1056,571,960,540,-96,-31,0.0,0.13448190409068506
268,1057,570,960,540,-97,-30,-0.03125,0.09158342719890888
269,1057,570,960,540,-97,-30,-0.03125,0.0868572874380833
270,1057,569,960,540,-97,-29,-0.03125,0.04978606611437009
271,1057,568,960,540,-97,-28,-0.03125,0.01759003615080701
272,1058,568,960,540,-98,-28,-0.0625,0.02200141937805844
273,1058,568,960,540,-98,-28,-0.0625,0.02596715785577497
274,1058,568,960,540,-98,-28,-0.0625,0.01943081458436069
275,1058,568,960,540,-98,-28,-0.0625,0.008743881607132353
276,1058,568,960,540,-98,-28,-0.0625,0.008743881607132353
277,1059,568,960,540,-99,-28,-0.09375,0.01361162479861533
278,1059,568,960,540,-99,-28,-0.09375,0.015233352616502938
279,1058,568,960,540,-98,-28,-0.0625,0.012364538472680708
280,1058,568,960,540,-98,-28,-0.0625,0.01250286717948268
281,1058,568,960,540,-98,-28,-0.0625,0.014356257304257491
282,1058,568,960,540,-98,-28,-0.0625,0.011652271206750608
283,1058,568,960,540,-98,-28,-0.0625,0.01828688075058227
284,1058,568,960,540,-98,-28,-0.0625,0.0036973720510382613
285,1057,568,960,540,-97,-28,-0.03125,0.017114827397967325
286,1057,568,960,540,-97,-28,-0.03125,0.008611979136959214
287,1056,568,960,540,-96,-28,0.0,0.009233818032400531
288,1056,568,960,540,-96,-28,0.0,0.004778851136300499
289,1056,568,960,540,-96,-28,0.0,0.012979446914372028
290,1057,568,960,540,-97,-28,-0.03125,0.0040043496428245895
291,1057,568,960,540,-97,-28,-0.03125,0.015474926348421958
292,1057,569,960,540,-97,-29,-0.03125,0.05085507709692605
293,1058,568,960,540,-98,-28,-0.0625,0.01904010465351491
294,1058,568,960,540,-98,-28,-0.0625,0.026802659694416864
295,1058,568,960,540,-98,-28,-0.0625,0.02077333221710198
296,1058,568,960,540,-98,-28,-0.0625,0.01800237054915943
297,1057,568,960,540,-97,-28,-0.03125,0.007808877639503553
298,1057,568,960,540,-97,-28,-0.03125,0.02131054937238752
299,1057,569,960,540,-97,-29,-0.03125,0.05526634986385881
300,1057,569,960,540,-97,-29,-0.03125,0.048036469579568086
301,1056,570,960,540,-96,-30,0.0,0.09147291214476017
302,1056,569,960,540,-96,-29,0.0,0.053018546932869226
303,1056,569,960,540,-96,-29,0.0,0.0513219389989934
304,1056,570,960,540,-96,-30,0.0,0.08593927644032817
305,1056,570,960,540,-96,-30,0.0,0.0896147796720228
306,1055,570,960,540,-95,-30,0.03125,0.08918584515409256
307,1055,570,960,540,-95,-30,0.03125,0.09005570977404398
308,1055,570,960,540,-95,-30,0.03125,0.09663852566945974
309,1055,571,960,540,-95,-31,0.03125,0.12521832723000648
310,1055,571,960,540,-95,-31,0.03125,0.12642149638240863
311,1055,571,960,540,-95,-31,0.03125,0.12132558634901724
312,1055,570,960,540,-95,-30,0.03125,0.08772959618685872
313,1055,570,960,540,-95,-30,0.03125,0.07535440618414602
314,1055,570,960,540,-95,-30,0.03125,0.08903127236362662
315,1056,570,960,540,-96,-30,0.0,0.08995589307358154
316,1056,570,960,540,-96,-30,0.0,0.085308557879342
317,1056,570,960,540,-96,-30,0.0,0.07852386126740218
318,1057,569,960,540,-97,-29,-0.03125,0.05089431336083816
319,1057,569,960,540,-97,-29,-0.03125,0.03816430535546744
320,1057,568,960,540,-97,-28,-0.03125,0.020800962472812934
321,1058,568,960,540,-98,-28,-0.0625,0.01382158156643798
322,1059,567,960,540,-99,-27,-0.09375,-0.02628180376454159
323,1059,567,960,540,-99,-27,-0.09375,-0.03810625169857973
324,1061,567,960,540,-101,-27,-0.15625,-0.030849137705583063
325,1062,567,960,540,-102,-27,-0.1875,-0.0391507228772745
326,1062,567,960,540,-102,-27,-0.1875,-0.03369976415754761
327,1063,568,960,540,-103,-28,-0.21875,0.008454274712928367
328,1063,567,960,540,-103,-27,-0.21875,-0.02720369918870147
329,1064,567,960,540,-104,-27,-0.25,-0.02882468542215877
330,1065,567,960,540,-105,-27,-0.28125,-0.02718511977270155
331,1066,567,960,540,-106,-27,-0.3125,-0.03886663338846952
332,1066,567,960,540,-106,-27,-0.3125,-0.03049629802437437
333,1067,566,960,540,-107,-26,-0.34375,-0.06972996178295998
334,1067,566,960,540,-107,-26,-0.34375,-0.07019386825479368
335,1068,565,960,540,-108,-25,-0.375,-0.10453904133040615
336,1069,565,960,540,-109,-25,-0.40625,-0.1012510828963169
337,1069,566,960,540,-109,-26,-0.40625,-0.06403314137342864
338,1070,566,960,540,-110,-26,-0.4375,-0.06403314137342864
339,1070,566,960,540,-110,-26,-0.4375,-0.06888272413199947
340,1071,566,960,540,-111,-26,-0.46875,-0.06553072865406484
341,1072,566,960,540,-112,-26,-0.5,-0.05825760491067433
342,1073,566,960,540,-113,-26,-0.53125,-0.056781234145831694
343,1073,566,960,540,-113,-26,-0.53125,-0.06084221075672469
344,1072,567,960,540,-112,-27,-0.5,-0.02624103591157212
345,1065,567,960,540,-105,-27,-0.28125,-0.03396098571663808
346,1054,567,960,540,-94,-27,0.0625,-0.02572116621392362
347,1048,568,960,540,-88,-28,0.25,0.0036431740032132343
348,1047,568,960,540,-87,-28,0.28125,0.011641769216554021
349,1047,568,960,540,-87,-28,0.28125,0.003333233061648455
350,1047,569,960,540,-87,-29,0.28125,0.0374195237511008
351,1047,569,960,540,-87,-29,0.28125,0.04220111302105711
352,1047,568,960,540,-87,-28,0.28125,0.005054253760624627
353,1048,568,960,540,-88,-28,0.25,0.00644489010649707
354,1048,568,960,540,-88,-28,0.25,0.004823056376297208
355,1048,568,960,540,-88,-28,0.25,-0.0012970029863557109
356,1048,568,960,540,-88,-28,0.25,0.011260083522804498
357,1048,568,960,540,-88,-28,0.25,0.002442771859016979
358,1047,568,960,540,-87,-28,0.28125,0.005062297840435992
359,1047,568,960,540,-87,-28,0.28125,0.0026059071916770815
360,1047,568,960,540,-87,-28,0.28125,0.005669767932278358
361,1047,569,960,540,-87,-29,0.28125,0.043818325009425285
362,1047,569,960,540,-87,-29,0.28125,0.0466870563111923
363,1047,569,960,540,-87,-29,0.28125,0.049748988528383054
364,1047,568,960,540,-87,-28,0.28125,0.010590922111792356
365,1047,568,960,540,-87,-28,0.28125,0.010553225162142521
366,1047,568,960,540,-87,-28,0.28125,0.02641114518940091
367,1046,568,960,540,-86,-28,0.3125,0.02535820771734265
368,1046,569,960,540,-86,-29,0.3125,0.06179908278045665
369,1047,568,960,540,-87,-28,0.28125,0.02606444598322799
370,1047,568,960,540,-87,-28,0.28125,0.03319170539565364
371,1047,569,960,540,-87,-29,0.28125,0.07022874243269062
372,1046,568,960,540,-86,-28,0.3125,0.02621468182624742
373,1046,568,960,540,-86,-28,0.3125,0.045951672667364885
374,1047,568,960,540,-87,-28,0.28125,0.03188776305162411
375,1047,568,960,540,-87,-28,0.28125,0.042902686035627746
376,1047,568,960,540,-87,-28,0.28125,0.027956243069019227
377,1047,568,960,540,-87,-28,0.28125,0.04412756502705251
378,1047,568,960,540,-87,-28,0.28125,0.04262268963988525
379,1048,568,960,540,-88,-28,0.25,0.04032104919466584
380,1048,568,960,540,-88,-28,0.25,0.044115530294489336
381,1048,568,960,540,-88,-28,0.25,0.0371425408124374
382,1048,568,960,540,-88,-28,0.25,0.03338884288365662
383,1048,568,960,540,-88,-28,0.25,0.03709404034560415
384,1048,567,960,540,-88,-27,0.25,-0.009401085525104103
385,1048,567,960,540,-88,-27,0.25,-0.012656295175648147
386,1048,566,960,540,-88,-26,0.25,-0.05018861761644866
387,1048,566,960,540,-88,-26,0.25,-0.04943661219351492
388,1049,566,960,540,-89,-26,0.21875,-0.0550438649377597
389,1049,566,960,540,-89,-26,0.21875,-0.052390808928613475
390,1049,566,960,540,-89,-26,0.21875,-0.053268366836463854
391,1049,566,960,540,-89,-26,0.21875,-0.05216386991976785
392,1049,566,960,540,-89,-26,0.21875,-0.05003312098743551
393,1049,566,960,540,-89,-26,0.21875,-0.04917490418775616
394,1049,567,960,540,-89,-27,0.21875,-0.014501839632890423
395,1049,566,960,540,-89,-26,0.21875,-0.05673370727246485
396,1048,566,960,540,-88,-26,0.25,-0.05224220829434911
397,1048,566,960,540,-88,-26,0.25,-0.04995570837493857
398,1048,567,960,540,-88,-27,0.25,-0.01783980470297797
399,1048,567,960,540,-88,-27,0.25,-0.019796435874905205
400,1048,566,960,540,-88,-26,0.25,-0.05260129017055959
401,1048,566,960,540,-88,-26,0.25,-0.05418564491186595
402,1048,566,960,540,-88,-26,0.25,-0.05925691974329539
403,1048,566,960,540,-88,-26,0.25,-0.0455401302221331
404,1049,566,960,540,-89,-26,0.21875,-0.05951272088320769
405,1049,566,960,540,-89,-26,0.21875,-0.058904441549276654
406,1049,566,960,540,-89,-26,0.21875,-0.057997219698296854
407,1049,566,960,540,-89,-26,0.21875,-0.06218141231833407
408,1049,566,960,540,-89,-26,0.21875,-0.06230382669782231
409,1049,566,960,540,-89,-26,0.21875,-0.06470276663968189
410,1049,566,960,540,-89,-26,0.21875,-0.06361990139241136
411,1712,493,960,540,-752,47,-20.5,-3.379361771551532
412,1712,494,960,540,-752,46,-20.5,-3.313967200267676
413,1712,493,960,540,-752,47,-20.5,-3.320124758879849
414,1711,492,960,540,-751,48,-20.46875,-3.348365313055748
415,1701,500,960,540,-741,40,-20.15625,-3.075664458453346
416,1678,514,960,540,-718,26,-19.4375,-2.5635150574206884
417,1664,519,960,540,-704,21,-19.0,-2.3783298722355033
418,1621,523,960,540,-661,17,-17.65625,-2.181236027243795
419,1553,529,960,540,-593,11,-15.53125,-1.968005623861777
420,1490,533,960,540,-530,7,-13.5625,-1.8212212604247404
421,1443,535,960,540,-483,5,-12.09375,-1.7278260812524948
422,1427,537,960,540,-467,3,-11.59375,-1.6397522418528174
423,1418,540,960,540,-458,0,-11.3125,-1.542676094983997
424,1409,550,960,540,-449,-10,-11.03125,-1.1767332236388288
425,1390,561,960,540,-430,-21,-10.4375,-0.7599778617841504
426,1357,568,960,540,-397,-28,-9.40625,-0.4647943861025454
427,1311,571,960,540,-351,-31,-7.96875,-0.3688609318121774
428,1277,571,960,540,-317,-31,-6.90625,-0.4011812150651086
429,1270,572,960,540,-310,-32,-6.6875,-0.3471166284344769
430,1268,573,960,540,-308,-33,-6.625,-0.32729613654449574
431,1263,574,960,540,-303,-34,-6.46875,-0.30007550040265585
432,1247,574,960,540,-287,-34,-5.96875,-0.2514851721711384
433,1211,575,960,540,-251,-35,-4.84375,-0.23618223031970786
434,1184,574,960,540,-224,-34,-4.0,-0.2869108733652126
435,1180,575,960,540,-220,-35,-3.875,-0.2702523414945437
436,1180,574,960,540,-220,-34,-3.875,-0.26569734870764394
437,1180,567,960,540,-220,-27,-3.875,-0.5109130087663818
438,1180,562,960,540,-220,-22,-3.875,-0.6932818167379361
439,1174,563,960,540,-214,-23,-3.6875,-0.6653964593001602
440,1160,562,960,540,-200,-22,-3.25,-0.6817042006437074
441,1152,562,960,540,-192,-22,-3.0,-0.6865595599695123
442,1152,562,960,540,-192,-22,-3.0,-0.6731921126818018
443,1151,563,960,540,-191,-23,-2.96875,-0.656713110988967
444,1138,568,960,540,-178,-28,-2.5625,-0.49562176580531214
445,1124,575,960,540,-164,-35,-2.125,-0.2234345276704135
446,1123,577,960,540,-163,-37,-2.09375,-0.15630387993879347
447,1122,578,960,540,-162,-38,-2.0625,-0.11483647311016143
448,1121,578,960,540,-161,-38,-2.03125,-0.12391627430716201
449,1121,578,960,540,-161,-38,-2.03125,-0.12081156790877823
450,1121,578,960,540,-161,-38,-2.03125,-0.10460428666911037
451,1121,579,960,540,-161,-39,-2.03125,-0.06511674976108317
452,1120,579,960,540,-160,-39,-2.0,-0.07017128295522745
453,1119,579,960,540,-159,-39,-1.96875,-0.08269145812512257
454,1116,580,960,540,-156,-40,-1.875,-0.06660988252197009
455,1104,580,960,540,-144,-40,-1.5,-0.016091032472992373
456,1091,579,960,540,-131,-39,-1.09375,-0.12644408797452833
457,1089,580,960,540,-129,-40,-1.03125,-0.061298056749615304
458,1088,579,960,540,-128,-39,-1.0,-0.1045645534632973
459,1088,579,960,540,-128,-39,-1.0,-0.11045991795165766
460,1088,579,960,540,-128,-39,-1.0,-0.10360777938572863
461,1088,579,960,540,-128,-39,-1.0,-0.10585008847220112
462,1088,579,960,540,-128,-39,-1.0,-0.11352705358176562
463,1087,579,960,540,-127,-39,-0.96875,-0.11720667309899802
464,1087,579,960,540,-127,-39,-0.96875,-0.10338383989549893
465,1087,579,960,540,-127,-39,-0.96875,-0.10338383989549893
466,1087,579,960,540,-127,-39,-0.96875,-0.13171046365207473
467,1088,579,960,540,-128,-39,-1.0,-0.1446966878947895
468,1087,579,960,540,-127,-39,-0.96875,-0.13638270681279718
469,1087,579,960,540,-127,-39,-0.96875,-0.13495377519391893
470,1088,579,960,540,-128,-39,-1.0,-0.12511739568439784
471,1088,578,960,540,-128,-38,-1.0,-0.15580361784116703
472,1088,578,960,540,-128,-38,-1.0,-0.14657054941490855
473,1089,578,960,540,-129,-38,-1.03125,-0.14923613544243808
474,1088,579,960,540,-128,-39,-1.0,-0.1206469703465829
475,1085,579,960,540,-125,-39,-0.90625,-0.0916109527087765
476,1072,580,960,540,-112,-40,-0.5,-0.04955340331330782
477,1061,581,960,540,-101,-41,-0.15625,0.006248485948974425
478,1061,581,960,540,-101,-41,-0.15625,0.005147106060677364
479,1061,581,960,540,-101,-41,-0.15625,-0.003378090541733769
480,1061,580,960,540,-101,-40,-0.15625,-0.03489602637236211
481,1062,580,960,540,-102,-40,-0.1875,-0.03857468675636433
482,1066,581,960,540,-106,-41,-0.3125,-0.029097347462633927
483,1079,580,960,540,-119,-40,-0.71875,-0.07768294527933928
484,1090,579,960,540,-130,-39,-1.0625,-0.11848689555694158
485,1090,579,960,540,-130,-39,-1.0625,-0.08594440547844151
486,1091,579,960,540,-131,-39,-1.09375,-0.09986535189049373
487,1089,579,960,540,-129,-39,-1.03125,-0.10226133410570504
488,1085,578,960,540,-125,-38,-0.90625,-0.1301527648498253
489,1072,579,960,540,-112,-39,-0.5,-0.09508064720777831
490,1062,580,960,540,-102,-40,-0.1875,-0.05540108141051214
491,1063,581,960,540,-103,-41,-0.21875,-0.014656416921491777
492,1063,581,960,540,-103,-41,-0.21875,-0.023345465553376243
493,1063,581,960,540,-103,-41,-0.21875,-0.0050633367123389394
494,1063,581,960,540,-103,-41,-0.21875,0.0031384849297513284
495,1063,581,960,540,-103,-41,-0.21875,-0.021143157223475706
496,1063,581,960,540,-103,-41,-0.21875,-0.020771560081402463
497,1063,581,960,540,-103,-41,-0.21875,-0.02582791689434183
498,1063,580,960,540,-103,-40,-0.21875,-0.04809568521657126
499,1063,580,960,540,-103,-40,-0.21875,-0.05801398208841846
500,1063,580,960,540,-103,-40,-0.21875,-0.06314617679249701
501,1063,580,960,540,-103,-40,-0.21875,-0.05050304592223598
502,1063,580,960,540,-103,-40,-0.21875,-0.049073558076766055
503,1062,580,960,540,-102,-40,-0.1875,-0.05989700418241939
504,1062,580,960,540,-102,-40,-0.1875,-0.05989700418241939
505,1062,580,960,540,-102,-40,-0.1875,-0.04864807500384072
506,1061,580,960,540,-101,-40,-0.15625,-0.03827165630392182
507,1061,580,960,540,-101,-40,-0.15625,-0.04895907594486193
508,1061,580,960,540,-101,-40,-0.15625,-0.05270350350209152
509,1061,580,960,540,-101,-40,-0.15625,-0.052579066283921616
510,1060,580,960,540,-100,-40,-0.125,-0.03880468271875315
511,1060,580,960,540,-100,-40,-0.125,-0.02913206767731258
512,1060,581,960,540,-100,-41,-0.125,0.0057481367728278165
513,1060,581,960,540,-100,-41,-0.125,-0.007150505179376099
514,1059,581,960,540,-99,-41,-0.09375,0.013730488302279076
515,1059,581,960,540,-99,-41,-0.09375,-0.012290123136854625
516,1059,581,960,540,-99,-41,-0.09375,0.011365262930875586
517,1059,581,960,540,-99,-41,-0.09375,0.015892683204229208
518,1059,582,960,540,-99,-42,-0.09375,0.050470277314109246
519,1059,582,960,540,-99,-42,-0.09375,0.03355028084511891
520,1059,582,960,540,-99,-42,-0.09375,0.03210390631210269
521,1058,582,960,540,-98,-42,-0.0625,0.052915196294822664
522,1058,582,960,540,-98,-42,-0.0625,0.05076663201191245
523,1059,582,960,540,-99,-42,-0.09375,0.04361969087309614
524,1059,582,960,540,-99,-42,-0.09375,0.059036980370109404
525,1059,582,960,540,-99,-42,-0.09375,0.03109590884678548
526,1060,581,960,540,-100,-41,-0.125,-0.006184136213991165
527,1060,582,960,540,-100,-42,-0.125,0.03861074878834292
528,1060,582,960,540,-100,-42,-0.125,0.027914326678910806
529,1061,582,960,540,-101,-42,-0.15625,0.036900063743477984
530,1061,582,960,540,-101,-42,-0.15625,0.015277397887449418
531,1061,582,960,540,-101,-42,-0.15625,0.02266762769690489
532,1061,583,960,540,-101,-43,-0.15625,0.049633933751513926
533,1061,582,960,540,-101,-42,-0.15625,0.026396928620192828
534,1062,582,960,540,-102,-42,-0.1875,0.00847640299157515
535,1062,583,960,540,-102,-43,-0.1875,0.06047523070453753
536,1062,582,960,540,-102,-42,-0.1875,-0.002940949016290606
537,1061,581,960,540,-101,-41,-0.15625,-0.028211797257998716
538,1061,581,960,540,-101,-41,-0.15625,-0.022602766327206814
539,1061,581,960,540,-101,-41,-0.15625,0.008842929672524535
540,1059,581,960,540,-99,-41,-0.09375,0.008215619028803633
541,1058,582,960,540,-98,-42,-0.0625,0.08554354586622726
542,1058,582,960,540,-98,-42,-0.0625,0.06304763883725784
543,1057,582,960,540,-97,-42,-0.03125,0.09424130436801859
544,1055,582,960,540,-95,-42,0.03125,0.08030697044071422
545,1054,582,960,540,-94,-42,0.0625,0.06442758249576497
546,1054,582,960,540,-94,-42,0.0625,0.08436956817818597
547,1054,582,960,540,-94,-42,0.0625,0.062428238082532506
548,1054,582,960,540,-94,-42,0.0625,0.053257684883014855
549,1054,582,960,540,-94,-42,0.0625,0.07374347573450879
550,1053,582,960,540,-93,-42,0.09375,0.044803649093247966
551,1053,582,960,540,-93,-42,0.09375,0.0460408396664711
552,1053,583,960,540,-93,-43,0.09375,0.06449792752978478
553,1054,583,960,540,-94,-43,0.0625,0.02612070118332932
554,1054,584,960,540,-94,-44,0.0625,0.07525782943544645
555,1054,583,960,540,-94,-43,0.0625,0.06552980126277363
556,1055,583,960,540,-95,-43,0.03125,0.07235393277756286
557,1055,582,960,540,-95,-42,0.03125,0.026754957467082008
558,1056,582,960,540,-96,-42,0.0,0.020908686657527653
559,1056,582,960,540,-96,-42,0.0,0.03743384599108679
560,1056,582,960,540,-96,-42,0.0,0.01295579450097506
561,1057,582,960,540,-97,-42,-0.03125,0.01295579450097506
562,1057,582,960,540,-97,-42,-0.03125,0.04937770862215807
563,1058,581,960,540,-98,-41,-0.0625,-0.003950002568779976
564,1059,581,960,540,-99,-41,-0.09375,-0.0011127614954122844
565,1060,582,960,540,-100,-42,-0.125,0.057139343454399416
566,1060,583,960,540,-100,-43,-0.125,0.08536618451002997
567,1062,582,960,540,-102,-42,-0.1875,0.03250902707281145
568,1064,582,960,540,-104,-42,-0.25,0.017449019434596647
569,1064,581,960,540,-104,-41,-0.25,0.005153141716881526
570,1065,581,960,540,-105,-41,-0.28125,-0.005723959227347031
571,1066,581,960,540,-106,-41,-0.3125,-0.032189812422245945
572,1067,580,960,540,-107,-40,-0.34375,-0.042398902654507076
573,1067,579,960,540,-107,-39,-0.34375,-0.09115363165510448
574,1068,580,960,540,-108,-40,-0.375,-0.07241037027611696
575,1068,581,960,540,-108,-41,-0.375,-0.0430872908579194
576,1068,581,960,540,-108,-41,-0.375,-0.020752568367838453
577,1068,580,960,540,-108,-40,-0.375,-0.04783531969485688
578,1068,580,960,540,-108,-40,-0.375,-0.06428847057216891
579,1067,580,960,540,-107,-40,-0.34375,-0.05080556886861953
580,1066,579,960,540,-106,-39,-0.3125,-0.06403868201826834
581,1065,578,960,540,-105,-38,-0.28125,-0.08906746474725025
582,1065,578,960,540,-105,-38,-0.28125,-0.1037818122436518
583,1064,578,960,540,-104,-38,-0.25,-0.09554570228853287
584,1063,578,960,540,-103,-38,-0.21875,-0.10708156753581588
585,1063,578,960,540,-103,-38,-0.21875,-0.09794803348633785
586,1063,580,960,540,-103,-40,-0.21875,-0.01882705290437947
587,1063,581,960,540,-103,-41,-0.21875,0.013418363258361321
588,1063,583,960,540,-103,-43,-0.21875,0.06940048475806404
589,1064,583,960,540,-104,-43,-0.25,0.08449897975319032
590,1064,582,960,540,-104,-42,-0.25,0.03362441654523174
591,1066,582,960,540,-106,-42,-0.3125,0.050037777698650476
592,1068,580,960,540,-108,-40,-0.375,-0.01532111633147526
593,1068,579,960,540,-108,-39,-0.375,-0.045101639351922795
594,1069,579,960,540,-109,-39,-0.40625,-0.03877172222435443
595,1069,578,960,540,-109,-38,-0.40625,-0.056479399122152385
596,1070,578,960,540,-110,-38,-0.4375,-0.05258609923661606
597,1071,577,960,540,-111,-37,-0.46875,-0.08962313627365326
598,1071,575,960,540,-111,-35,-0.46875,-0.16281132340557614
599,1071,574,960,540,-111,-34,-0.46875,-0.18748616020773246
600,1072,573,960,540,-112,-33,-0.5,-0.20947927719803294
601,1072,573,960,540,-112,-33,-0.5,-0.22356210910829066
602,1073,573,960,540,-113,-33,-0.53125,-0.21705232305578126
603,1072,574,960,540,-112,-34,-0.5,-0.18073380723241161
604,1072,573,960,540,-112,-33,-0.5,-0.18715445658512198
605,1072,572,960,540,-112,-32,-0.5,-0.21082671053291469
606,1072,573,960,540,-112,-33,-0.5,-0.17503885569452549
607,1072,573,960,540,-112,-33,-0.5,-0.2127098530352669
608,1071,572,960,540,-111,-32,-0.46875,-0.23037536435804928
609,1070,571,960,540,-110,-31,-0.4375,-0.26741240139508626
610,1067,570,960,540,-107,-30,-0.34375,-0.31451965723728215
611,1062,567,960,540,-102,-27,-0.1875,-0.41259667315645987
612,1055,565,960,540,-95,-25,0.03125,-0.497441541989339
613,1049,564,960,540,-89,-24,0.21875,-0.5281686502997665
614,1038,564,960,540,-78,-24,0.5625,-0.5525687852140375
615,1027,565,960,540,-67,-25,0.90625,-0.5264880008437662
616,1017,565,960,540,-57,-25,1.21875,-0.4601532164952655
617,1008,565,960,540,-48,-25,1.5,-0.44762484507192557
618,998,566,960,540,-38,-26,1.8125,-0.4110190475260128
619,991,567,960,540,-31,-27,2.03125,-0.3872509717731021
620,994,569,960,540,-34,-29,1.9375,-0.2908376655461129
621,1002,572,960,540,-42,-32,1.6875,-0.1689932350376031
622,1006,574,960,540,-46,-34,1.5625,-0.08531828768025607
623,1008,576,960,540,-48,-36,1.5,-0.0021271272687473086
624,1010,577,960,540,-50,-37,1.4375,0.02408593139407733
625,1013,579,960,540,-53,-39,1.34375,0.07399720687387745
626,1017,586,960,540,-57,-46,1.21875,0.3062541756383357
627,1022,596,960,540,-62,-56,1.0625,0.6894589318554809
628,1027,604,960,540,-67,-64,0.90625,0.9692679724278528
629,1032,612,960,540,-72,-72,0.75,1.2387702580810558
630,1044,623,960,540,-84,-83,0.375,1.6196149974071656
631,1062,638,960,540,-102,-98,-0.1875,2.1442526668724877
632,1076,657,960,540,-116,-117,-0.625,2.766360538344087
633,1083,681,960,540,-123,-141,-0.84375,3.6995064508600937
634,1082,721,960,540,-122,-181,-0.8125,5.103574980955149
635,1076,768,960,540,-116,-228,-0.625,6.834345753864385
636,1077,813,960,540,-117,-273,-0.65625,8.461580279757591
637,1087,867,960,540,-127,-327,-0.96875,10.4501046540569
638,1096,924,960,540,-136,-384,-1.25,12.5585224999868
639,1103,970,960,540,-143,-430,-1.46875,14.377207905182875
640,1108,1002,960,540,-148,-462,-1.625,15.799281335433985
641,1100,1025,960,540,-140,-485,-1.375,16.959403774123746
642,1095,1041,960,540,-135,-501,-1.21875,17.569880701121942
643,1101,1042,960,540,-141,-502,-1.40625,17.35136395474593
644,1103,1005,960,540,-143,-465,-1.46875,15.67547888080029
645,1105,953,960,540,-145,-413,-1.53125,13.739656567484625
646,1105,907,960,540,-145,-367,-1.53125,12.061381384209486
647,1105,877,960,540,-145,-337,-1.53125,10.894624460787627
648,1106,875,960,540,-146,-335,-1.5625,10.865140786681662
649,1106,880,960,540,-146,-340,-1.5625,11.025098010433778
650,1105,876,960,540,-145,-336,-1.53125,10.899984272010999
651,1103,859,960,540,-143,-319,-1.46875,10.316890753169456
652,1103,833,960,540,-143,-293,-1.46875,9.366059557628834
653,1101,776,960,540,-141,-236,-1.40625,7.259119908965429
654,1099,717,960,540,-139,-177,-1.34375,5.08522594826692
655,1099,698,960,540,-139,-158,-1.34375,4.381522244563216
656,1097,676,960,540,-137,-136,-1.28125,3.550328338361809
657,1094,645,960,540,-134,-105,-1.1875,2.4160461009170264
658,1091,629,960,540,-131,-89,-1.09375,1.7883509980547607
659,1088,613,960,540,-128,-73,-1.0,1.2123275398090347
660,1086,593,960,540,-126,-53,-0.9375,0.40678681122072313
661,1083,582,960,540,-123,-42,-0.84375,0.028136979495120285
662,1081,584,960,540,-121,-44,-0.78125,0.1266343887060044
663,1077,593,960,540,-117,-53,-0.65625,0.4467813003116534
664,1066,607,960,540,-106,-67,-0.3125,0.963864267217079
665,1057,629,960,540,-97,-89,-0.03125,1.793923110274596
666,1057,649,960,540,-97,-109,-0.03125,2.5260676120773864
667,1059,661,960,540,-99,-121,-0.09375,2.905745013159967
668,1062,679,960,540,-102,-139,-0.1875,3.60703295635596
669,1066,690,960,540,-106,-150,-0.3125,4.0145335244738085
670,1072,686,960,540,-112,-146,-0.5,3.882858481449812
671,1083,672,960,540,-123,-132,-0.84375,3.39010610910928
672,1094,651,960,540,-134,-111,-1.1875,2.6077721903111906
673,1098,633,960,540,-138,-93,-1.3125,1.9129933963116348
674,1099,627,960,540,-139,-87,-1.34375,1.6884955653982803
675,1094,622,960,540,-134,-82,-1.1875,1.5018992438977967
676,1082,611,960,540,-122,-71,-0.8125,1.0925854070449503
677,1076,605,960,540,-116,-65,-0.625,0.8796691665469678
678,1076,603,960,540,-116,-63,-0.625,0.8238806522273685
679,1077,599,960,540,-117,-59,-0.65625,0.6626495007171964
680,1077,595,960,540,-117,-55,-0.65625,0.541315359980904
681,1078,592,960,540,-118,-52,-0.6875,0.42505529656791574
682,1078,591,960,540,-118,-51,-0.6875,0.3789645550940679
683,1078,592,960,540,-118,-52,-0.6875,0.3991415366418303
684,1078,595,960,540,-118,-55,-0.6875,0.5268553479148546
685,1078,600,960,540,-118,-60,-0.6875,0.6769769937729049
686,1080,615,960,540,-120,-75,-0.75,1.2199388527856827
687,1082,628,960,540,-122,-88,-0.8125,1.6691135722698083
688,1087,622,960,540,-127,-82,-0.96875,1.5625809872160465
689,1091,610,960,540,-131,-70,-1.09375,1.1181365427716023
690,1096,572,960,540,-136,-32,-1.25,-0.28271492526511777
691,1103,514,960,540,-143,26,-1.46875,-2.428723606143884
692,1111,451,960,540,-151,89,-1.71875,-4.771308929763141
693,1117,382,960,540,-157,158,-1.90625,-7.314708010758945
694,1119,324,960,540,-159,216,-1.96875,-9.443149047208935
695,1121,272,960,540,-161,268,-2.03125,-11.357510090847112
696,1134,225,960,540,-174,315,-2.4375,-13.068963498255494
697,1155,185,960,540,-195,355,-3.09375,-14.529987015083787
698,1186,148,960,540,-226,392,-4.0625,-15.932987409853453
699,1221,117,960,540,-261,423,-5.15625,-17.043229797005573
700,1252,95,960,540,-292,445,-6.125,-17.889601663497512
701,1278,89,960,540,-318,451,-6.9375,-18.084120117577537
702,1310,109,960,540,-350,431,-7.9375,-17.335133930739424
703,1341,127,960,540,-381,413,-8.90625,-16.653648353258532
704,1363,126,960,540,-403,414,-9.59375,-16.693586279525228
705,1379,126,960,540,-419,414,-10.09375,-16.661176041038395
706,1385,139,960,540,-425,401,-10.28125,-16.200330112724558
707,1385,181,960,540,-425,359,-10.28125,-14.656993604899345
708,1389,228,960,540,-429,312,-10.40625,-12.920033299000481
709,1393,254,960,540,-433,286,-10.53125,-11.927833824094984
710,1396,270,960,540,-436,270,-10.625,-11.36250217163522
711,1399,277,960,540,-439,263,-10.71875,-11.084026058982925
712,1400,283,960,540,-440,257,-10.75,-10.867958677355901
713,1379,313,960,540,-419,227,-10.09375,-9.777149702616429
714,1317,386,960,540,-357,154,-8.15625,-7.066194602039314
715,1254,463,960,540,-294,77,-6.1875,-4.208636484202732
716,1218,518,960,540,-258,22,-5.0625,-2.122849083477556
717,1194,564,960,540,-234,-24,-4.3125,-0.438113372044733
718,1180,600,960,540,-220,-60,-3.875,0.8918576587238756
719,1178,623,960,540,-218,-83,-3.8125,1.7439466997146984
720,1183,637,960,540,-223,-97,-3.96875,2.288171959543068
721,1190,641,960,540,-230,-101,-4.1875,2.4191839660245926
722,1195,640,960,540,-235,-100,-4.34375,2.3594902637356756
723,1190,636,960,540,-230,-96,-4.1875,2.2727704672379496
724,1171,619,960,540,-211,-79,-3.59375,1.6515270551049681
725,1144,590,960,540,-184,-50,-2.75,0.5660323662208453
726,1130,572,960,540,-170,-32,-2.3125,-0.1208015065276904
727,1133,571,960,540,-173,-31,-2.40625,-0.12659582184350526
728,1135,568,960,540,-175,-28,-2.46875,-0.24903134502194035
729,1122,554,960,540,-162,-14,-2.0625,-0.7699298150245778
730,1111,544,960,540,-151,-4,-1.71875,-1.1417562498986051
731,1115,544,960,540,-155,-4,-1.84375,-1.1434921028305012
732,1117,543,960,540,-157,-3,-1.90625,-1.1692411809080328
733,1119,548,960,540,-159,-8,-1.96875,-1.0059337569692433
734,1121,555,960,540,-161,-15,-2.03125,-0.7540292866705154
735,1123,558,960,540,-163,-18,-2.09375,-0.6444223244595736
736,1124,565,960,540,-164,-25,-2.125,-0.411185195102753
737,1126,576,960,540,-166,-36,-2.1875,0.029643524771281182
738,1127,586,960,540,-167,-46,-2.21875,0.3932668764061915
739,1128,588,960,540,-168,-48,-2.25,0.46606129715997513
740,1128,589,960,540,-168,-49,-2.25,0.5030983341970121
741,1114,589,960,540,-154,-49,-1.8125,0.4927829137516284
742,1101,590,960,540,-141,-50,-1.40625,0.5187199579775124
743,1102,590,960,540,-142,-50,-1.4375,0.5565564531889913
744,1102,585,960,540,-142,-45,-1.4375,0.3424328585310845
745,1101,579,960,540,-141,-39,-1.40625,0.1466745156222411
746,1099,578,960,540,-139,-38,-1.34375,0.11373334114156575
747,1096,578,960,540,-136,-38,-1.25,0.06872252782977051
748,1087,579,960,540,-127,-39,-0.96875,0.11676983857541434
749,1070,581,960,540,-110,-41,-0.4375,0.16196518304248486
750,1057,584,960,540,-97,-44,-0.03125,0.24156512424563226
751,1053,586,960,540,-93,-46,0.09375,0.3056660492687111
752,1051,587,960,540,-91,-47,0.15625,0.34423530126922053
753,1052,586,960,540,-92,-46,0.125,0.3738208145678883
754,1060,585,960,540,-100,-45,-0.125,0.32449593097074003
755,1074,584,960,540,-114,-44,-0.5625,0.29755307381570795
756,1082,584,960,540,-122,-44,-0.8125,0.2954656127019508
757,1081,584,960,540,-121,-44,-0.78125,0.29644307907735046
758,1080,583,960,540,-120,-43,-0.75,0.2642401631452722
759,1079,583,960,540,-119,-43,-0.71875,0.2681668601637641
760,1080,582,960,540,-120,-42,-0.75,0.2312265179523023
761,1078,581,960,540,-118,-41,-0.6875,0.19391922576749954
762,1067,581,960,540,-107,-41,-0.34375,0.15117778336457088
763,1057,581,960,540,-97,-41,-0.03125,0.11955838354566484
764,1055,581,960,540,-95,-41,0.03125,0.1446676642597462
765,1054,581,960,540,-94,-41,0.0625,0.1538931532204686
766,1056,581,960,540,-96,-41,0.0,0.09528015623262087
767,1069,582,960,540,-109,-42,-0.40625,0.1461661178923641
768,1079,582,960,540,-119,-42,-0.71875,0.12287853159262574
769,1075,582,960,540,-115,-42,-0.59375,0.13435197652984265
770,1072,582,960,540,-112,-42,-0.5,0.1329432658586971
771,1075,582,960,540,-115,-42,-0.59375,0.14399245848307451
772,1078,582,960,540,-118,-42,-0.6875,0.1356407100139121
773,1075,582,960,540,-115,-42,-0.59375,0.16768515969208586
774,1066,582,960,540,-106,-42,-0.3125,0.17341817260776793
775,1066,581,960,540,-106,-41,-0.3125,0.16148914546207882
776,1075,580,960,540,-115,-40,-0.59375,0.12249908209291749
777,1078,580,960,540,-118,-40,-0.6875,0.12418318649942361
778,1082,580,960,540,-122,-40,-0.8125,0.10583701080368635
779,1090,580,960,540,-130,-40,-1.0625,0.11524121446169477
780,1106,579,960,540,-146,-39,-1.5625,0.10219743493690037
781,1115,578,960,540,-155,-38,-1.84375,0.028641075074897993
782,1112,578,960,540,-152,-38,-1.75,0.03644620377303731
783,1096,578,960,540,-136,-38,-1.25,0.0487602609297324
784,1076,577,960,540,-116,-37,-0.625,0.004184963856122659
785,1069,576,960,540,-109,-36,-0.40625,0.0016794271793865168
786,1063,575,960,540,-103,-35,-0.21875,-0.04303134587953572
787,1055,575,960,540,-95,-35,0.03125,-0.035184833374883207
788,1050,576,960,540,-90,-36,0.1875,0.001852203662153773
789,1039,576,960,540,-79,-36,0.53125,-0.003364934189376445
790,1024,575,960,540,-64,-35,1.0,-0.021575539021455814
791,1009,576,960,540,-49,-36,1.46875,0.01715266324252762
792,1000,577,960,540,-40,-37,1.75,0.0541897002795646
793,992,579,960,540,-32,-39,2.0,0.10646588999812101
794,989,582,960,540,-29,-42,2.09375,0.21215956118626766
795,995,584,960,540,-35,-44,1.90625,0.28078342419103697
796,996,585,960,540,-36,-45,1.875,0.32427548790933747
797,992,585,960,540,-32,-45,2.0,0.32427548790933747
798,991,586,960,540,-31,-46,2.03125,0.357210495977619
799,997,585,960,540,-37,-45,1.84375,0.328157408628996
800,1006,585,960,540,-46,-45,1.5625,0.3367546915665094
801,1009,585,960,540,-49,-45,1.46875,0.3650590470776005
802,1009,585,960,540,-49,-45,1.46875,0.3586284889606881
803,1009,586,960,540,-49,-46,1.46875,0.38547524333425986
804,1012,585,960,540,-52,-45,1.375,0.34427742890502344
805,1015,585,960,540,-55,-45,1.28125,0.3471643418804726
806,1019,585,960,540,-59,-45,1.15625,0.3538018880581697
807,1024,585,960,540,-64,-45,1.0,0.3913055910855303
808,1027,584,960,540,-67,-44,0.90625,0.3202829201378834
809,1031,584,960,540,-71,-44,0.78125,0.2995676648881016
810,1037,583,960,540,-77,-43,0.59375,0.30444282900151687
811,1044,582,960,540,-84,-42,0.375,0.27052086263661157
812,1048,581,960,540,-88,-41,0.25,0.24907878542759132
813,1053,581,960,540,-93,-41,0.09375,0.2227635196169202
814,1059,579,960,540,-99,-39,-0.09375,0.15990960293132028
815,1064,577,960,540,-104,-37,-0.25,0.10160868337568263
816,1068,576,960,540,-108,-36,-0.375,0.0579060345475404
817,1070,575,960,540,-110,-35,-0.4375,0.0497698299987448
818,1072,575,960,540,-112,-35,-0.5,0.0772425058601478
819,1074,573,960,540,-114,-33,-0.5625,0.014324808521717802
820,1075,573,960,540,-115,-33,-0.59375,-0.016235756609665808
821,1075,572,960,540,-115,-32,-0.59375,-0.032837019374753806
822,1076,571,960,540,-116,-31,-0.625,-0.06900357217434094
823,1075,571,960,540,-115,-31,-0.59375,-0.09325902322190416
824,1071,571,960,540,-111,-31,-0.46875,-0.09761396701836977
825,1058,572,960,540,-98,-32,-0.0625,-0.04889903993771205
826,1049,572,960,540,-89,-32,0.21875,-0.03416451909836549
827,1050,572,960,540,-90,-32,0.1875,-0.04489721836608851
828,1052,572,960,540,-92,-32,0.125,-0.043684919073549544
829,1061,573,960,540,-101,-33,-0.15625,-0.028676984803166272
830,1071,573,960,540,-111,-33,-0.46875,-0.023488461081915046
831,1073,573,960,540,-113,-33,-0.53125,-0.002898444401330469
832,1071,573,960,540,-111,-33,-0.46875,-0.026851751496225207
833,1070,572,960,540,-110,-32,-0.4375,-0.06861922266169307
834,1069,572,960,540,-109,-32,-0.40625,-0.06861922266169307
835,1068,571,960,540,-108,-31,-0.375,-0.09925382180575859
836,1067,570,960,540,-107,-30,-0.34375,-0.1565535077154272
837,1065,570,960,540,-105,-30,-0.28125,-0.18337225225670029
838,1063,569,960,540,-103,-29,-0.21875,-0.23305585346078783
839,1061,570,960,540,-101,-30,-0.15625,-0.2056283179280285
840,1060,570,960,540,-100,-30,-0.125,-0.20553764852790302
841,1058,570,960,540,-98,-30,-0.0625,-0.18155754236021626
842,1056,571,960,540,-96,-31,0.0,-0.15703346976693067
843,1054,572,960,540,-94,-32,0.0625,-0.12636778656368297
844,1053,573,960,540,-93,-33,0.09375,-0.08933074952664599
845,1053,574,960,540,-93,-34,0.09375,-0.054015764649470555
846,1052,575,960,540,-92,-35,0.125,-0.0409620726080453
847,1051,577,960,540,-91,-37,0.15625,0.0657254638795981
848,1050,577,960,540,-90,-37,0.1875,0.0659788807129782
849,1048,577,960,540,-88,-37,0.25,0.054254621842087625
850,1045,578,960,540,-85,-38,0.34375,0.07124858959945546
851,1041,578,960,540,-81,-38,0.46875,0.05997557422157129
852,1038,579,960,540,-78,-39,0.5625,0.11374934438304352
853,1036,580,960,540,-76,-40,0.625,0.14924730794065355
854,1034,581,960,540,-74,-41,0.6875,0.1808365505131697
855,1032,582,960,540,-72,-42,0.75,0.22920972336025858
856,1031,582,960,540,-71,-42,0.78125,0.23594671219193852
857,1028,582,960,540,-68,-42,0.875,0.2610728054881548
858,1025,583,960,540,-65,-43,0.96875,0.28179120663028323
859,1022,582,960,540,-62,-42,1.0625,0.24197626167047925
860,1020,582,960,540,-60,-42,1.125,0.25385577450751007
861,1017,582,960,540,-57,-42,1.21875,0.2378989107634788
862,1015,582,960,540,-55,-42,1.28125,0.24834102711671857
863,1020,582,960,540,-60,-42,1.125,0.24997143705423697
864,1032,581,960,540,-72,-41,0.75,0.17638265356791094
865,1039,580,960,540,-79,-40,0.53125,0.1547925121192344
866,1037,580,960,540,-77,-40,0.59375,0.15699908869602086
867,1036,580,960,540,-76,-40,0.625,0.1457922972414567
868,1035,581,960,540,-75,-41,0.65625,0.18483199985640542
869,1035,582,960,540,-75,-42,0.65625,0.227153779167379
870,1035,582,960,540,-75,-42,0.65625,0.21269989987213167
871,1036,582,960,540,-76,-42,0.625,0.21523046670628299
872,1037,583,960,540,-77,-43,0.59375,0.25283148573807157
873,1037,583,960,540,-77,-43,0.59375,0.2536006755040794
874,1038,583,960,540,-78,-43,0.5625,0.2653587595198319
875,1038,583,960,540,-78,-43,0.5625,0.2736559929903464
876,1039,584,960,540,-79,-44,0.53125,0.29725248929367476
877,1038,585,960,540,-78,-45,0.5625,0.348026612757691
878,1038,585,960,540,-78,-45,0.5625,0.32738281281215786
879,1039,586,960,540,-79,-46,0.53125,0.36973001049668586
880,1039,585,960,540,-79,-45,0.53125,0.33687508013810685
881,1039,585,960,540,-79,-45,0.53125,0.34081662813341795
882,1039,585,960,540,-79,-45,0.53125,0.3456439170945589
883,1038,586,960,540,-78,-46,0.5625,0.3763483968431889
884,1037,585,960,540,-77,-45,0.59375,0.3285793157199315
885,1036,585,960,540,-76,-45,0.625,0.3354758775183737
886,1035,584,960,540,-75,-44,0.65625,0.2857324146460041
887,1035,582,960,540,-75,-42,0.65625,0.20922451668763564
888,1042,583,960,540,-82,-43,0.4375,0.26926593902736706
889,1053,583,960,540,-93,-43,0.09375,0.24002033044747795
890,1058,583,960,540,-98,-43,-0.0625,0.25176640509464576
891,1057,583,960,540,-97,-43,-0.03125,0.24316932545539172
892,1056,583,960,540,-96,-43,0.0,0.24316932545539172
893,1048,583,960,540,-88,-43,0.25,0.24334325952571656
894,1036,583,960,540,-76,-43,0.625,0.24574690466410276
895,1032,583,960,540,-72,-43,0.75,0.23952530986919363
896,1032,582,960,540,-72,-42,0.75,0.19436225750484049
897,1034,582,960,540,-74,-42,0.6875,0.20335340836580595
898,1531,301,960,540,-571,239,-14.84375,-10.223532816660232
899,1484,303,960,540,-524,237,-13.375,-10.157411972445248
900,1465,304,960,540,-505,236,-12.78125,-10.112696294913212
901,1458,305,960,540,-498,235,-12.5625,-10.081001653437966
902,1455,304,960,540,-495,236,-12.46875,-10.103283339773723
903,1454,304,960,540,-494,236,-12.4375,-10.104473947605578
904,1453,304,960,540,-493,236,-12.40625,-10.11658889574724
905,1451,305,960,540,-491,235,-12.34375,-10.080005675065824
906,1448,306,960,540,-488,234,-12.25,-10.022751289521807
907,1433,316,960,540,-473,224,-11.78125,-9.697366437523899
908,1404,343,960,540,-444,197,-10.875,-8.675754770482776
909,1365,383,960,540,-405,157,-9.65625,-7.20404036176104
910,1285,448,960,540,-325,92,-7.15625,-4.757642955914692
911,1207,505,960,540,-247,35,-4.71875,-2.627535459253711
912,1171,526,960,540,-211,14,-3.59375,-1.8569829819325219
913,1140,536,960,540,-180,4,-2.625,-1.4669521937882566
914,1122,540,960,540,-162,0,-2.0625,-1.3474085988794127
915,1122,541,960,540,-162,-1,-2.0625,-1.3009453913313445
916,1120,545,960,540,-160,-5,-2.0,-1.1696528527113341
917,1109,556,960,540,-149,-16,-1.65625,-0.7412663572010609
918,1081,567,960,540,-121,-27,-0.78125,-0.35889346928803345
919,1064,570,960,540,-104,-30,-0.25,-0.23228594514165501
920,1065,569,960,540,-105,-29,-0.28125,-0.2696448332992014
921,1068,569,960,540,-108,-29,-0.375,-0.25028409325095247
922,1078,568,960,540,-118,-28,-0.6875,-0.3121469669855461
923,1093,567,960,540,-133,-27,-1.15625,-0.32779964932059547
924,1101,568,960,540,-141,-28,-1.40625,-0.27013972412344844
925,1099,569,960,540,-139,-29,-1.34375,-0.249451196896457
926,1096,570,960,540,-136,-30,-1.25,-0.2144657204222289
927,1095,571,960,540,-135,-31,-1.21875,-0.19306131430263274
928,1093,571,960,540,-133,-31,-1.15625,-0.19721276127679066
929,1076,572,960,540,-116,-32,-0.625,-0.14751947089609563
930,1063,572,960,540,-103,-32,-0.21875,-0.138633554246143
931,1065,572,960,540,-105,-32,-0.28125,-0.14354636606258353
932,1064,572,960,540,-104,-32,-0.25,-0.14354636606258353
933,1064,572,960,540,-104,-32,-0.25,-0.1540338577854905
934,1063,572,960,540,-103,-32,-0.21875,-0.1540338577854905
935,1069,571,960,540,-109,-31,-0.40625,-0.18396679792370318
936,1085,571,960,540,-125,-31,-0.90625,-0.16947817167524892
937,1094,571,960,540,-134,-31,-1.1875,-0.18795085166640502
938,1093,572,960,540,-133,-32,-1.15625,-0.14495802798478397
939,1093,572,960,540,-133,-32,-1.15625,-0.14513205730313206
940,1092,571,960,540,-132,-31,-1.125,-0.19880360486178983
941,1083,570,960,540,-123,-30,-0.84375,-0.21868588286804314
942,1070,570,960,540,-110,-30,-0.4375,-0.25171434632827205
943,1068,570,960,540,-108,-30,-0.375,-0.24159404688578134
944,1069,570,960,540,-109,-30,-0.40625,-0.2520523083498081
945,1068,570,960,540,-108,-30,-0.375,-0.23314787460354647
946,1068,569,960,540,-108,-29,-0.375,-0.28272318005913566
947,1068,569,960,540,-108,-29,-0.375,-0.2715789039704024
948,1068,569,960,540,-108,-29,-0.375,-0.28089763950558155
949,1068,568,960,540,-108,-28,-0.375,-0.3204671053928303
950,1068,568,960,540,-108,-28,-0.375,-0.3065090704401867
951,1067,568,960,540,-107,-28,-0.34375,-0.3102979912237356
952,1067,569,960,540,-107,-29,-0.34375,-0.27037127613462886
953,1067,568,960,540,-107,-28,-0.34375,-0.31275942769738596
954,1066,568,960,540,-106,-28,-0.3125,-0.3018743870645533
955,1064,568,960,540,-104,-28,-0.25,-0.3158863472867628
956,1064,568,960,540,-104,-28,-0.25,-0.3274813181079119
957,1063,568,960,540,-103,-28,-0.21875,-0.32083977506003447
958,1063,568,960,540,-103,-28,-0.21875,-0.31524017530536486
959,1062,569,960,540,-102,-29,-0.1875,-0.27987009575325406
960,1062,569,960,540,-102,-29,-0.1875,-0.316496911439619
961,1061,569,960,540,-101,-29,-0.15625,-0.3201248139731161
962,1061,568,960,540,-101,-28,-0.15625,-0.32393174806424363
963,1060,568,960,540,-100,-28,-0.125,-0.30545494508284343
964,1059,568,960,540,-99,-28,-0.09375,-0.3067676140817086
965,1058,569,960,540,-98,-29,-0.0625,-0.23459684691780502
966,1057,570,960,540,-97,-30,-0.03125,-0.22247147675910162
967,1057,570,960,540,-97,-30,-0.03125,-0.21225247685939785
968,1057,570,960,540,-97,-30,-0.03125,-0.21198825340568583
969,1058,570,960,540,-98,-30,-0.0625,-0.21589542101434533
970,1059,570,960,540,-99,-30,-0.09375,-0.21589542101434533
971,1059,570,960,540,-99,-30,-0.09375,-0.26837053863408755
972,1060,571,960,540,-100,-31,-0.125,-0.23051725084124697
973,1061,571,960,540,-101,-31,-0.15625,-0.19537750547918353
974,1062,572,960,540,-102,-32,-0.1875,-0.18642010493920025
975,1063,572,960,540,-103,-32,-0.21875,-0.17920252898445033
976,1064,571,960,540,-104,-31,-0.25,-0.19544238585036466
977,1064,570,960,540,-104,-30,-0.25,-0.22607516638327518
978,1063,570,960,540,-103,-30,-0.21875,-0.22180403513921654
979,1062,570,960,540,-102,-30,-0.1875,-0.2191646812186483
980,1060,572,960,540,-100,-32,-0.125,-0.1549978323629846
981,1058,572,960,540,-98,-32,-0.0625,-0.1544760087645829
982,1055,573,960,540,-95,-33,0.03125,-0.10515524131214149
983,1052,574,960,540,-92,-34,0.125,-0.10190616118272056
984,1050,574,960,540,-90,-34,0.1875,-0.09894751968405413
985,1046,575,960,540,-86,-35,0.3125,-0.06970212357008321
986,1044,575,960,540,-84,-35,0.375,-0.09155149150420416
987,1041,575,960,540,-81,-35,0.46875,-0.09672417407407341
988,1037,576,960,540,-77,-36,0.59375,-0.05698431657115588
989,1033,576,960,540,-73,-36,0.71875,-0.06703588270724947
990,1030,577,960,540,-70,-37,0.8125,-0.03864697870757006
991,1026,577,960,540,-66,-37,0.9375,-0.034827491952180045
992,1022,578,960,540,-62,-38,1.0625,0.009003348787564258
993,1024,578,960,540,-64,-38,1.0,-0.005853358028569122
994,1032,580,960,540,-72,-40,0.75,0.06660511050279605
995,1039,581,960,540,-79,-41,0.53125,0.10102398415694602
996,1039,581,960,540,-79,-41,0.53125,0.10224476439557528
997,1035,582,960,540,-75,-42,0.65625,0.16923963305425227
998,1032,582,960,540,-72,-42,0.75,0.19260596656306084
999,1030,582,960,540,-70,-42,0.8125,0.1848368567659966
1000,1028,581,960,540,-68,-41,0.875,0.1476778081618666
1001,1027,580,960,540,-67,-40,0.90625,0.11519607588421432
1002,1027,578,960,540,-67,-38,0.90625,0.01053661917248494
1003,1027,575,960,540,-67,-35,0.90625,-0.10414256370261343
1004,1028,573,960,540,-68,-33,0.875,-0.1879832313424199
1005,1031,572,960,540,-71,-32,0.78125,-0.22549320666069117
1006,1035,570,960,540,-75,-30,0.65625,-0.3142755406951072
1007,1038,567,960,540,-78,-27,0.5625,-0.45186408679818846
1008,1041,565,960,540,-81,-25,0.46875,-0.5137484057008019
1009,1045,563,960,540,-85,-23,0.34375,-0.6228496217407578
1010,1051,559,960,540,-91,-19,0.15625,-0.8017531668488809
1011,1057,553,960,540,-97,-13,-0.03125,-1.048671303484429
1012,1061,544,960,540,-101,-4,-0.15625,-1.3821020987288344
1013,1066,534,960,540,-106,6,-0.3125,-1.8054652614151396
1014,1070,528,960,540,-110,12,-0.4375,-2.0276874836373615
1015,1074,523,960,540,-114,17,-0.5625,-2.2749122762799474
1016,1079,518,960,540,-119,22,-0.71875,-2.4600974614651325
1017,1084,523,960,540,-124,17,-0.875,-2.3397440518417874
1018,1090,529,960,540,-130,11,-1.0625,-2.1705919962293274
1019,1094,528,960,540,-134,12,-1.1875,-2.1955962573500134
1020,1098,527,960,540,-138,13,-1.3125,-2.3141994959287078
1021,1101,533,960,540,-141,7,-1.40625,-2.1393642601410945
1022,1102,540,960,540,-142,0,-1.4375,-1.8316495574414184
1023,1103,541,960,540,-143,-1,-1.46875,-1.8255712239567456
1024,1100,540,960,540,-140,0,-1.375,-1.8873857915431558
1025,1097,540,960,540,-137,0,-1.28125,-1.8873857915431558
1026,1085,539,960,540,-125,1,-0.90625,-1.9444142678972165
1027,1067,536,960,540,-107,4,-0.34375,-2.125259884746293
1028,1057,534,960,540,-97,6,-0.03125,-2.2049039959061676
1029,1048,533,960,540,-88,7,0.25,-2.279081226172675
1030,1034,532,960,540,-74,8,0.6875,-2.3862017190427673
1031,1018,533,960,540,-58,7,1.1875,-2.3819471583760183
1032,1003,530,960,540,-43,10,1.65625,-2.5456885878043267
1033,991,521,960,540,-31,19,2.03125,-2.9259242562195307
1034,985,514,960,540,-25,26,2.21875,-3.1851835154787898
1035,991,509,960,540,-31,31,2.03125,-3.418120644949992
1036,997,500,960,540,-37,40,1.84375,-3.8265375109917636
1037,994,490,960,540,-34,50,1.9375,-4.263456273616296
1038,1002,493,960,540,-42,47,1.6875,-4.276124650945441
1039,1015,502,960,540,-55,38,1.28125,-3.9941837218083056
1040,1019,503,960,540,-59,37,1.15625,-3.9171067711925134
1041,1022,504,960,540,-62,36,1.0625,-3.9648893380376276
1042,1025,510,960,540,-65,30,0.96875,-3.765558653017798
1043,1031,516,960,540,-71,24,0.78125,-3.643295262278855
1044,1039,515,960,540,-79,25,0.53125,-3.7364254334214007
1045,1047,514,960,540,-87,26,0.28125,-3.8145683768491097
1046,1053,518,960,540,-93,22,0.09375,-3.7801854997388897
1047,1064,523,960,540,-104,17,-0.25,-3.6251902125176736
1048,1078,517,960,540,-118,23,-0.6875,-3.8737751880823366
1049,1088,508,960,540,-128,32,-1.0,-4.3577513899353875
1050,1090,505,960,540,-130,35,-1.0625,-4.556413910517217
1051,1099,496,960,540,-139,44,-1.34375,-5.0146050524386165
1052,1118,482,960,540,-158,58,-1.9375,-5.566361649947106
1053,1135,475,960,540,-175,65,-2.46875,-5.895742190051459
1054,1158,479,960,540,-198,61,-3.1875,-5.930952115263308
1055,1179,481,960,540,-219,59,-3.84375,-5.890138405216994
1056,1193,478,960,540,-233,62,-4.28125,-6.034992586595928
1057,1208,475,960,540,-248,65,-4.75,-6.204152022699527
1058,1217,486,960,540,-257,54,-5.03125,-5.871455992934225
1059,1226,502,960,540,-266,38,-5.3125,-5.302648127655734
1060,1240,507,960,540,-280,33,-5.75,-5.100699443210779
1061,1248,505,960,540,-288,35,-6.0,-5.26644469459654
1062,1258,503,960,540,-298,37,-6.3125,-5.348206424231147
1063,1259,508,960,540,-299,32,-6.34375,-5.3117270294195125
1064,1244,521,960,540,-284,19,-5.875,-4.994292033233039
1065,1219,535,960,540,-259,5,-5.09375,-4.161589440410206
1066,1205,540,960,540,-245,0,-4.65625,-4.127720139163146
1067,1208,538,960,540,-248,2,-4.75,-4.188964109246884
1068,1210,542,960,540,-250,-2,-4.8125,-4.15005752138453
1069,1201,554,960,540,-241,-14,-4.53125,-3.7781492963356755
1070,1176,570,960,540,-216,-30,-3.75,-3.102256980414633
1071,1160,578,960,540,-200,-38,-3.25,-2.805960684118337
1072,1156,574,960,540,-196,-34,-3.125,-3.023640372443721
1073,1151,567,960,540,-191,-27,-2.96875,-3.3179087206830626
1074,1131,564,960,540,-171,-24,-2.34375,-3.5046276616173526
1075,1109,560,960,540,-149,-20,-1.65625,-3.6438618464559243
1076,1102,557,960,540,-142,-17,-1.4375,-3.7763031076014046
1077,1086,561,960,540,-126,-21,-0.9375,-3.666301515376544
1078,1069,573,960,540,-109,-33,-0.40625,-3.2457128807817437
1079,1054,581,960,540,-94,-41,0.0625,-3.0335112547050596
1080,1036,582,960,540,-76,-42,0.625,-3.0329463786375435
1081,1025,580,960,540,-65,-40,0.96875,-3.1070204527116174
1082,998,594,960,540,-38,-54,1.8125,-2.6699071058044765
1083,958,611,960,540,2,-71,3.0625,-1.9676282817826256
1084,927,613,960,540,33,-73,4.03125,-1.9010977348060645
1085,898,615,960,540,62,-75,4.9375,-1.8586594922582789
1086,877,616,960,540,83,-76,5.59375,-1.7152925603910862
1087,847,616,960,540,113,-76,6.53125,-1.719827379151254
1088,821,617,960,540,139,-77,7.34375,-1.7343651141286016
1089,816,617,960,540,144,-77,7.5,-1.6531447976649223
1090,811,615,960,540,149,-75,7.65625,-1.786100681610371
1091,788,611,960,540,172,-71,8.375,-1.9015491878098802
1092,760,604,960,540,200,-64,9.25,-2.165468035124669
1093,745,597,960,540,215,-57,9.71875,-2.450671889508604
1094,740,593,960,540,220,-53,9.875,-2.5844439687496505
1095,739,593,960,540,221,-53,9.90625,-2.3572366966955585
1096,732,594,960,540,228,-54,10.125,-2.330180247822387
1097,717,597,960,540,243,-57,10.59375,-2.3744771027590335
1098,693,606,960,540,267,-66,11.34375,-1.8154001717839834
1099,680,613,960,540,280,-73,11.75,-1.5561409125247239
1100,672,614,960,540,288,-74,12.0,-1.5383995572301554
1101,669,623,960,540,291,-83,12.09375,-1.3854257528190481
1102,695,637,960,540,265,-97,11.28125,-0.829922517125925
1103,726,645,960,540,234,-105,10.3125,-0.43244568178626475
1104,740,647,960,540,220,-107,9.875,-0.3301841187862449
1105,744,648,960,540,216,-108,9.75,-0.401461435893939
1106,747,647,960,540,213,-107,9.65625,-0.40003637705674144
1107,756,645,960,540,204,-105,9.375,-0.4441534492170658
1108,763,644,960,540,197,-104,9.15625,-0.481190486254103
1109,804,643,960,540,156,-103,7.875,-0.49345040216167435
1110,861,641,960,540,99,-101,6.09375,-0.5734114007218949
1111,888,643,960,540,72,-103,5.25,-0.5211333474779569
1112,907,645,960,540,53,-105,4.65625,-0.47624233509653857
1113,917,645,960,540,43,-105,4.34375,-0.42080980775130117
1114,928,642,960,540,32,-102,4.0,-0.48652264038375925
1115,944,636,960,540,16,-96,3.5,-0.658269065928696
1116,962,631,960,540,-2,-91,2.9375,-0.896173511827457
1117,973,631,960,540,-13,-91,2.59375,-0.9162944397694988
1118,975,631,960,540,-15,-91,2.53125,-0.9162944397694988
1119,975,633,960,540,-15,-93,2.53125,-0.8256135721447433
1120,975,640,960,540,-15,-100,2.53125,-0.5759339234845369
1121,973,646,960,540,-13,-106,2.59375,-0.29108600569503196
1122,973,646,960,540,-13,-106,2.59375,-0.2880686885705952
1123,973,644,960,540,-13,-104,2.59375,-0.4114176148549187
1124,976,642,960,540,-16,-102,2.5,-0.502137316790412
1125,984,641,960,540,-24,-101,2.25,-0.629039318707572
1126,997,640,960,540,-37,-100,1.84375,-0.6464752480715283
1127,1007,641,960,540,-47,-101,1.53125,-0.5893616749076589
1128,1013,642,960,540,-53,-102,1.34375,-0.5537236601182638
1129,1017,642,960,540,-57,-102,1.21875,-0.6134692074185608
1130,1022,641,960,540,-62,-101,1.0625,-0.5848058405099312
1131,1027,641,960,540,-67,-101,0.90625,-0.5934707564089932
1132,1030,643,960,540,-70,-103,0.8125,-0.5441185302188303
1133,1032,645,960,540,-72,-105,0.75,-0.5098829411142307
1134,1035,647,960,540,-75,-107,0.65625,-0.3977687225850559
1135,1039,648,960,540,-79,-108,0.53125,-0.2799935664141353
1136,1041,649,960,540,-81,-109,0.46875,-0.21877430709492707
1137,1043,650,960,540,-83,-110,0.40625,-0.1447854379222031
1138,1043,651,960,540,-83,-111,0.40625,-0.16438667795191453
1139,1040,650,960,540,-80,-110,0.5,-0.1938180649138852
1140,1038,649,960,540,-78,-109,0.5625,-0.2334756672512519
1141,1036,648,960,540,-76,-108,0.625,-0.28068893931769257
1142,1033,650,960,540,-73,-110,0.71875,-0.17503311972257585
1143,1031,651,960,540,-71,-111,0.78125,-0.2008519965050084
1144,1028,650,960,540,-68,-110,0.875,-0.21095715477936228
1145,1025,651,960,540,-65,-111,0.96875,-0.3179402284450905
1146,1022,653,960,540,-62,-113,1.0625,-0.2438661543710161
1147,1022,654,960,540,-62,-114,1.0625,-0.23731872956455824
1148,1023,653,960,540,-63,-113,1.03125,-0.2739992863257914
1149,1025,653,960,540,-65,-113,0.96875,-0.23053447050491016
1150,1028,651,960,540,-68,-111,0.875,-0.32158301265310385
1151,1029,650,960,540,-69,-110,0.84375,-0.32812516095086686
1152,1031,649,960,540,-71,-109,0.78125,-0.31590594437492836
1153,1032,650,960,540,-72,-110,0.75,-0.219978293831546
1154,1033,650,960,540,-73,-110,0.71875,-0.219978293831546
1155,1033,651,960,540,-73,-111,0.71875,-0.2527176936380009
1156,1032,652,960,540,-72,-112,0.75,-0.20152548472792198
1157,1030,652,960,540,-70,-112,0.8125,-0.11055194130736101
1158,1027,651,960,540,-67,-111,0.90625,-0.16619970993297084
1159,1023,652,960,540,-63,-112,1.03125,-0.0828645795272509
1160,1019,652,960,540,-59,-112,1.15625,-0.08792939285538282
1161,1015,653,960,540,-55,-113,1.28125,-0.06862862984208551
1162,1009,654,960,540,-49,-114,1.46875,-0.10651517631900642
1163,1005,656,960,540,-45,-116,1.59375,-0.0029245973119857993
1164,1003,657,960,540,-43,-117,1.65625,0.0341124397250514
1165,1011,655,960,540,-51,-115,1.40625,0.03482472491820321
1166,1018,653,960,540,-58,-113,1.1875,-0.039249349155870306
1167,1017,652,960,540,-57,-112,1.21875,-0.10271492530368054
1168,1014,652,960,540,-54,-112,1.3125,-0.09485629441530907
1169,1010,652,960,540,-50,-112,1.4375,-0.14643023283287793
1170,1006,652,960,540,-46,-112,1.5625,-0.10385539018386414
1171,1002,654,960,540,-42,-114,1.6875,-0.04893112455791737
1172,996,657,960,540,-36,-117,1.875,0.020423746041778656
1173,992,660,960,540,-32,-120,2.0,0.11271409326554949
1174,990,662,960,540,-30,-122,2.0625,0.186788167339623
1175,991,664,960,540,-31,-124,2.03125,0.32407167114290125
1176,997,667,960,540,-37,-127,1.84375,0.4140960218960199
1177,1003,669,960,540,-43,-129,1.65625,0.48729931435981033
1178,1000,671,960,540,-40,-131,1.75,0.508811057668245
1179,995,673,960,540,-35,-133,1.90625,0.6100760195660264
1180,991,675,960,540,-31,-135,2.03125,0.670897820322522
1181,987,678,960,540,-27,-138,2.15625,0.8196719868233959
1182,982,680,960,540,-22,-140,2.3125,0.8736829906732524
1183,989,682,960,540,-29,-142,2.09375,0.9381895137291885
1184,997,684,960,540,-37,-144,1.84375,1.0122635878032629
1185,997,687,960,540,-37,-147,1.84375,1.1368656621412212
1186,996,689,960,540,-36,-149,1.875,1.1994158706803946
1187,995,689,960,540,-35,-149,1.90625,1.1858488136284082
1188,993,682,960,540,-33,-142,1.96875,0.9809221833030657
1189,992,675,960,540,-32,-135,2.0,0.7416381988534289
1190,990,675,960,540,-30,-135,2.0625,0.7748355281093211
1191,990,673,960,540,-30,-133,2.0625,0.6711120465335556
1192,992,672,960,540,-32,-132,2.0,0.6340750094965184
1193,1002,673,960,540,-42,-133,1.6875,0.6331218605220448
1194,1014,673,960,540,-54,-133,1.3125,0.6570221677338193
1195,1017,673,960,540,-57,-133,1.21875,0.6801015871320812
1196,491,60,960,540,469,480,17.65625,-21.20176019539425
1197,511,78,960,540,449,462,17.03125,-20.18383966177487
1198,545,107,960,540,415,433,15.96875,-19.11562043851936
1199,570,124,960,540,390,416,15.1875,-18.31796740594209
1200,591,129,960,540,369,411,14.53125,-17.932418496645887
1201,613,124,960,540,347,416,13.84375,-18.082153402856733
1202,640,126,960,540,320,414,13.0,-17.905189919187734
1203,667,135,960,540,293,405,12.15625,-17.47278916891224
1204,688,149,960,540,272,391,11.5,-16.834739253624893
1205,698,161,960,540,262,379,11.1875,-16.390294809180446
1206,708,182,960,540,252,358,10.875,-15.48507461531466
1207,728,217,960,540,232,323,10.25,-14.122047788184874
1208,745,256,960,540,215,284,9.71875,-12.63169549922592
1209,753,295,960,540,207,245,9.46875,-11.105158981616631
1210,753,325,960,540,207,215,9.46875,-9.933111219553615
1211,750,352,960,540,210,188,9.5625,-8.843293943082593
1212,753,381,960,540,207,159,9.46875,-7.744265376027709
1213,766,414,960,540,194,126,9.0625,-6.501264219424502
1214,779,449,960,540,181,91,8.65625,-5.113432754251994
1215,783,473,960,540,177,67,8.53125,-4.223090048713691
1216,783,483,960,540,177,57,8.53125,-3.8357483201194342
1217,786,482,960,540,174,58,8.4375,-3.782557142557868
1218,798,480,960,540,162,60,8.0625,-3.825526406852494
1219,821,480,960,540,139,60,7.34375,-3.8277015026870327
1220,849,482,960,540,111,58,6.46875,-3.7077415838040144
1221,872,485,960,540,88,55,5.75,-3.5975901108980186
1222,885,488,960,540,75,52,5.34375,-3.4499336175603004
1223,894,487,960,540,66,53,5.0625,-3.4245732457744547
1224,901,483,960,540,59,57,4.84375,-3.5670332257054227
1225,909,483,960,540,51,57,4.59375,-3.568363865450178
1226,920,487,960,540,40,53,4.25,-3.4052184780256285
1227,936,491,960,540,24,49,3.75,-3.257777756809174
1228,961,501,960,540,-1,39,2.96875,-2.8654650688222993
1229,982,510,960,540,-22,30,2.3125,-2.524407111730943
1230,995,513,960,540,-35,27,1.90625,-2.4075463530730175
1231,1002,516,960,540,-42,24,1.6875,-2.2773156087999054
1232,1017,526,960,540,-57,14,1.21875,-1.931961720225869
1233,1036,543,960,540,-76,-3,0.625,-1.2625081853735045
1234,1044,549,960,540,-84,-9,0.375,-1.0402859631512824
1235,1041,550,960,540,-81,-10,0.46875,-1.0196663494582712
1236,1032,551,960,540,-72,-11,0.75,-0.9620758056648233
1237,1025,553,960,540,-65,-13,0.96875,-0.9110756577480779
1238,1023,555,960,540,-63,-15,1.03125,-0.8230181707800379
1239,1023,555,960,540,-63,-15,1.03125,-0.803214204273522
1240,1024,555,960,540,-64,-15,1.0,-0.8084181209453054
1241,1025,555,960,540,-65,-15,0.96875,-0.8084181209453054
1242,1025,555,960,540,-65,-15,0.96875,-0.8132937530089188
1243,1027,555,960,540,-67,-15,0.90625,-0.8287753976160284
1244,1028,555,960,540,-68,-15,0.875,-0.8351230076257308
1245,1028,556,960,540,-68,-16,0.875,-0.8018710087863787
1246,1029,557,960,540,-69,-17,0.84375,-0.7995976999723537
1247,1029,559,960,540,-69,-19,0.84375,-0.6983629674225196
1248,1029,559,960,540,-69,-19,0.84375,-0.6844635381589359
1249,1035,559,960,540,-75,-19,0.65625,-0.6959975784967878
1250,1048,560,960,540,-88,-20,0.25,-0.6251991296884176
1251,1056,561,960,540,-96,-21,0.0,-0.6046192172169733
1252,1057,560,960,540,-97,-20,-0.03125,-0.6132757023354276
1253,1057,560,960,540,-97,-20,-0.03125,-0.6193801995056607
1254,1054,561,960,540,-94,-21,0.0625,-0.6140393662086363
1255,1044,562,960,540,-84,-22,0.375,-0.5876380997241631
1256,1037,562,960,540,-77,-22,0.59375,-0.6146049115400277
1257,1037,562,960,540,-77,-22,0.59375,-0.6101659892211996
1258,1038,569,960,540,-78,-29,0.5625,-0.3628325051648664
1259,1040,580,960,540,-80,-40,0.5,0.0638446146919831
1260,1041,587,960,540,-81,-47,0.46875,0.3199296587182914
1261,1042,589,960,540,-82,-49,0.4375,0.38136312232697045
1262,1045,590,960,540,-85,-50,0.34375,0.41965327471877867
1263,1055,590,960,540,-95,-50,0.03125,0.4385418770226779
1264,1066,585,960,540,-106,-45,-0.3125,0.21720802111691917
1265,1071,577,960,540,-111,-37,-0.46875,-0.0693048486986314
1266,1068,576,960,540,-108,-36,-0.375,-0.10042494816408176
1267,1059,576,960,540,-99,-36,-0.09375,-0.07053810886940681
1268,1046,575,960,540,-86,-35,0.3125,-0.15111568462037184
1269,1039,575,960,540,-79,-35,0.53125,-0.16145249452504173
1270,1038,574,960,540,-78,-34,0.5625,-0.17510560609332648
1271,1037,574,960,540,-77,-34,0.59375,-0.1868641400341946
1272,1038,574,960,540,-78,-34,0.5625,-0.18807149616893315
1273,1050,575,960,540,-90,-35,0.1875,-0.16324136193990402
1274,1065,578,960,540,-105,-38,-0.28125,-0.07446585836903608
1275,1068,578,960,540,-108,-38,-0.375,-0.08925806718610185
1276,1070,579,960,540,-110,-39,-0.4375,-0.029943342255234207
1277,1071,579,960,540,-111,-39,-0.46875,-0.02478863721972946
1278,1072,579,960,540,-112,-39,-0.5,-0.030407421461160933
1279,1072,579,960,540,-112,-39,-0.5,-0.014590710949130115
1280,1073,580,960,540,-113,-40,-0.53125,0.02731045447450886
1281,1072,581,960,540,-112,-41,-0.5,0.07309668674157921
1282,1061,581,960,540,-101,-41,-0.15625,0.10205797718631371
1283,1048,580,960,540,-88,-40,0.25,0.014452087262520674
1284,1043,579,960,540,-83,-39,0.40625,0.005211684460668664
1285,1042,579,960,540,-82,-39,0.4375,0.04288577161188889
1286,1040,580,960,540,-80,-40,0.5,0.061690621685704494
1287,1038,583,960,540,-78,-43,0.5625,0.1802189959136027
1288,1036,585,960,540,-76,-45,0.625,0.26239210015071124
1289,1034,586,960,540,-74,-46,0.6875,0.3076048385017549
1290,1033,587,960,540,-73,-47,0.71875,0.3446418755387919
1291,1044,588,960,540,-84,-48,0.375,0.3372778234128624
1292,1056,590,960,540,-96,-50,0.0,0.45137803421597544
1293,1054,591,960,540,-94,-51,0.0625,0.498329002797975
1294,1054,591,960,540,-94,-51,0.0625,0.48466577699516145
1295,1055,591,960,540,-95,-51,0.03125,0.4880886240745026
1296,1055,590,960,540,-95,-50,0.03125,0.4383360273357777
1297,1056,589,960,540,-96,-49,0.0,0.40909412726507344
1298,1056,588,960,540,-96,-48,0.0,0.3883152306455815
1299,1057,588,960,540,-97,-48,-0.03125,0.35582331854204874
1300,1058,588,960,540,-98,-48,-0.0625,0.36894334975506493
1301,1059,587,960,540,-99,-47,-0.09375,0.3339777074728716
1302,1059,587,960,540,-99,-47,-0.09375,0.31972305912970667
1303,1061,587,960,540,-101,-47,-0.15625,0.33183623200730783
1304,1063,586,960,540,-103,-46,-0.21875,0.28702227235274225
1305,1064,586,960,540,-104,-46,-0.25,0.28998304272056075
1306,1062,584,960,540,-102,-44,-0.1875,0.23627154337952572
1307,1060,584,960,540,-100,-44,-0.125,0.23067198516686904
1308,1058,584,960,540,-98,-44,-0.0625,0.21180286576091367
1309,1057,585,960,540,-97,-45,-0.03125,0.22393477741485635
1310,1055,585,960,540,-95,-45,0.03125,0.20737266621656314
1311,1055,586,960,540,-95,-46,0.03125,0.26473154276984556
1312,1055,588,960,540,-95,-48,0.03125,0.3532960774884506
1313,1054,588,960,540,-94,-48,0.0625,0.3514715969519895
1314,1053,588,960,540,-93,-48,0.09375,0.3649199395172178
1315,1053,589,960,540,-93,-49,0.09375,0.40521676700691267
1316,1052,589,960,540,-92,-49,0.125,0.39432983523728704
1317,1050,588,960,540,-90,-48,0.1875,0.3197458726815099
1318,1048,586,960,540,-88,-46,0.25,0.2262589984585801
1319,1046,586,960,540,-86,-46,0.3125,0.22528719626921934
1320,1044,586,960,540,-84,-46,0.375,0.2254507185731609
1321,1043,585,960,540,-83,-45,0.40625,0.17371443772047024
1322,1042,583,960,540,-82,-43,0.4375,0.08886913593624057
1323,1040,581,960,540,-80,-41,0.5,-0.00353908916718515
1324,1039,580,960,540,-79,-40,0.53125,-0.06367327493906028
1325,1035,579,960,540,-75,-39,0.65625,-0.10550022155996563
1326,1032,577,960,540,-72,-37,0.75,-0.18615020090246892
1327,1028,576,960,540,-68,-36,0.875,-0.24967358852390742
1328,1020,572,960,540,-60,-32,1.125,-0.40500773354284947
1329,1011,566,960,540,-51,-26,1.40625,-0.6275932204314839
1330,1002,561,960,540,-42,-21,1.6875,-0.8159843756019611
1331,994,557,960,540,-34,-17,1.9375,-0.9751888047687136
1332,989,552,960,540,-29,-12,2.09375,-1.2099511141718327
1333,992,548,960,540,-32,-8,2.0,-1.3690235787947878
1334,991,545,960,540,-31,-5,2.03125,-1.5155241702049407
1335,982,542,960,540,-22,-2,2.3125,-1.6335983763403332
1336,975,541,960,540,-15,-1,2.53125,-1.6565901837559809
1337,968,540,960,540,-8,0,2.75,-1.739761370886134
1338,959,545,960,540,1,-5,3.03125,-1.5834352839598074
1339,951,549,960,540,9,-9,3.28125,-1.4263926520067673
1340,949,550,960,540,11,-10,3.34375,-1.449685319918259
1341,956,559,960,540,4,-19,3.125,-1.1119840622007744
1342,962,567,960,540,-2,-27,2.9375,-0.7839592900423633
1343,960,570,960,540,0,-30,3.0,-0.7074080609539157
1344,962,569,960,540,-2,-29,2.9375,-0.7230592609738287
1345,971,567,960,540,-11,-27,2.65625,-0.836443189348725
1346,979,566,960,540,-19,-26,2.40625,-0.8844454014493724
1347,985,565,960,540,-25,-25,2.21875,-0.9406093292793911
1348,993,563,960,540,-33,-23,1.96875,-1.113477949470842
1349,1007,562,960,540,-47,-22,1.53125,-1.0567973568357902
1350,1026,561,960,540,-66,-21,0.9375,-1.1609081927355984
1351,1040,557,960,540,-80,-17,0.5,-1.3893974167030214
1352,1048,553,960,540,-88,-13,0.25,-1.58028541480732
1353,1060,545,960,540,-100,-5,-0.125,-1.8839041820251596
1354,1072,536,960,540,-112,4,-0.5,-2.2478569873391017
1355,1086,535,960,540,-126,5,-0.9375,-2.3172793880116345
1356,1099,540,960,540,-139,0,-1.34375,-2.2108481342156563
1357,1109,541,960,540,-149,-1,-1.65625,-2.150221872039775
1358,1117,539,960,540,-157,1,-1.90625,-2.2706240575268177
1359,1121,545,960,540,-161,-5,-2.03125,-2.068324958546803
1360,1118,556,960,540,-158,-16,-1.9375,-1.7496657376315876
1361,1117,560,960,540,-157,-20,-1.90625,-1.6153706092118323
1362,1121,560,960,540,-161,-20,-2.03125,-1.549628507396598
1363,1122,556,960,540,-162,-16,-2.0625,-1.7395387767879265
1364,1118,553,960,540,-158,-13,-1.9375,-1.9175717859402495
1365,1111,551,960,540,-151,-11,-1.71875,-1.9619748723197694
1366,1108,549,960,540,-148,-9,-1.625,-2.1642912697291137
1367,1109,548,960,540,-149,-8,-1.65625,-2.1432326739126277
1368,1105,545,960,540,-145,-5,-1.53125,-2.303440285238158
1369,1098,542,960,540,-138,-2,-1.3125,-2.4153505990097157
1370,1096,538,960,540,-136,2,-1.25,-2.602075330815121
1371,1100,535,960,540,-140,5,-1.375,-2.723844814164392
1372,1102,541,960,540,-142,-1,-1.4375,-2.5490240809478313
1373,1105,552,960,540,-145,-12,-1.53125,-2.0921610480439865
1374,1108,559,960,540,-148,-19,-1.625,-1.8094821553739378
1375,1110,561,960,540,-150,-21,-1.6875,-1.7249904917932555
1376,1113,568,960,540,-153,-28,-1.78125,-1.5293853099598234
1377,1115,579,960,540,-155,-39,-1.84375,-1.0752168837704381
1378,1116,584,960,540,-156,-44,-1.875,-0.8957589102344892
1379,1117,583,960,540,-157,-43,-1.90625,-0.9538058256427346
1380,1118,581,960,540,-158,-41,-1.9375,-1.0517798121306152
1381,1110,579,960,540,-150,-39,-1.6875,-1.1178307652833206
1382,1098,576,960,540,-138,-36,-1.3125,-1.2326494940313164
1383,1096,576,960,540,-136,-36,-1.25,-1.2688246730759436
1384,1096,576,960,540,-136,-36,-1.25,-1.2360021731512478
1385,1095,576,960,540,-135,-36,-1.21875,-1.2757003264060736
1386,1094,577,960,540,-134,-37,-1.1875,-1.2386632893690366
1387,1094,577,960,540,-134,-37,-1.1875,-1.2182963004928649
1388,1093,577,960,540,-133,-37,-1.15625,-1.236036375091524
1389,1089,576,960,540,-129,-36,-1.03125,-1.2408447253972958
1390,1077,573,960,540,-117,-33,-0.65625,-1.3376515760499512
1391,1061,571,960,540,-101,-31,-0.15625,-1.4470224025632359
1392,1051,568,960,540,-91,-28,0.15625,-1.573925442045715
1393,1045,568,960,540,-85,-28,0.34375,-1.5424814226091195
1394,1040,571,960,540,-80,-31,0.5,-1.4371659917423252
1395,1032,585,960,540,-72,-45,0.75,-0.9782824738572997
1396,1021,596,960,540,-61,-56,1.09375,-0.6319394367143936
1397,1013,597,960,540,-53,-57,1.34375,-0.6072217356281198
1398,1007,597,960,540,-47,-57,1.53125,-0.6585308622050712
1399,995,594,960,540,-35,-54,1.90625,-0.8598082186055356
1400,977,590,960,540,-17,-50,2.46875,-0.9482462710560009
1401,957,587,960,540,3,-47,3.09375,-1.1963430329402802
1402,938,579,960,540,22,-39,3.6875,-1.4355854922749336
1403,924,570,960,540,36,-30,4.125,-1.736014800683435
1404,904,560,960,540,56,-20,4.75,-2.2272151437739565
1405,887,551,960,540,73,-11,5.28125,-2.579809103920559
1406,882,543,960,540,78,-3,5.4375,-2.830530886310804
1407,879,535,960,540,81,5,5.53125,-3.035642997491092
1408,865,529,960,540,95,11,5.96875,-3.603015904153795
1409,848,527,960,540,112,13,6.5,-3.7479836277239826
1410,842,536,960,540,118,4,6.6875,-3.627577271326892
1411,848,550,960,540,112,-10,6.5,-3.0507833852356523
1412,855,557,960,540,105,-17,6.28125,-2.907449490088908
1413,857,559,960,540,103,-19,6.21875,-2.922365824313637
1414,857,556,960,540,103,-16,6.21875,-3.100640242096863
1415,863,555,960,540,97,-15,6.03125,-2.96892304418785
1416,893,571,960,540,67,-31,5.09375,-2.155169473343472
1417,925,581,960,540,35,-41,4.09375,-1.7161122136799871
1418,937,570,960,540,23,-30,3.71875,-2.1063016621474038
1419,944,558,960,540,16,-18,3.5,-2.752710733197306
1420,986,520,960,540,-26,20,2.1875,-4.210312718510152
1421,1005,507,960,540,-45,33,1.59375,-4.8489949692569825
1422,1024,494,960,540,-64,46,1.0,-5.344563423439494
1423,1042,489,960,540,-82,51,0.4375,-5.728373380483626
1424,1052,496,960,540,-92,44,0.125,-5.591900526196589
1425,1065,492,960,540,-105,48,-0.28125,-5.692862518684056
1426,1077,484,960,540,-117,56,-0.65625,-6.03054829073938
1427,1072,488,960,540,-112,52,-0.5,-6.065431978509964
1428,1066,500,960,540,-106,40,-0.3125,-5.553035608202936
1429,1067,510,960,540,-107,30,-0.34375,-5.2268854556977224
1430,1070,514,960,540,-110,26,-0.4375,-5.135126879836227
1431,1071,515,960,540,-111,25,-0.46875,-5.098089842799189
1432,1072,519,960,540,-112,21,-0.5,-5.0292410742707645
1433,1071,531,960,540,-111,9,-0.46875,-4.5839071671464975
1434,1071,549,960,540,-111,-9,-0.46875,-3.8356683658120354
1435,1076,563,960,540,-116,-23,-0.625,-3.3552375592591197
1436,1081,570,960,540,-121,-30,-0.78125,-3.140152239530225
1437,1086,575,960,540,-126,-35,-0.9375,-2.9261529224906657
1438,1090,584,960,540,-130,-44,-1.0625,-2.663801994891548
1439,1094,596,960,540,-134,-56,-1.1875,-2.0728685934720823
1440,1099,601,960,540,-139,-61,-1.34375,-1.7682726590493698
1441,1107,604,960,540,-147,-64,-1.59375,-1.6461169488900875
1442,1110,605,960,540,-150,-65,-1.6875,-1.7044086313294748
1443,1108,603,960,540,-148,-63,-1.625,-1.7544844239506876
1444,1111,599,960,540,-151,-59,-1.71875,-1.8991906045810873
1445,1119,597,960,540,-159,-57,-1.96875,-2.1275990974484933
1446,1125,596,960,540,-165,-56,-2.15625,-2.290028214356347
1447,1126,594,960,540,-166,-54,-2.1875,-2.2867135458791132
1448,1124,590,960,540,-164,-50,-2.125,-2.4475648197441715
1449,1128,583,960,540,-168,-43,-2.25,-2.7555389886091692
1450,1136,580,960,540,-176,-40,-2.5,-3.001680681763942
1451,1142,583,960,540,-182,-43,-2.6875,-2.8897895349710225
1452,1148,589,960,540,-188,-49,-2.875,-2.6704638421019506
1453,1151,588,960,540,-191,-48,-2.96875,-2.716140087624197
1454,1148,584,960,540,-188,-44,-2.875,-2.915837235330496
1455,1140,581,960,540,-180,-41,-2.625,-3.01724677577901
1456,1121,582,960,540,-161,-42,-2.03125,-2.999882052850886
1457,1101,585,960,540,-141,-45,-1.40625,-2.9523393701423353
1458,1091,589,960,540,-131,-49,-1.09375,-2.8792469105328795
1459,1079,597,960,540,-119,-57,-0.71875,-2.5637692222043227
1460,1063,608,960,540,-103,-68,-0.21875,-2.1327692697040677
1461,1049,613,960,540,-89,-73,0.21875,-1.908975564788547
1462,1040,612,960,540,-80,-72,0.5,-1.984085968766284
1463,1037,618,960,540,-77,-78,0.59375,-1.5960333720330513
1464,1034,624,960,540,-74,-84,0.6875,-1.3049809342866157
1465,1026,623,960,540,-66,-83,0.9375,-1.3814420146656547
1466,1017,624,960,540,-57,-84,1.21875,-1.3265607528321208
1467,1003,628,960,540,-43,-88,1.65625,-1.2008627316549654
1468,989,634,960,540,-29,-94,2.09375,-0.9770306041568291
1469,979,640,960,540,-19,-100,2.40625,-0.8000656891745104
1470,973,649,960,540,-13,-109,2.59375,-0.310577077944413
1471,965,655,960,540,-5,-115,2.84375,-0.09212148397253461
1472,951,662,960,540,9,-122,3.28125,0.17333190431798062
1473,940,669,960,540,20,-129,3.625,0.40241287116783653
1474,933,678,960,540,27,-138,3.84375,0.7305975005020917
1475,921,693,960,540,39,-153,4.21875,1.3695933465683323
1476,902,708,960,540,58,-168,4.8125,1.9212270292716358
1477,888,714,960,540,72,-174,5.25,2.1165296157816
1478,875,717,960,540,85,-177,5.65625,2.3689804369535343
1479,867,717,960,540,93,-177,5.90625,2.3689804369535343
1480,858,717,960,540,102,-177,6.1875,2.2968100531264293
1481,846,719,960,540,114,-179,6.5625,2.3914547018006083
1482,837,708,960,540,123,-168,6.84375,1.9752999928780417
1483,828,697,960,540,132,-157,7.125,1.5678925854706351
1484,818,696,960,540,142,-156,7.4375,1.4637109873733847
1485,805,698,960,540,155,-158,7.84375,1.5884985962020526
1486,796,703,960,540,164,-163,8.125,1.672671335677908
1487,796,698,960,540,164,-158,8.125,1.3463132742784207
1488,806,691,960,540,154,-151,7.8125,1.0985924754703218
1489,817,689,960,540,143,-149,7.46875,1.16467119069985
1490,822,689,960,540,138,-149,7.3125,1.2264607568968913
1491,828,684,960,540,132,-144,7.125,1.0040208846968994
1492,837,681,960,540,123,-141,6.84375,1.0710266297506035
1493,843,687,960,540,117,-147,6.65625,1.0623288376483435
1494,851,693,960,540,109,-153,6.40625,1.2753891542822737
1495,865,694,960,540,95,-154,5.96875,1.4965884110009338
1496,886,697,960,540,74,-157,5.3125,1.5824935476681414
1497,908,701,960,540,52,-161,4.625,1.981290565673548
1498,918,698,960,540,42,-158,4.3125,1.8687444801907294
1499,921,690,960,540,39,-150,4.21875,1.7849024384726886
1500,930,687,960,540,30,-147,3.9375,1.5481676764236356
1501,954,689,960,540,6,-149,3.1875,1.9183054957995598
1502,974,694,960,540,-14,-154,2.5625,1.875367984314246
1503,977,698,960,540,-17,-158,2.46875,2.1495398379308748
1504,978,697,960,540,-18,-157,2.4375,1.8079301631229718
1505,980,688,960,540,-20,-148,2.375,1.5133685916201793
1506,983,679,960,540,-23,-139,2.28125,1.2167806288822054
1507,983,679,960,540,-23,-139,2.28125,1.189597101858943
1508,983,681,960,540,-23,-141,2.28125,1.1460549997353633
1509,982,680,960,540,-22,-140,2.3125,1.177424745336432
1510,982,681,960,540,-22,-141,2.3125,1.1376859418100658
1511,992,685,960,540,-32,-145,2.0,1.3931627301145957
1512,1005,688,960,540,-45,-148,1.59375,1.5392058938180608
1513,1007,689,960,540,-47,-149,1.53125,1.5628814610870672
1514,1007,691,960,540,-47,-151,1.53125,1.6055192983182227
1515,1005,685,960,540,-45,-145,1.59375,1.2645540021701631
1516,1004,672,960,540,-44,-132,1.625,0.7770740133880363
1517,1003,667,960,540,-43,-127,1.65625,0.5918888282028512
1518,1003,668,960,540,-43,-128,1.65625,0.48891282792781254
1519,1004,668,960,540,-44,-128,1.625,0.5604139942094779
1520,1005,668,960,540,-45,-128,1.59375,0.537398922425913
1521,1011,667,960,540,-51,-127,1.40625,0.5503584578951104
1522,1024,664,960,540,-64,-124,1.0,0.39222220793684137
1523,1035,664,960,540,-75,-124,0.65625,0.385695075815744
1524,1042,666,960,540,-82,-126,0.4375,0.45251251974225415
1525,1045,665,960,540,-85,-125,0.34375,0.3663666009784734
1526,1045,665,960,540,-85,-125,0.34375,0.3876982973531744
1527,1045,665,960,540,-85,-125,0.34375,0.3876982973531744
1528,1045,670,960,540,-85,-130,0.34375,0.5452630167694075
1529,1045,674,960,540,-85,-134,0.34375,0.7692503074613288
1530,1043,675,960,540,-83,-135,0.40625,0.6431831811567168
1531,1028,676,960,540,-68,-136,0.875,0.8826871076072598
1532,1015,675,960,540,-55,-135,1.28125,0.8050086609147442
1533,1016,673,960,540,-56,-133,1.25,0.6612694901180314
1534,1016,671,960,540,-56,-131,1.25,0.6897497181064791
1535,1016,670,960,540,-56,-130,1.25,0.566847478714485
1536,1016,664,960,540,-56,-124,1.25,0.455931978154946
1537,1016,659,960,540,-56,-119,1.25,0.3035383615966474
1538,1018,658,960,540,-58,-118,1.1875,0.2746426349182185
1539,1026,655,960,540,-66,-115,0.9375,0.18754935897148428
1540,1037,655,960,540,-77,-115,0.59375,0.09960278590486205
1541,1041,658,960,540,-81,-118,0.46875,0.10226777308578772
1542,1042,660,960,540,-82,-120,0.4375,0.09090334365171326
1543,1044,661,960,540,-84,-121,0.375,0.160711780730586
1544,1044,662,960,540,-84,-122,0.375,0.13265161840389705
1545,1043,661,960,540,-83,-121,0.40625,0.22564676346442702
1546,1043,659,960,540,-83,-119,0.40625,0.1507859851136084
1547,1043,657,960,540,-83,-117,0.40625,0.11786157398236785
1548,1044,656,960,540,-84,-116,0.375,0.03507504325357225
1549,1043,656,960,540,-83,-116,0.40625,0.07608950613738052
1550,1042,657,960,540,-82,-117,0.4375,0.12055432182821679
1551,1041,657,960,540,-81,-117,0.46875,-0.0399410098560935
1552,1040,656,960,540,-80,-116,0.5,-0.07631492740300594
1553,1039,650,960,540,-79,-110,0.53125,-0.2620620583812556
1554,1041,642,960,540,-81,-102,0.46875,-0.5944925863946597
1555,1043,635,960,540,-83,-95,0.40625,-0.8644267114697746
1556,1045,630,960,540,-85,-90,0.34375,-1.0024242680836721
1557,1044,627,960,540,-84,-87,0.375,-1.1451275558054763
1558,1043,626,960,540,-83,-86,0.40625,-1.1372287347563441
1559,1041,630,960,540,-81,-90,0.46875,-1.21697655768069
1560,1039,638,960,540,-79,-98,0.53125,-0.7412145872585012
1561,1038,643,960,540,-78,-103,0.5625,-0.5836549259779509
1562,1037,645,960,540,-77,-105,0.59375,-0.53620197798192
1563,1038,646,960,540,-78,-106,0.5625,-0.5435541151410783
1564,1039,647,960,540,-79,-107,0.53125,-0.4958766295664683
1565,1039,646,960,540,-79,-106,0.53125,-0.5499062086616862
1566,1038,645,960,540,-78,-105,0.5625,-0.5724142535068499
1567,1038,644,960,540,-78,-104,0.5625,-0.6764225997145368
1568,1039,643,960,540,-79,-103,0.53125,-0.7187759301547643
1569,1038,642,960,540,-78,-102,0.5625,-0.7922359478320278
1570,1039,640,960,540,-79,-100,0.53125,-0.7808251816182077
1571,1046,637,960,540,-86,-97,0.3125,-0.8760745092896478
1572,1059,635,960,540,-99,-95,-0.09375,-0.8746523816080929
1573,1067,633,960,540,-107,-93,-0.34375,-1.0285133456572066
1574,1068,630,960,540,-108,-90,-0.375,-1.1396244567683178
1575,1070,623,960,540,-110,-83,-0.4375,-1.448958154881939
1576,1070,613,960,540,-110,-73,-0.4375,-1.6936903451769294
0,964,250,960,540,-4,290,2.875,-12.492087041624416
1,963,249,960,540,-3,291,2.90625,-12.511496901883538
2,954,249,960,540,6,291,3.1875,-12.504674341582508
3,934,250,960,540,26,290,3.8125,-12.46585365741194
4,892,251,960,540,68,289,5.125,-12.48842006832135
5,855,253,960,540,105,287,6.28125,-12.430987320457621
6,848,255,960,540,112,285,6.5,-12.333201130653075
7,846,256,960,540,114,284,6.5625,-12.28297245955758
8,846,256,960,540,114,284,6.5625,-12.26220750727188
9,846,258,960,540,114,282,6.5625,-12.187897115028647
10,846,259,960,540,114,281,6.5625,-12.160856726427879
11,860,265,960,540,100,275,6.125,-11.964373356612846
12,886,286,960,540,74,254,5.3125,-11.247254680519744
13,919,321,960,540,41,219,4.28125,-9.931063990679128
14,967,397,960,540,-7,143,2.78125,-7.112904871133523
15,1005,481,960,540,-45,59,1.59375,-3.958975029565728
16,1015,531,960,540,-55,9,1.28125,-2.0873307269544803
17,1018,582,960,540,-58,-42,1.1875,-0.1202782274176053
18,1021,617,960,540,-61,-77,1.09375,1.1275920374917001
19,1023,627,960,540,-63,-87,1.03125,1.454232935233153
20,1024,629,960,540,-64,-89,1.0,1.5724981622321725
21,1025,627,960,540,-65,-87,0.96875,1.5224947579051065
22,1026,620,960,540,-66,-80,0.9375,1.2499482188648239
23,1026,614,960,540,-66,-74,0.9375,1.0685181574332785
24,1026,613,960,540,-66,-73,0.9375,1.0087318629751747
25,1027,609,960,540,-67,-69,0.90625,0.8503106500168676
26,1028,598,960,540,-68,-58,0.875,0.40587669178179664
27,1029,590,960,540,-69,-50,0.84375,0.1416436439303943
28,1030,587,960,540,-70,-47,0.8125,0.03598243056675021
29,1036,585,960,540,-76,-45,0.625,-0.028426215471262006
30,1049,584,960,540,-89,-44,0.21875,-0.05382773937435825
31,1058,583,960,540,-98,-43,-0.0625,-0.0635747539412237
32,1061,582,960,540,-101,-42,-0.15625,-0.11204418180708076
33,1062,584,960,540,-102,-44,-0.1875,-0.06941209831171657
34,1063,592,960,540,-103,-52,-0.21875,0.21816763510774795
35,1063,601,960,540,-103,-61,-0.21875,0.5106862835629646
36,1064,602,960,540,-104,-62,-0.25,0.5477233206000018
37,1058,602,960,540,-98,-62,-0.0625,0.5719805762465149
38,1046,604,960,540,-86,-64,0.3125,0.630217169745863
39,1041,605,960,540,-81,-65,0.46875,0.6609412993235506
40,1041,607,960,540,-81,-67,0.46875,0.7717896971890772
41,1042,602,960,540,-82,-62,0.4375,0.5618110358717696
42,1042,596,960,540,-82,-56,0.4375,0.34466679654859167
43,1041,596,960,540,-81,-56,0.46875,0.3344106993133116
44,1041,595,960,540,-81,-55,0.46875,0.25722249671886477
45,1041,595,960,540,-81,-55,0.46875,0.25722249671886477
46,1041,594,960,540,-81,-54,0.46875,0.23364510515843917
47,1042,593,960,540,-82,-53,0.4375,0.19014610533676746
48,1042,593,960,540,-82,-53,0.4375,0.17333615247753764
49,1042,594,960,540,-82,-54,0.4375,0.23741866809115209
50,1042,595,960,540,-82,-55,0.4375,0.25379795611524236
51,1042,594,960,540,-82,-54,0.4375,0.22299436957639873
52,1042,594,960,540,-82,-54,0.4375,0.22299436957639873
53,1042,593,960,540,-82,-53,0.4375,0.18212746294328253
54,1043,593,960,540,-83,-53,0.40625,0.16744417072865092
55,1043,593,960,540,-83,-53,0.40625,0.15684019593571907
56,1044,595,960,540,-84,-55,0.375,0.22728112482000928
57,1044,595,960,540,-84,-55,0.375,0.2069851573031085
58,1045,595,960,540,-85,-55,0.34375,0.21125532615946496
59,1046,594,960,540,-86,-54,0.3125,0.1704445199795106
60,1047,593,960,540,-87,-53,0.28125,0.13044170059958105
61,1047,592,960,540,-87,-52,0.28125,0.08810296717834754
62,1048,591,960,540,-88,-51,0.25,0.02624097963132832
63,1050,592,960,540,-90,-52,0.1875,0.05327341939967667
64,1051,592,960,540,-91,-52,0.15625,0.0591638867937605
65,1052,591,960,540,-92,-51,0.125,0.0194977477429481
66,1053,591,960,540,-93,-51,0.09375,0.04717212158072215
67,1054,589,960,540,-94,-49,0.0625,-0.003822667285813708
68,1055,586,960,540,-95,-46,0.03125,-0.07469237776663884
69,1056,583,960,540,-96,-43,0.0,-0.14344567265015162
70,1058,579,960,540,-98,-39,-0.0625,-0.2619124543874698
71,1059,577,960,540,-99,-37,-0.09375,-0.3624887451955958
72,1060,576,960,540,-100,-36,-0.125,-0.3991826175405466
73,1061,576,960,540,-101,-36,-0.15625,-0.45524460552243173
74,1063,575,960,540,-103,-35,-0.21875,-0.45542912321684126
75,1064,574,960,540,-104,-34,-0.25,-0.46484942423510156
76,1066,573,960,540,-106,-33,-0.3125,-0.5146654689560244
77,1068,572,960,540,-108,-32,-0.375,-0.5432547023489109
78,1070,572,960,540,-110,-32,-0.4375,-0.5656829982251175
79,1072,572,960,540,-112,-32,-0.5,-0.5618559645307308
80,1074,573,960,540,-114,-33,-0.5625,-0.5405472620684282
81,1077,573,960,540,-117,-33,-0.65625,-0.5586350893788681
82,1081,580,960,540,-121,-40,-0.78125,-0.30416679139186353
83,1085,587,960,540,-125,-47,-0.90625,-0.04490753213260423
84,1088,588,960,540,-128,-48,-1.0,-0.05330758087724741
85,1090,591,960,540,-130,-51,-1.0625,0.053869843028773845
86,1091,593,960,540,-131,-53,-1.09375,0.10170365578401919
87,1093,590,960,540,-133,-50,-1.15625,0.028058848889861654
88,1095,584,960,540,-135,-44,-1.21875,-0.24462461316313244
89,1096,584,960,540,-136,-44,-1.25,-0.19412645470115586
90,1098,584,960,540,-138,-44,-1.3125,-0.18510623167921203
91,1094,582,960,540,-134,-42,-1.1875,-0.196863067333388
92,1088,580,960,540,-128,-40,-1.0,-0.27093714140746195
93,1081,579,960,540,-121,-39,-0.78125,-0.34471403413488977
94,1071,581,960,540,-111,-41,-0.46875,-0.2964478271191653
95,1070,582,960,540,-110,-42,-0.4375,-0.25709453963844964
96,1069,582,960,540,-109,-42,-0.40625,-0.28475459601852426
97,1068,582,960,540,-108,-42,-0.375,-0.28753981004775864
98,1066,582,960,540,-106,-42,-0.3125,-0.30454081343832007
99,1065,582,960,540,-105,-42,-0.28125,-0.33140907684341836
100,1065,582,960,540,-105,-42,-0.28125,-0.2945606430176988
101,1063,583,960,540,-103,-43,-0.21875,-0.23469725055517698
102,1062,584,960,540,-102,-44,-0.1875,-0.18178056869226844
103,1062,583,960,540,-102,-43,-0.1875,-0.218266603597701
104,1061,583,960,540,-101,-43,-0.15625,-0.22073390341776
105,1060,585,960,540,-100,-45,-0.125,-0.22696110639108857
106,1059,586,960,540,-99,-46,-0.09375,-0.17127049871907363
107,1059,587,960,540,-99,-47,-0.09375,-0.11974490243879088
108,1057,587,960,540,-97,-47,-0.03125,-0.050015625198168046
109,1055,587,960,540,-95,-47,0.03125,-0.010735018567047616
110,1053,586,960,540,-93,-46,0.09375,-0.04592653626343379
111,1052,586,960,540,-92,-46,0.125,-0.06188321357797899
112,1051,585,960,540,-91,-45,0.15625,-0.10930099337200283
113,1054,585,960,540,-94,-45,0.0625,-0.14673346490270212
114,1058,585,960,540,-98,-45,-0.0625,-0.1332619659791785
115,1061,585,960,540,-101,-45,-0.15625,-0.10798941340252455
116,1062,588,960,540,-102,-48,-0.1875,-0.15270993208946537
117,1062,588,960,540,-102,-48,-0.1875,0.028524170363845913
118,1063,587,960,540,-103,-47,-0.21875,-0.027237638308102552
119,1063,588,960,540,-103,-48,-0.21875,0.09427467422886582
120,1062,588,960,540,-102,-48,-0.1875,0.060062685626968815
121,1058,586,960,540,-98,-46,-0.0625,0.19890780512984962
122,1054,582,960,540,-94,-42,0.0625,0.08002711066823864
123,1052,581,960,540,-92,-41,0.125,-0.050443801161300206
124,1051,582,960,540,-91,-42,0.15625,-0.013406764124263226
125,1048,582,960,540,-88,-42,0.25,-0.00771147224959412
126,1044,581,960,540,-84,-41,0.375,-0.10906529110704666
127,1043,582,960,540,-83,-42,0.40625,-0.0019548922495464804
128,1041,581,960,540,-81,-41,0.46875,-0.03899192928658346
129,1043,581,960,540,-83,-41,0.40625,-0.031602570432726296
130,1043,580,960,540,-83,-40,0.40625,-0.03628698972800226
131,1041,579,960,540,-81,-39,0.46875,-0.07332402676503924
132,1042,577,960,540,-82,-37,0.4375,0.02889224099684573
133,1045,575,960,540,-85,-35,0.34375,-0.1651191925515143
134,1046,576,960,540,-86,-36,0.3125,-0.23773489251172242
135,1048,578,960,540,-88,-38,0.25,-0.2813897420254843
136,1051,579,960,540,-91,-39,0.15625,-0.15217605523261635
137,1051,584,960,540,-91,-44,0.15625,-0.3529907016502667
138,1054,588,960,540,-94,-48,0.0625,-0.07593011933392702
139,1056,584,960,540,-96,-44,0.0,-0.05942313509405883
140,1059,580,960,540,-99,-40,-0.09375,-0.26435398686206013
141,1063,581,960,540,-103,-41,-0.21875,-0.21641049759110054
142,1065,581,960,540,-105,-41,-0.28125,-0.2187577815409507
143,1068,581,960,540,-108,-41,-0.375,-0.2972240524338816
144,1069,582,960,540,-109,-42,-0.40625,-0.26018701539684463
145,1069,581,960,540,-109,-41,-0.40625,-0.3110170678333082
146,1070,581,960,540,-110,-41,-0.4375,-0.2907318070325995
147,1068,581,960,540,-108,-41,-0.375,-0.2907463712665397
148,1067,582,960,540,-107,-42,-0.34375,-0.24946939291723003
149,1067,581,960,540,-107,-41,-0.34375,-0.29884630904882314
150,1068,580,960,540,-108,-40,-0.375,-0.36348547443202284
151,1068,580,960,540,-108,-40,-0.375,-0.36538686394610487
152,1067,580,960,540,-107,-40,-0.34375,-0.33934454318906426
153,1067,581,960,540,-107,-41,-0.34375,-0.32923542394848204
154,1067,580,960,540,-107,-40,-0.34375,-0.3211748166971542
155,1068,579,960,540,-108,-39,-0.375,-0.31401979007497305
156,1068,578,960,540,-108,-38,-0.375,-0.37127005161440274
157,1069,577,960,540,-109,-37,-0.40625,-0.3778663274683962
158,1070,576,960,540,-110,-36,-0.4375,-0.4335315588352089
159,1071,576,960,540,-111,-36,-0.46875,-0.4883349845645346
160,1071,576,960,540,-111,-36,-0.46875,-0.5007946350859416
161,1071,576,960,540,-111,-36,-0.46875,-0.47017503736617505
162,1070,576,960,540,-110,-36,-0.4375,-0.45348658389017094
163,1070,577,960,540,-110,-37,-0.4375,-0.39711260626121714
164,1070,576,960,540,-110,-36,-0.4375,-0.44108266257105777
165,1070,577,960,540,-110,-37,-0.4375,-0.44619670485406093
166,1069,585,960,540,-109,-45,-0.40625,-0.11428861427183001
167,1069,592,960,540,-109,-52,-0.40625,0.15905005181555465
168,1069,593,960,540,-109,-53,-0.40625,0.19608708885259163
169,1069,587,960,540,-109,-47,-0.40625,-0.04083666125961494
170,1069,580,960,540,-109,-40,-0.40625,-0.2781818309517714
171,1069,577,960,540,-109,-37,-0.40625,-0.3923345572055499
172,1069,576,960,540,-109,-36,-0.40625,-0.4076936822318473
173,1068,577,960,540,-108,-37,-0.375,-0.3964108276141243
174,1068,578,960,540,-108,-38,-0.375,-0.36288579542036126
175,1068,578,960,540,-108,-38,-0.375,-0.3665983824528438
176,1068,578,960,540,-108,-38,-0.375,-0.36718277591584325
177,1068,577,960,540,-108,-37,-0.375,-0.4000029525891178
178,1069,576,960,540,-109,-36,-0.40625,-0.43703998962615476
179,1069,576,960,540,-109,-36,-0.40625,-0.4422549368874029
180,1069,576,960,540,-109,-36,-0.40625,-0.45494370852239885
181,1069,575,960,540,-109,-35,-0.40625,-0.4677654941523264
182,1070,575,960,540,-110,-35,-0.4375,-0.4862796454002616
183,1069,575,960,540,-109,-35,-0.40625,-0.4934049586495637
184,1069,575,960,540,-109,-35,-0.40625,-0.47467153041933763
185,1070,576,960,540,-110,-36,-0.4375,-0.4433884492661535
186,1070,576,960,540,-110,-36,-0.4375,-0.42961011412571537
187,1070,576,960,540,-110,-36,-0.4375,-0.4071293940520564
188,1071,578,960,540,-111,-38,-0.46875,-0.3822663538433295
189,1072,581,960,540,-112,-41,-0.5,-0.2752579141543674
190,1073,584,960,540,-113,-44,-0.53125,-0.1520785348742284
191,1072,585,960,540,-112,-45,-0.5,-0.07859248505907557
192,1071,585,960,540,-111,-45,-0.46875,-0.07299571539064043
193,1070,584,960,540,-110,-44,-0.4375,-0.12969202803937008
194,1070,584,960,540,-110,-44,-0.4375,-0.11615360365958316
195,1069,584,960,540,-109,-44,-0.40625,-0.11685889889663748
196,1068,584,960,540,-108,-44,-0.375,-0.12519368728570357
197,1067,584,960,540,-107,-44,-0.34375,-0.13588074462574196
198,1066,585,960,540,-106,-45,-0.3125,-0.08160790540124618
199,1063,585,960,540,-103,-45,-0.21875,-0.06602981305495725
200,1062,586,960,540,-102,-46,-0.1875,0.0037049907657629166
201,1062,585,960,540,-102,-45,-0.1875,-0.030417821286808033
202,1061,585,960,540,-101,-45,-0.15625,-0.02173100041319187
203,1060,586,960,540,-100,-46,-0.125,-0.04047124357842202
204,1059,587,960,540,-99,-47,-0.09375,0.060083596020083174
205,1058,589,960,540,-98,-49,-0.0625,0.06350089408253612
206,1057,591,960,540,-97,-51,-0.03125,0.21253279428756144
207,1055,593,960,540,-95,-53,0.03125,0.27159942167851137
208,1052,595,960,540,-92,-55,0.125,0.3417473393701864
209,1050,598,960,540,-90,-58,0.1875,0.440388495479632
210,1047,603,960,540,-87,-63,0.28125,0.6081266535146344
211,1046,606,960,540,-86,-66,0.3125,0.7192377646257455
212,1046,607,960,540,-86,-67,0.3125,0.8035181066375328
213,1046,608,960,540,-86,-68,0.3125,0.8818726224418068
214,1045,608,960,540,-85,-68,0.34375,0.869196086846193
215,1044,607,960,540,-84,-67,0.375,0.8126280148565741
216,1043,607,960,540,-83,-67,0.40625,0.8126280148565741
217,1042,605,960,540,-82,-65,0.4375,0.7550384737539573
218,1042,602,960,540,-82,-62,0.4375,0.6684053523141107
219,1042,601,960,540,-82,-61,0.4375,0.6209609685460857
220,1042,601,960,540,-82,-61,0.4375,0.6242918639351034
221,1043,601,960,540,-83,-61,0.40625,0.541036927813983
222,1044,602,960,540,-84,-62,0.375,0.5136575997955835
223,1046,604,960,540,-86,-64,0.3125,0.6123894673599519
224,1048,602,960,540,-88,-62,0.25,0.6052771602877733
225,1049,599,960,540,-89,-59,0.21875,0.4941660491766622
226,1048,595,960,540,-88,-55,0.25,0.4216940122294681
227,1049,584,960,540,-89,-44,0.21875,-0.07573693565100026
228,1051,570,960,540,-91,-30,0.15625,-0.6135640902109336
229,1052,563,960,540,-92,-23,0.125,-0.8872733838531075
230,1052,563,960,540,-92,-23,0.125,-0.881526700703861
231,1052,563,960,540,-92,-23,0.125,-0.8956085770950246
232,1053,570,960,540,-93,-30,0.09375,-0.5575824410130614
233,1053,576,960,540,-93,-36,0.09375,-0.364153812923274
234,1053,577,960,540,-93,-37,0.09375,-0.3134518594967677
235,1054,577,960,540,-94,-37,0.0625,-0.3240321922822271
236,1056,576,960,540,-96,-36,0.0,-0.3663171781786434
237,1058,576,960,540,-98,-36,-0.0625,-0.3421138377623094
238,1060,575,960,540,-100,-35,-0.125,-0.4183253164592253
239,1061,575,960,540,-101,-35,-0.15625,-0.4318254221696467
240,1062,575,960,540,-102,-35,-0.1875,-0.4569250240174021
241,1062,574,960,540,-102,-34,-0.1875,-0.5047557697111029
242,1063,574,960,540,-103,-34,-0.21875,-0.4822259030935252
243,1063,574,960,540,-103,-34,-0.21875,-0.4932133791554676
244,1064,574,960,540,-104,-34,-0.25,-0.4918779197233214
245,1064,574,960,540,-104,-34,-0.25,-0.4932643134663395
246,1064,574,960,540,-104,-34,-0.25,-0.4934694135047468
247,1064,573,960,540,-104,-33,-0.25,-0.5119813448255743
248,1064,572,960,540,-104,-32,-0.25,-0.5726832629334246
249,1064,572,960,540,-104,-32,-0.25,-0.5274839260354716
250,1064,572,960,540,-104,-32,-0.25,-0.5524678083068333
251,1064,572,960,540,-104,-32,-0.25,-0.5408133704483964
252,1064,573,960,540,-104,-33,-0.25,-0.4976833692998086
253,1064,573,960,540,-104,-33,-0.25,-0.4788859226095157
254,1065,574,960,540,-105,-34,-0.28125,-0.43491394816144613
255,1065,579,960,540,-105,-39,-0.28125,-0.24474484580795197
256,1066,591,960,540,-106,-51,-0.3125,0.1885220700038983
257,1067,599,960,540,-107,-59,-0.34375,0.49445212675462114
258,1067,598,960,540,-107,-58,-0.34375,0.47259197602389214
259,1068,592,960,540,-108,-52,-0.375,0.2825121266794357
260,1068,584,960,540,-108,-44,-0.375,-0.017363783150523115
261,1068,580,960,540,-108,-40,-0.375,-0.1626100401012125
262,1068,578,960,540,-108,-38,-0.375,-0.24286972762386005
263,1067,576,960,540,-107,-36,-0.34375,-0.3426524701544569
264,1065,574,960,540,-105,-34,-0.28125,-0.41500111715934396
265,1064,573,960,540,-104,-33,-0.25,-0.4438165336241451
266,1063,573,960,540,-103,-33,-0.21875,-0.4386946280974293
267,1063,573,960,540,-103,-33,-0.21875,-0.4482388277498406
268,1063,572,960,540,-103,-32,-0.21875,-0.4910542190349707
269,1062,572,960,540,-102,-32,-0.1875,-0.4829358820133707
270,1061,571,960,540,-101,-31,-0.15625,-0.5225870749620882
271,1060,571,960,540,-100,-31,-0.125,-0.480231498606972
272,1060,570,960,540,-100,-30,-0.125,-0.5199508023191504
273,1059,571,960,540,-99,-31,-0.09375,-0.4831868409687545
274,1058,571,960,540,-98,-31,-0.0625,-0.5036725830113422
275,1057,572,960,540,-97,-32,-0.03125,-0.4528831042811923
276,1056,574,960,540,-96,-34,0.0,-0.40311642052462626
277,1056,580,960,540,-96,-40,0.0,-0.167758105467668
278,1055,587,960,540,-95,-47,0.03125,0.06562974382068809
279,1055,588,960,540,-95,-48,0.03125,0.12138634743182775
280,1054,588,960,540,-94,-48,0.0625,0.11959053789868279
281,1054,582,960,540,-94,-42,0.0625,-0.09726012910775239
282,1053,577,960,540,-93,-37,0.09375,-0.30635862455585294
283,1051,577,960,540,-91,-37,0.15625,-0.3071401128124216
284,1050,578,960,540,-90,-38,0.1875,-0.2715779659868598
285,1050,578,960,540,-90,-38,0.1875,-0.26509182980408275
286,1049,577,960,540,-89,-37,0.21875,-0.3211548121484551
287,1048,576,960,540,-88,-36,0.25,-0.3626682237004366
288,1048,575,960,540,-88,-35,0.25,-0.40487655390914945
289,1048,574,960,540,-88,-34,0.25,-0.4519596300626887
290,1048,575,960,540,-88,-35,0.25,-0.38520362900860605
291,1048,575,960,540,-88,-35,0.25,-0.36143439189476
292,1048,576,960,540,-88,-36,0.25,-0.3309038664446695
293,1048,578,960,540,-88,-38,0.25,-0.28577364669156546
294,1049,579,960,540,-89,-39,0.21875,-0.2509436971898471
295,1050,579,960,540,-90,-39,0.1875,-0.2477679225002134
296,1049,580,960,540,-89,-40,0.21875,-0.2053157691302554
297,1049,580,960,540,-89,-40,0.21875,-0.18840716347077646
298,1048,580,960,540,-88,-40,0.25,-0.19783974184082687
299,1046,580,960,540,-86,-40,0.3125,-0.18442322875708417
300,1045,581,960,540,-85,-41,0.34375,-0.14760574287701322
301,1044,582,960,540,-84,-42,0.375,-0.13046603563982173
302,1043,584,960,540,-83,-44,0.40625,-0.060829642654700145
303,1043,584,960,540,-83,-44,0.40625,-0.07828911744072786
304,1043,584,960,540,-83,-44,0.40625,-0.10587594337067241
305,1043,584,960,540,-83,-44,0.40625,-0.11945589331961104
306,1043,584,960,540,-83,-44,0.40625,-0.08467027176479625
307,1043,583,960,540,-83,-43,0.40625,-0.122860158608741
308,1043,584,960,540,-83,-44,0.40625,-0.07352558616866967
309,1043,585,960,540,-83,-45,0.40625,-0.036488549131632686
310,1042,585,960,540,-82,-45,0.4375,-0.02644507364669413
311,1041,585,960,540,-81,-45,0.46875,-0.027740324584324183
312,1041,585,960,540,-81,-45,0.46875,-0.012301406422595917
313,1040,585,960,540,-80,-45,0.5,-0.05140953750003918
314,1039,585,960,540,-79,-45,0.53125,-0.026166853360352738
315,1037,584,960,540,-77,-44,0.59375,-0.07334833945542107
316,1036,584,960,540,-76,-44,0.625,-0.09557768811863054
317,1036,582,960,540,-76,-42,0.625,-0.1558787597051381
318,1039,581,960,540,-79,-41,0.53125,-0.16443706538524938
319,1042,581,960,540,-82,-41,0.4375,-0.16443706538524938
320,1052,582,960,540,-92,-42,0.125,-0.09900851993780768
321,1063,581,960,540,-103,-41,-0.21875,-0.13521439603041396
322,1062,581,960,540,-102,-41,-0.1875,-0.14054215470493148
323,1062,581,960,540,-102,-41,-0.1875,-0.1382462333608767
324,1062,581,960,540,-102,-41,-0.1875,-0.1459391844277833
325,1062,581,960,540,-102,-41,-0.1875,-0.14550263613348835
326,1062,581,960,540,-102,-41,-0.1875,-0.14158347828656082
327,1062,582,960,540,-102,-42,-0.1875,-0.11626489897625758
328,1062,583,960,540,-102,-43,-0.1875,-0.07762085597681745
329,1062,584,960,540,-102,-44,-0.1875,-0.03672848237262505
330,1062,585,960,540,-102,-45,-0.1875,-0.00018178513632416404
331,1062,585,960,540,-102,-45,-0.1875,-0.013468636512986576
332,1062,585,960,540,-102,-45,-0.1875,-0.018486932067294015
333,1062,585,960,540,-102,-45,-0.1875,-0.0256639788051769
334,1062,585,960,540,-102,-45,-0.1875,-0.036369471756665606
335,1062,585,960,540,-102,-45,-0.1875,-0.038788646793154635
336,1062,585,960,540,-102,-45,-0.1875,-0.012658021464368563
337,1062,585,960,540,-102,-45,-0.1875,-0.0015958973056502401
338,1062,585,960,540,-102,-45,-0.1875,-0.004800816797016161
339,17,525,960,540,943,15,32.46875,-2.0424922244992816
340,18,525,960,540,942,15,32.4375,-2.048575466293209
341,19,525,960,540,941,15,32.40625,-2.059185348980401
342,20,526,960,540,940,14,32.375,-2.0253467936007916
343,20,526,960,540,940,14,32.375,-2.0432651286736387
344,24,526,960,540,936,14,32.25,-2.0289337051452327
345,37,529,960,540,923,11,31.84375,-1.9220004941034177
346,80,552,960,540,880,-12,30.5,-1.042996303430161
347,143,577,960,540,817,-37,28.53125,-0.09993112771142298
348,238,586,960,540,722,-46,25.5625,0.18542981709933537
349,334,593,960,540,626,-53,22.5625,0.4678964288551739
350,389,597,960,540,571,-57,20.84375,0.6111694202996218
351,431,601,960,540,529,-61,19.53125,0.7550676775004384
352,461,605,960,540,499,-65,18.59375,0.8880125106172783
353,482,608,960,540,478,-68,17.9375,1.018520585002009
354,490,609,960,540,470,-69,17.6875,1.060916005613185
355,496,610,960,540,464,-70,17.5,1.1086557736937728
356,511,608,960,540,449,-68,17.03125,1.034529324691168
357,536,602,960,540,424,-62,16.25,0.7989831214709178
358,596,601,960,540,364,-61,14.375,0.7783687789778451
359,672,604,960,540,288,-64,12.0,0.8746628072751987
360,734,606,960,540,226,-66,10.0625,0.9790078729280618
361,789,608,960,540,171,-68,8.34375,1.0404815754854846
362,834,609,960,540,126,-69,6.9375,1.1091946168295266
363,868,611,960,540,92,-71,5.875,1.175914806131166
364,893,611,960,540,67,-71,5.09375,1.2097446110980077
365,909,603,960,540,51,-63,4.59375,0.9475668579488903
366,915,590,960,540,45,-50,4.40625,0.3943869935037956
367,915,583,960,540,45,-43,4.40625,0.12182881925395761
368,931,581,960,540,29,-41,3.90625,0.06267239294825888
369,958,581,960,540,2,-41,3.0625,0.08136321966155147
370,980,581,960,540,-20,-41,2.375,0.02233251171660422
371,996,581,960,540,-36,-41,1.875,0.10521604210399071
372,1002,580,960,540,-42,-40,1.6875,0.07707993520003709
373,1003,581,960,540,-43,-41,1.65625,0.10777331415072067
374,1004,581,960,540,-44,-41,1.625,0.11948739281700371
375,1004,581,960,540,-44,-41,1.625,0.11604994473716834
376,1004,581,960,540,-44,-41,1.625,0.12192434612903069
377,1004,581,960,540,-44,-41,1.625,0.11071880085877805
378,1004,581,960,540,-44,-41,1.625,0.12521276775219725
379,1005,581,960,540,-45,-41,1.59375,0.12282208794745864
380,1006,581,960,540,-46,-41,1.5625,0.1358455447637763
381,1005,581,960,540,-45,-41,1.59375,0.12830350087328224
382,1005,581,960,540,-45,-41,1.59375,0.12320440344480299
383,1009,580,960,540,-49,-40,1.46875,0.05177267031677313
384,1019,579,960,540,-59,-39,1.15625,0.01016929980530179
385,1029,579,960,540,-69,-39,0.84375,0.0451227845199651
386,1033,580,960,540,-73,-40,0.71875,0.07074814159348342
387,1034,580,960,540,-74,-40,0.6875,0.0679822222373696
388,1034,579,960,540,-74,-39,0.6875,0.04667836251926305
389,1033,579,960,540,-73,-39,0.71875,0.036035902725289226
390,1033,579,960,540,-73,-39,0.71875,0.029476491069174493
391,1032,579,960,540,-72,-39,0.75,0.024790587133264985
392,1032,579,960,540,-72,-39,0.75,0.03466202731002821
393,1031,580,960,540,-71,-40,0.78125,0.06458301444254522
394,1031,579,960,540,-71,-39,0.78125,0.0231198635128238
395,1030,579,960,540,-70,-39,0.8125,0.03348151691281931
396,1030,578,960,540,-70,-38,0.8125,-0.005332917347824484
397,1030,578,960,540,-70,-38,0.8125,0.0019423101853062175
398,1030,579,960,540,-70,-39,0.8125,0.04285876677116063
399,1030,578,960,540,-70,-38,0.8125,0.020310900256421682
400,1029,578,960,540,-69,-38,0.84375,0.020310900256421682
401,1029,577,960,540,-69,-37,0.84375,-0.009842037635960699
402,1029,576,960,540,-69,-36,0.84375,-0.06459589142764699
403,1028,576,960,540,-68,-36,0.875,-0.05098875045801954
404,1027,576,960,540,-67,-36,0.90625,-0.07051670104302477
405,1026,576,960,540,-66,-36,0.9375,-0.052830190478941885
406,1025,575,960,540,-65,-35,0.96875,-0.08216129850506393
407,1024,574,960,540,-64,-34,1.0,-0.13504854288130574
408,1025,574,960,540,-65,-34,0.96875,-0.1252940342182709
409,1031,574,960,540,-71,-34,0.78125,-0.14404517732424793
410,1043,572,960,540,-83,-32,0.40625,-0.24950086456336207
411,1050,571,960,540,-90,-31,0.1875,-0.29897789469523484
412,1050,570,960,540,-90,-30,0.1875,-0.33404058040722595
413,1051,570,960,540,-91,-30,0.15625,-0.3498682884935349
414,1042,569,960,540,-82,-29,0.4375,-0.3951430311578312
415,1030,568,960,540,-70,-28,0.8125,-0.4569209139767594
416,1026,566,960,540,-66,-26,0.9375,-0.5356893417908416
417,1026,565,960,540,-66,-25,0.9375,-0.5649356043979801
418,1028,564,960,540,-68,-24,0.875,-0.5930245048159768
419,1041,564,960,540,-81,-24,0.46875,-0.6054512983562363
420,1054,564,960,540,-94,-24,0.0625,-0.6199089644845406
421,1055,564,960,540,-95,-24,0.03125,-0.6106114711809612
422,1054,564,960,540,-94,-24,0.0625,-0.5989047714564288
423,1054,567,960,540,-94,-27,0.0625,-0.48015659236210784
424,1053,573,960,540,-93,-33,0.09375,-0.274454735225899
425,1051,576,960,540,-91,-36,0.15625,-0.1477344488294765
426,1050,577,960,540,-90,-37,0.1875,-0.08173456596658202
427,1049,576,960,540,-89,-36,0.21875,-0.10050659682327345
428,1047,575,960,540,-87,-35,0.28125,-0.1396044628317199
429,1045,575,960,540,-85,-35,0.34375,-0.13595911622514723
430,1043,575,960,540,-83,-35,0.40625,-0.1352328942945782
431,1041,575,960,540,-81,-35,0.46875,-0.11054037655126514
432,1039,576,960,540,-79,-36,0.53125,-0.09905347381563212
433,1037,577,960,540,-77,-37,0.59375,-0.054305183137412394
434,1036,577,960,540,-76,-37,0.625,-0.04807142622912952
435,1034,577,960,540,-74,-37,0.6875,-0.02720543723758162
436,1031,578,960,540,-71,-38,0.78125,0.004657342509482465
437,1030,578,960,540,-70,-38,0.8125,0.003562528486988681
438,1028,577,960,540,-68,-37,0.875,-0.03155989258688674
439,1026,577,960,540,-66,-37,0.9375,-0.03788566492213108
440,1024,576,960,540,-64,-36,1.0,-0.07894353619341543
441,1022,576,960,540,-62,-36,1.0625,-0.0876043383601266
442,1025,577,960,540,-65,-37,0.96875,-0.028264190246753085
443,1035,578,960,540,-75,-38,0.65625,-0.005537854069178616
444,1044,579,960,540,-84,-39,0.375,0.040874966309732086
445,1048,579,960,540,-88,-39,0.25,0.028645780563803402
446,1048,578,960,540,-88,-38,0.25,-0.006593339162390022
447,1049,578,960,540,-89,-38,0.21875,-0.011469119203443068
448,1048,577,960,540,-88,-37,0.25,-0.03558713342617237
449,1035,576,960,540,-75,-36,0.65625,-0.07579424269852941
450,1022,575,960,540,-62,-35,1.0625,-0.12150421855153937
451,1020,575,960,540,-60,-35,1.125,-0.11434319280224958
452,1020,575,960,540,-60,-35,1.125,-0.11864976046115916
453,1021,575,960,540,-61,-35,1.09375,-0.11864976046115916
454,1028,575,960,540,-68,-35,0.875,-0.11905082311219162
455,1041,575,960,540,-81,-35,0.46875,-0.13011503285618398
456,1048,576,960,540,-88,-36,0.25,-0.09468996399099372
457,1049,577,960,540,-89,-37,0.21875,-0.05406089963236749
458,1049,577,960,540,-89,-37,0.21875,-0.06915317949893174
459,1049,577,960,540,-89,-37,0.21875,-0.06208141935838407
460,1049,577,960,540,-89,-37,0.21875,-0.06168179315423927
461,1050,577,960,540,-90,-37,0.1875,-0.06651794256429211
462,1050,576,960,540,-90,-36,0.1875,-0.11331680932939192
463,1051,576,960,540,-91,-36,0.15625,-0.10999076969353205
464,1051,576,960,540,-91,-36,0.15625,-0.09747341332337123
465,1051,577,960,540,-91,-37,0.15625,-0.06910399432313041
466,1050,578,960,540,-90,-38,0.1875,-0.03206695728609321
467,1050,578,960,540,-90,-38,0.1875,-0.009548502642558132
468,1050,579,960,540,-90,-39,0.1875,0.018805220620474516
469,1050,579,960,540,-90,-39,0.1875,0.01876719325924059
470,1050,579,960,540,-90,-39,0.1875,0.02710750482991875
471,1049,579,960,540,-89,-39,0.21875,0.03613125764791225
472,1049,580,960,540,-89,-40,0.21875,0.06303019382777642
473,1049,581,960,540,-89,-41,0.21875,0.08461982307534655
474,1049,581,960,540,-89,-41,0.21875,0.10952116749008445
475,1048,582,960,540,-88,-42,0.25,0.15317220761672434
476,1048,582,960,540,-88,-42,0.25,0.16546499736828957
477,1048,581,960,540,-88,-41,0.25,0.10667910933556657
478,1048,581,960,540,-88,-41,0.25,0.10667910933556657
479,1048,580,960,540,-88,-40,0.25,0.09409915630872923
480,1049,580,960,540,-89,-40,0.21875,0.04621602700653549
481,1049,580,960,540,-89,-40,0.21875,0.05267021571174002
482,1050,580,960,540,-90,-40,0.1875,0.038768896610537285
483,1050,579,960,540,-90,-39,0.1875,0.03292513910720052
484,1051,578,960,540,-91,-38,0.15625,0.009101278804273472
485,1051,578,960,540,-91,-38,0.15625,-0.01026981583943165
486,1050,578,960,540,-90,-38,0.1875,0.0008719071441514181
487,1050,577,960,540,-90,-37,0.1875,-0.023558973351381463
488,1050,577,960,540,-90,-37,0.1875,-0.0257764909488587
489,1051,576,960,540,-91,-36,0.15625,-0.08106657689513508
490,1051,576,960,540,-91,-36,0.15625,-0.07183192626714874
491,1051,575,960,540,-91,-35,0.15625,-0.10430522763715144
492,1050,575,960,540,-90,-35,0.1875,-0.10669158729363515
493,1049,575,960,540,-89,-35,0.21875,-0.13431135266703165
494,1048,576,960,540,-88,-36,0.25,-0.06874494076299742
495,1047,576,960,540,-87,-36,0.28125,-0.05993310763697979
496,1047,576,960,540,-87,-36,0.28125,-0.05993310763697979
497,1046,576,960,540,-86,-36,0.3125,-0.04794596646818028
498,1045,577,960,540,-85,-37,0.34375,-0.004765277424466419
499,1045,576,960,540,-85,-36,0.34375,-0.061126440548042504
500,1044,575,960,540,-84,-35,0.375,-0.1037111866485434
501,1044,574,960,540,-84,-34,0.375,-0.1414331222574432
502,1044,573,960,540,-84,-33,0.375,-0.17510882112739456
503,1044,573,960,540,-84,-33,0.375,-0.1595766404683545
504,1043,573,960,540,-83,-33,0.40625,-0.16550670314160398
505,1042,573,960,540,-82,-33,0.4375,-0.1661777576333907
506,1042,572,960,540,-82,-32,0.4375,-0.21108651980965454
507,1042,573,960,540,-82,-33,0.4375,-0.17608557099787947
508,1041,573,960,540,-81,-33,0.46875,-0.16021425199989303
509,1041,573,960,540,-81,-33,0.46875,-0.16027243208092923
510,1041,572,960,540,-81,-32,0.46875,-0.19968038404417965
511,1041,573,960,540,-81,-33,0.46875,-0.18250467249696745
512,1040,573,960,540,-80,-33,0.5,-0.17404431459357061
513,1040,573,960,540,-80,-33,0.5,-0.15883262058495862
514,1040,574,960,540,-80,-34,0.5,-0.13755581848430865
515,1041,574,960,540,-81,-34,0.46875,-0.11969157842482292
516,1041,574,960,540,-81,-34,0.46875,-0.12159772100367627
517,1041,574,960,540,-81,-34,0.46875,-0.13992518180801272
518,1041,575,960,540,-81,-35,0.46875,-0.08981415638985313
519,1042,575,960,540,-82,-35,0.4375,-0.10235541902528511
520,1042,575,960,540,-82,-35,0.4375,-0.11932514498277635
521,1042,576,960,540,-82,-36,0.4375,-0.10421387653721204
522,1043,577,960,540,-83,-37,0.40625,-0.08391496062384673
523,1044,577,960,540,-84,-37,0.375,-0.07160429713254302
524,1045,577,960,540,-85,-37,0.34375,-0.07377913166081851
525,1046,577,960,540,-86,-37,0.3125,-0.08821209706793165
526,1046,577,960,540,-86,-37,0.3125,-0.07505538973959336
527,1047,578,960,540,-87,-38,0.28125,-0.0365786733664879
528,1048,578,960,540,-88,-38,0.25,-0.021244072807158787
529,1048,578,960,540,-88,-38,0.25,-0.013557877861393175
530,1048,578,960,540,-88,-38,0.25,-0.028096775740246827
531,1048,578,960,540,-88,-38,0.25,-0.01979278636697157
532,1048,578,960,540,-88,-38,0.25,-0.01979278636697157
533,1048,578,960,540,-88,-38,0.25,-0.07243979072680995
534,1047,578,960,540,-87,-38,0.28125,-0.02835013045334711
535,1046,578,960,540,-86,-38,0.3125,-0.03988037478901796
536,1046,578,960,540,-86,-38,0.3125,-0.021482755982047852
537,1045,578,960,540,-85,-38,0.34375,-0.023602789588047512
538,1045,579,960,540,-85,-39,0.34375,0.0247875727641651
539,1044,579,960,540,-84,-39,0.375,0.011263614690488533
540,1044,579,960,540,-84,-39,0.375,0.03440228454418426
541,1044,579,960,540,-84,-39,0.375,0.01736746582214832
542,1044,579,960,540,-84,-39,0.375,0.01736746582214832
543,1043,579,960,540,-83,-39,0.40625,0.022708683120037376
544,1042,581,960,540,-82,-41,0.4375,0.1501710753139065
545,1039,583,960,540,-79,-43,0.53125,0.2081950754441264
546,1037,585,960,540,-77,-45,0.59375,0.2807101689355309
547,1035,587,960,540,-75,-47,0.65625,0.33952586878274915
548,1034,587,960,540,-74,-47,0.6875,0.3498785555751758
549,1034,587,960,540,-74,-47,0.6875,0.36174048487548705
550,1034,587,960,540,-74,-47,0.6875,0.3524518322129129
551,1035,587,960,540,-75,-47,0.65625,0.36397711365785046
552,1036,586,960,540,-76,-46,0.625,0.3333916199004696
553,1037,586,960,540,-77,-46,0.59375,0.3430699177512715
554,1037,586,960,540,-77,-46,0.59375,0.337072880234911
555,1038,585,960,540,-78,-45,0.5625,0.2992460805530417
556,1038,585,960,540,-78,-45,0.5625,0.2917226445400396
557,1038,585,960,540,-78,-45,0.5625,0.3012321342977218
558,1039,585,960,540,-79,-45,0.53125,0.2987410419529244
559,1039,585,960,540,-79,-45,0.53125,0.2994666309779146
560,1039,585,960,540,-79,-45,0.53125,0.31196501397165033
561,1040,585,960,540,-80,-45,0.5,0.2618221281841946
562,1041,584,960,540,-81,-44,0.46875,0.24079789678495223
563,1041,584,960,540,-81,-44,0.46875,0.2267424284271391
564,1041,584,960,540,-81,-44,0.46875,0.1988484272283626
565,1042,583,960,540,-82,-43,0.4375,0.18320084953264604
566,1041,583,960,540,-81,-43,0.46875,0.21280072291484853
567,1041,584,960,540,-81,-44,0.46875,0.23053339775431225
568,1041,584,960,540,-81,-44,0.46875,0.24915565154825203
569,1040,584,960,540,-80,-44,0.5,0.2619075562187769
570,1040,584,960,540,-80,-44,0.5,0.24857306461820583
571,1039,584,960,540,-79,-44,0.53125,0.24191235453745152
572,1039,584,960,540,-79,-44,0.53125,0.2426755881691962
573,1039,584,960,540,-79,-44,0.53125,0.25824232654717094
574,1039,584,960,540,-79,-44,0.53125,0.23730050654522694
575,1039,584,960,540,-79,-44,0.53125,0.25181712238852105
576,1039,584,960,540,-79,-44,0.53125,0.25181712238852105
577,1039,584,960,540,-79,-44,0.53125,0.24506216651114543
578,1044,583,960,540,-84,-43,0.375,0.16987095573776156
579,1055,582,960,540,-95,-42,0.03125,0.20882596444644208
580,1065,583,960,540,-105,-43,-0.28125,0.1933572003723414
581,1068,584,960,540,-108,-44,-0.375,0.21307356899708885
582,1064,583,960,540,-104,-43,-0.25,0.23502038347311283
583,1053,582,960,540,-93,-42,0.09375,0.1362381616283581
584,1046,582,960,540,-86,-42,0.3125,0.13790757500045547
585,1044,581,960,540,-84,-41,0.375,0.1008705379634185
586,1045,581,960,540,-85,-41,0.34375,0.09336814607120658
587,1044,582,960,540,-84,-42,0.375,0.13557622052586615
588,1044,582,960,540,-84,-42,0.375,0.14505174302653412
589,1043,582,960,540,-83,-42,0.40625,0.13407448801961586
590,1042,583,960,540,-82,-43,0.4375,0.19037575782867644
591,1042,583,960,540,-82,-43,0.4375,0.19037575782867644
592,1042,583,960,540,-82,-43,0.4375,0.16671511749876733
593,1042,584,960,540,-82,-44,0.4375,0.21188222308366478
594,1042,585,960,540,-82,-45,0.4375,0.2475526935539747
595,1042,586,960,540,-82,-46,0.4375,0.29277410328051556
596,1043,587,960,540,-83,-47,0.40625,0.3315750198380456
597,1043,587,960,540,-83,-47,0.40625,0.34593158276363023
598,1043,587,960,540,-83,-47,0.40625,0.32708452193023785
599,1044,587,960,540,-84,-47,0.375,0.3269242108459489
600,1044,586,960,540,-84,-46,0.375,0.28878193456036527
601,1044,586,960,540,-84,-46,0.375,0.29874484089555753
602,1045,586,960,540,-85,-46,0.34375,0.27827742096117003
603,1045,585,960,540,-85,-45,0.34375,0.24377627611838992
604,1046,585,960,540,-86,-45,0.3125,0.2517368829004718
605,1046,585,960,540,-86,-45,0.3125,0.2559378617286523
606,1047,585,960,540,-87,-45,0.28125,0.24623385304783763
607,1048,585,960,540,-88,-45,0.25,0.24348514351711792
608,1048,585,960,540,-88,-45,0.25,0.2453243485844998
609,1049,585,960,540,-89,-45,0.21875,0.2491869208274693
610,1048,585,960,540,-88,-45,0.25,0.2469463103682279
611,1047,585,960,540,-87,-45,0.28125,0.2445090370945635
612,1046,587,960,540,-86,-47,0.3125,0.3105521362879009
613,1045,588,960,540,-85,-48,0.34375,0.3651700676964458
614,1044,588,960,540,-84,-48,0.375,0.3623262299961092
615,1044,589,960,540,-84,-49,0.375,0.3929812211570447
616,1044,589,960,540,-84,-49,0.375,0.38160196866715146
617,1044,589,960,540,-84,-49,0.375,0.3472098591608226
618,1044,588,960,540,-84,-48,0.375,0.3246273862950746
619,1046,589,960,540,-86,-49,0.3125,0.4213770461814612
620,1047,589,960,540,-87,-49,0.28125,0.4112584727572768
621,1048,589,960,540,-88,-49,0.25,0.42455370551576843
622,1049,589,960,540,-89,-49,0.21875,0.41453453281587893
623,1051,589,960,540,-91,-49,0.15625,0.4270083439173069
624,1052,588,960,540,-92,-48,0.125,0.37266714381311217
625,1053,587,960,540,-93,-47,0.09375,0.34699605322585025
626,1053,586,960,540,-93,-46,0.09375,0.3067936612838067
627,1053,586,960,540,-93,-46,0.09375,0.32805089560525924
628,1054,585,960,540,-94,-45,0.0625,0.29101385856822204
629,1053,585,960,540,-93,-45,0.09375,0.266662289667454
630,1052,586,960,540,-92,-46,0.125,0.29514480171802315
631,1051,586,960,540,-91,-46,0.15625,0.2658928717714939
632,1049,587,960,540,-89,-47,0.21875,0.3188086949568629
633,1048,588,960,540,-88,-48,0.25,0.35093783160049674
634,1046,589,960,540,-86,-49,0.3125,0.3916251478550403
635,1044,589,960,540,-84,-49,0.375,0.4025461602072167
636,1043,589,960,540,-83,-49,0.40625,0.41085283328147093
637,1042,590,960,540,-82,-50,0.4375,0.4452306784584765
638,1041,590,960,540,-81,-50,0.46875,0.4484141991190391
639,1039,590,960,540,-79,-50,0.53125,0.4410657801669937
640,1038,590,960,540,-78,-50,0.5625,0.44738446300336987
641,1037,591,960,540,-77,-51,0.59375,0.4728501848060387
642,1037,591,960,540,-77,-51,0.59375,0.4730334038344981
643,1037,591,960,540,-77,-51,0.59375,0.4607118938076127
644,1048,591,960,540,-88,-51,0.25,0.4516139789793825
645,1061,593,960,540,-101,-53,-0.15625,0.5170559162013755
646,1063,595,960,540,-103,-55,-0.21875,0.5938337949096664
647,1064,596,960,540,-104,-56,-0.25,0.6374230173225535
648,1056,598,960,540,-96,-58,0.0,0.6815995159196286
649,1043,599,960,540,-83,-59,0.40625,0.7343447102529743
650,1034,600,960,540,-74,-60,0.6875,0.7777160930287064
651,1032,601,960,540,-72,-61,0.75,0.8237949721539928
652,1032,596,960,540,-72,-56,0.75,0.644061456401849
653,1032,591,960,540,-72,-51,0.75,0.46043097412826817
654,1032,591,960,540,-72,-51,0.75,0.4711526918681537
655,1037,591,960,540,-77,-51,0.59375,0.4272251705860357
656,1049,592,960,540,-89,-52,0.21875,0.4952056338711204
657,1058,593,960,540,-98,-53,-0.0625,0.5338202118629289
658,1061,594,960,540,-101,-54,-0.15625,0.5665403928981867
659,1062,594,960,540,-102,-54,-0.1875,0.5633701102906601
660,1063,595,960,540,-103,-55,-0.21875,0.6044792907332075
661,1064,596,960,540,-104,-56,-0.25,0.6376895103220743
662,1065,598,960,540,-105,-58,-0.28125,0.6939321760946142
663,1066,599,960,540,-106,-59,-0.3125,0.7429167965577415
664,1068,599,960,540,-108,-59,-0.375,0.7356586125570588
665,1070,598,960,540,-110,-58,-0.4375,0.7044977763761133
666,1071,598,960,540,-111,-58,-0.46875,0.7087476533575847
667,1072,599,960,540,-112,-59,-0.5,0.7338368569034477
668,1073,598,960,540,-113,-58,-0.53125,0.7015155080252753
669,1075,598,960,540,-115,-58,-0.59375,0.6999042100835995
670,1075,599,960,540,-115,-59,-0.59375,0.7306798001938213
671,1072,598,960,540,-112,-58,-0.5,0.7202254374261603
672,1062,598,960,540,-102,-58,-0.1875,0.7070202263828731
673,1050,598,960,540,-90,-58,0.1875,0.7152146508269186
674,1045,598,960,540,-85,-58,0.34375,0.7262290290881923
675,1044,599,960,540,-84,-59,0.375,0.7595665654252759
676,1044,600,960,540,-84,-60,0.375,0.8215272857766627
677,1050,601,960,540,-90,-61,0.1875,0.8902533052572834
678,1061,601,960,540,-101,-61,-0.15625,0.838161931082128
679,1068,602,960,540,-108,-62,-0.375,0.878841384840277
680,1069,603,960,540,-109,-63,-0.40625,0.9139692475695371
681,1070,602,960,540,-110,-62,-0.4375,0.9124212150247855
682,1071,590,960,540,-111,-50,-0.46875,0.4501048970372954
683,1074,577,960,540,-114,-37,-0.5625,-0.04405074121428276
684,1076,575,960,540,-116,-35,-0.625,-0.12466809952905855
685,1078,573,960,540,-118,-33,-0.6875,-0.1965454558698121
686,1080,572,960,540,-120,-32,-0.75,-0.2502873921452706
687,1072,571,960,540,-112,-31,-0.5,-0.3255063112049148
688,1060,571,960,540,-100,-31,-0.125,-0.3259622597416596
689,1056,570,960,540,-96,-30,0.0,-0.350347057197415
690,1056,569,960,540,-96,-29,0.0,-0.3919861963549751
691,1056,569,960,540,-96,-29,0.0,-0.40378005151199403
692,1056,568,960,540,-96,-28,0.0,-0.4573839300100522
693,1056,568,960,540,-96,-28,0.0,-0.452792680382921
694,1056,569,960,540,-96,-29,0.0,-0.39480866674112547
695,1056,568,960,540,-96,-28,0.0,-0.4388317949651086
696,1057,568,960,540,-97,-28,-0.03125,-0.4392170976270273
697,1056,568,960,540,-96,-28,0.0,-0.45078871704912693
698,1055,567,960,540,-95,-27,0.03125,-0.4661340166107728
699,1055,567,960,540,-95,-27,0.03125,-0.4781844606717005
700,1055,566,960,540,-95,-26,0.03125,-0.512423128208385
701,1055,565,960,540,-95,-25,0.03125,-0.5625546997093416
702,1055,565,960,540,-95,-25,0.03125,-0.555315268764075
703,1055,565,960,540,-95,-25,0.03125,-0.5561232227002537
704,1055,565,960,540,-95,-25,0.03125,-0.5416832607536848
705,1054,565,960,540,-94,-25,0.0625,-0.5472108499762096
706,1054,572,960,540,-94,-32,0.0625,-0.2954418806115684
707,1052,578,960,540,-92,-38,0.125,-0.05858771695501819
708,1052,579,960,540,-92,-39,0.125,-0.025115037733087542
709,1052,579,960,540,-92,-39,0.125,-0.029628478052428076
710,1052,579,960,540,-92,-39,0.125,-0.032887986379139145
711,1052,580,960,540,-92,-40,0.125,0.007654821552173008
712,1052,580,960,540,-92,-40,0.125,-0.0027521159795387273
713,1052,579,960,540,-92,-39,0.125,-0.020287541055048708
714,1052,579,960,540,-92,-39,0.125,-0.020715523239752676
715,1052,580,960,540,-92,-40,0.125,0.016492862623044058
716,1052,580,960,540,-92,-40,0.125,0.01342291612217017
717,1052,580,960,540,-92,-40,0.125,0.019522344435104033
718,1052,580,960,540,-92,-40,0.125,0.025254433547054367
719,1052,579,960,540,-92,-39,0.125,-0.0033085357991760045
720,1051,580,960,540,-91,-40,0.15625,0.03267143525146121
721,1050,581,960,540,-90,-41,0.1875,0.07622134309291706
722,1050,581,960,540,-90,-41,0.1875,0.05811941122761022
723,1049,582,960,540,-89,-42,0.21875,0.08344233635706466
724,1049,582,960,540,-89,-42,0.21875,0.059778266733334195
725,1048,582,960,540,-88,-42,0.25,0.06602996454092325
726,1048,583,960,540,-88,-43,0.25,0.10467749099469903
727,1047,583,960,540,-87,-43,0.28125,0.09293920386851551
728,1047,584,960,540,-87,-44,0.28125,0.12794748470544803
729,1047,584,960,540,-87,-44,0.28125,0.14199355579974982
730,1047,584,960,540,-87,-44,0.28125,0.13939212306914173
731,1047,583,960,540,-87,-43,0.28125,0.0924099757995922
732,1047,582,960,540,-87,-42,0.28125,0.06650464910430709
733,1047,582,960,540,-87,-42,0.28125,0.05834236624144751
734,1046,581,960,540,-86,-41,0.3125,0.0029769356872082486
735,1045,582,960,540,-85,-42,0.34375,0.04869229696717858
736,1044,583,960,540,-84,-43,0.375,0.06328293960752407
737,1043,583,960,540,-83,-43,0.40625,0.06328293960752407
738,1042,584,960,540,-82,-44,0.4375,0.08309465321238929
739,1042,586,960,540,-82,-46,0.4375,0.14825435618717742
740,1041,588,960,540,-81,-48,0.46875,0.21453706201251332
741,1039,589,960,540,-79,-49,0.53125,0.26299982828740376
742,1037,589,960,540,-77,-49,0.59375,0.2649367748073188
743,1036,589,960,540,-76,-49,0.625,0.3014403041231948
744,1034,589,960,540,-74,-49,0.6875,0.28935268681968984
745,1036,588,960,540,-76,-48,0.625,0.2161220686671681
746,1045,587,960,540,-85,-47,0.34375,0.2599332613348775
747,1055,587,960,540,-95,-47,0.03125,0.23348586951957473
748,1060,588,960,540,-100,-48,-0.125,0.25933787987865253
749,1059,588,960,540,-99,-48,-0.09375,0.25196877343123814
750,1058,588,960,540,-98,-48,-0.0625,0.259830499942008
751,1053,588,960,540,-93,-48,0.09375,0.2770097313702098
752,1040,589,960,540,-80,-49,0.5,0.26862116058273333
753,1031,589,960,540,-71,-49,0.78125,0.2774278521357145
754,1031,589,960,540,-71,-49,0.78125,0.26139848518285325
755,1033,589,960,540,-73,-49,0.71875,0.2537778569540674
756,1036,589,960,540,-76,-49,0.625,0.2537778569540674
757,1047,589,960,540,-87,-49,0.28125,0.30196757912291217
758,1059,590,960,540,-99,-50,-0.09375,0.3333097719239566
759,1060,589,960,540,-100,-49,-0.125,0.28383803800593577
760,1061,589,960,540,-101,-49,-0.15625,0.30148878288923675
761,1061,589,960,540,-101,-49,-0.15625,0.2935053848526279
762,1061,589,960,540,-101,-49,-0.15625,0.2935053848526279
763,1061,589,960,540,-101,-49,-0.15625,0.2935342314102516
764,1062,589,960,540,-102,-49,-0.1875,0.29036649118103486
765,1062,590,960,540,-102,-50,-0.1875,0.3251205192530746
766,1062,590,960,540,-102,-50,-0.1875,0.3287011507725308
767,1063,590,960,540,-103,-50,-0.21875,0.3367759440343947
768,1063,590,960,540,-103,-50,-0.21875,0.3393893978803364
769,1064,590,960,540,-104,-50,-0.25,0.3343251375877403
770,1064,590,960,540,-104,-50,-0.25,0.32747718626910327
771,1064,590,960,540,-104,-50,-0.25,0.320050678096893
772,1065,589,960,540,-105,-49,-0.28125,0.2778397382299087
773,1065,589,960,540,-105,-49,-0.28125,0.2872557684472943
774,1065,588,960,540,-105,-48,-0.28125,0.26490180577821576
775,1066,588,960,540,-106,-48,-0.3125,0.2565795181858064
776,1067,588,960,540,-107,-48,-0.34375,0.24580689416049917
777,1067,588,960,540,-107,-48,-0.34375,0.24835987655189484
778,1068,588,960,540,-108,-48,-0.375,0.25404728597272874
779,1068,588,960,540,-108,-48,-0.375,0.26319424699767824
780,1069,588,960,540,-109,-48,-0.40625,0.26594839172858853
781,1069,588,960,540,-109,-48,-0.40625,0.2755916174241939
782,1070,588,960,540,-110,-48,-0.4375,0.2679977934230535
783,1071,588,960,540,-111,-48,-0.46875,0.27236624926343844
784,1071,588,960,540,-111,-48,-0.46875,0.26783492088224525
785,1070,588,960,540,-110,-48,-0.4375,0.26324096039429157
786,1070,588,960,540,-110,-48,-0.4375,0.2682787729240901
787,1070,589,960,540,-110,-49,-0.4375,0.30227418259586947
788,1070,588,960,540,-110,-48,-0.4375,0.25988892371292516
789,1070,588,960,540,-110,-48,-0.4375,0.262011735254845
790,1070,588,960,540,-110,-48,-0.4375,0.266312339938809
791,1070,588,960,540,-110,-48,-0.4375,0.2613183883934169
792,1071,588,960,540,-111,-48,-0.46875,0.2575968699431419
793,1071,588,960,540,-111,-48,-0.46875,0.26099018691303444
794,1071,589,960,540,-111,-49,-0.46875,0.298671462182887
795,1071,589,960,540,-111,-49,-0.46875,0.3016507889861131
796,1071,589,960,540,-111,-49,-0.46875,0.31583514323611217
797,1071,589,960,540,-111,-49,-0.46875,0.30540804907602426
798,1071,589,960,540,-111,-49,-0.46875,0.3119290443628193
799,1072,589,960,540,-112,-49,-0.5,0.3243053264748619
800,1072,589,960,540,-112,-49,-0.5,0.31970454481281485
801,1072,589,960,540,-112,-49,-0.5,0.32489180763639647
802,1073,589,960,540,-113,-49,-0.53125,0.32548638629734916
803,1070,589,960,540,-110,-49,-0.4375,0.3092903953042121
804,1060,589,960,540,-100,-49,-0.125,0.32422380820777685
805,1050,589,960,540,-90,-49,0.1875,0.31504070051701394
806,1047,589,960,540,-87,-49,0.28125,0.3087763443882303
807,1052,589,960,540,-92,-49,0.125,0.32588472607632823
808,1057,589,960,540,-97,-49,-0.03125,0.32588472607632823
809,1067,589,960,540,-107,-49,-0.34375,0.33154320930161174
810,1076,589,960,540,-116,-49,-0.625,0.3402570485048735
811,1076,589,960,540,-116,-49,-0.625,0.32954536015701597
812,1077,590,960,540,-117,-50,-0.65625,0.3753458280619919
813,1076,590,960,540,-116,-50,-0.625,0.37210986253729805
814,1074,590,960,540,-114,-50,-0.5625,0.34999161148377556
815,1066,590,960,540,-106,-50,-0.3125,0.35286389262325946
816,1053,590,960,540,-93,-50,0.09375,0.3503560921800899
817,1047,590,960,540,-87,-50,0.28125,0.3431951481987796
818,1046,590,960,540,-86,-50,0.3125,0.348765281915961
819,1046,590,960,540,-86,-50,0.3125,0.33736706036394404
820,1046,590,960,540,-86,-50,0.3125,0.3413443192586827
821,1045,590,960,540,-85,-50,0.34375,0.3337295639939073
822,1045,590,960,540,-85,-50,0.34375,0.33014529010069316
823,1045,590,960,540,-85,-50,0.34375,0.32738562439537966
824,1044,591,960,540,-84,-51,0.375,0.3641228902375966
825,1043,590,960,540,-83,-50,0.40625,0.3385471380243945
826,1043,590,960,540,-83,-50,0.40625,0.3317260985112285
827,1042,590,960,540,-82,-50,0.4375,0.34008575402664576
828,1042,591,960,540,-82,-51,0.4375,0.37070561612316677
829,1042,591,960,540,-82,-51,0.4375,0.37702201889186715
830,1041,591,960,540,-81,-51,0.46875,0.38158009241221813
831,1041,591,960,540,-81,-51,0.46875,0.38498312199433027
832,1041,592,960,540,-81,-52,0.46875,0.40396512613157043
833,1040,592,960,540,-80,-52,0.5,0.412941388777349
834,1040,592,960,540,-80,-52,0.5,0.412941388777349
835,1040,592,960,540,-80,-52,0.5,0.4177762581498736
836,1040,592,960,540,-80,-52,0.5,0.40395583447495187
837,1041,593,960,540,-81,-53,0.46875,0.44935831246598346
838,1052,593,960,540,-92,-53,0.125,0.4477232515947751
839,1064,593,960,540,-104,-53,-0.25,0.4679143250422324
840,1066,592,960,540,-106,-52,-0.3125,0.428177638279009
841,1064,592,960,540,-104,-52,-0.25,0.43079677229242863
842,1052,593,960,540,-92,-53,0.125,0.4936888935641357
843,1041,593,960,540,-81,-53,0.46875,0.4936888935641357
844,1038,594,960,540,-78,-54,0.5625,0.504663834200269
845,1036,595,960,540,-76,-55,0.625,0.5365656403407715
846,1036,595,960,540,-76,-55,0.625,0.5453587363797543
847,1036,596,960,540,-76,-56,0.625,0.5823957734167915
848,1037,595,960,540,-77,-55,0.59375,0.5587015095096817
849,1043,594,960,540,-83,-54,0.40625,0.5084549133672274
850,1053,589,960,540,-93,-49,0.09375,0.3445997766610611
851,1061,583,960,540,-101,-43,-0.15625,0.09410670476236782
852,1064,581,960,540,-104,-41,-0.25,0.031225072585087332
853,1064,582,960,540,-104,-42,-0.25,0.056858816178614546
854,1064,582,960,540,-104,-42,-0.25,0.056858816178614546
855,1065,582,960,540,-105,-42,-0.28125,0.051766670803337744
856,1065,583,960,540,-105,-43,-0.28125,0.09394340748934193
857,1066,584,960,540,-106,-44,-0.3125,0.12254869990937567
858,1066,585,960,540,-106,-45,-0.3125,0.1538960867263337
859,1066,585,960,540,-106,-45,-0.3125,0.1452977632265844
860,1067,586,960,540,-107,-46,-0.34375,0.19830191231226002
861,1067,586,960,540,-107,-46,-0.34375,0.19809544174729377
862,1067,586,960,540,-107,-46,-0.34375,0.1962535543377808
863,1067,585,960,540,-107,-45,-0.34375,0.1602352376549092
864,1067,585,960,540,-107,-45,-0.34375,0.17441473670847496
865,1067,585,960,540,-107,-45,-0.34375,0.1852163028327476
866,1068,585,960,540,-108,-45,-0.375,0.18681502157973573
867,1068,585,960,540,-108,-45,-0.375,0.18810994764460975
868,1068,585,960,540,-108,-45,-0.375,0.17099100197131212
869,1068,586,960,540,-108,-46,-0.375,0.201520186400985
870,1068,586,960,540,-108,-46,-0.375,0.2223675413124655
871,1068,586,960,540,-108,-46,-0.375,0.2229741851434981
872,1067,586,960,540,-107,-46,-0.34375,0.2391156528485865
873,1065,587,960,540,-105,-47,-0.28125,0.2800216366549433
874,1065,587,960,540,-105,-47,-0.28125,0.26089881685533745
875,1065,587,960,540,-105,-47,-0.28125,0.24944918549049588
876,1066,587,960,540,-106,-47,-0.3125,0.22730424244920555
877,1067,586,960,540,-107,-46,-0.34375,0.2158673329878953
878,1067,586,960,540,-107,-46,-0.34375,0.20715462667745554
879,1068,586,960,540,-108,-46,-0.375,0.1925237713220258
880,1069,587,960,540,-109,-47,-0.40625,0.228543568823385
881,1068,587,960,540,-108,-47,-0.375,0.22254969029028038
882,1069,588,960,540,-109,-48,-0.40625,0.2596984124855297
883,1068,588,960,540,-108,-48,-0.375,0.26613944331557193
884,1069,587,960,540,-109,-47,-0.40625,0.2136978247144019
885,1070,586,960,540,-110,-46,-0.4375,0.18269632462266983
886,1071,586,960,540,-111,-46,-0.46875,0.19351300268969696
887,1072,586,960,540,-112,-46,-0.5,0.21470941480478944
888,1073,585,960,540,-113,-45,-0.53125,0.1630796327907964
889,1073,585,960,540,-113,-45,-0.53125,0.13839949729161183
890,1072,585,960,540,-112,-45,-0.5,0.14536083601734506
891,1068,585,960,540,-108,-45,-0.375,0.14597444165243156
892,1054,585,960,540,-94,-45,0.0625,0.1728177486631961
893,1042,585,960,540,-82,-45,0.4375,0.15889055631298765
894,1041,585,960,540,-81,-45,0.46875,0.17591988173917628
895,1040,585,960,540,-80,-45,0.5,0.16898807287558104
896,1039,586,960,540,-79,-46,0.53125,0.20770885475808898
897,1038,586,960,540,-78,-46,0.5625,0.20770885475808898
898,1037,585,960,540,-77,-45,0.59375,0.191533172025397
899,1042,584,960,540,-82,-44,0.4375,0.16672827797604173
900,1050,584,960,540,-90,-44,0.1875,0.15194833105632344
901,1050,584,960,540,-90,-44,0.1875,0.16197548112666826
902,1046,585,960,540,-86,-45,0.3125,0.2037082352061237
903,1042,587,960,540,-82,-47,0.4375,0.3019406868883019
904,1038,587,960,540,-78,-47,0.5625,0.30994757575184684
905,1034,588,960,540,-74,-48,0.6875,0.3681573294050142
906,1031,589,960,540,-71,-49,0.78125,0.4049764793342132
907,1029,590,960,540,-69,-50,0.84375,0.43773392761821084
908,1029,590,960,540,-69,-50,0.84375,0.4155736354672137
909,1028,589,960,540,-68,-49,0.875,0.38101549788326516
910,1028,589,960,540,-68,-49,0.875,0.4067657226704582
911,1029,588,960,540,-69,-48,0.84375,0.3756649007484689
912,1031,588,960,540,-71,-48,0.78125,0.3827877033274192
913,1033,587,960,540,-73,-47,0.71875,0.3354279519418639
914,1035,586,960,540,-75,-46,0.65625,0.290351920006098
915,1038,585,960,540,-78,-45,0.5625,0.2543279237149567
916,1040,584,960,540,-80,-44,0.5,0.18140113030521254
917,1041,583,960,540,-81,-43,0.46875,0.14859314492303333
918,1043,583,960,540,-83,-43,0.40625,0.1275776429506359
919,1045,583,960,540,-85,-43,0.34375,0.1353420034823254
920,1047,583,960,540,-87,-43,0.28125,0.11820872197756627
921,1050,584,960,540,-90,-44,0.1875,0.14782776318532953
922,1051,585,960,540,-91,-45,0.15625,0.2000908907832637
923,1052,587,960,540,-92,-47,0.125,0.31150727033815206
924,1053,588,960,540,-93,-48,0.09375,0.32382428532631624
925,1053,589,960,540,-93,-49,0.09375,0.3443926125033927
926,1054,591,960,540,-94,-51,0.0625,0.43106605641427675
927,1054,592,960,540,-94,-52,0.0625,0.4823085982818236
928,1055,592,960,540,-95,-52,0.03125,0.48378035611032577
929,1056,593,960,540,-96,-53,0.0,0.5268320096508792
930,1056,593,960,540,-96,-53,0.0,0.5266690711125042
931,1057,592,960,540,-97,-52,-0.03125,0.4884766235391478
932,1058,592,960,540,-98,-52,-0.0625,0.47562474456816006
933,1058,591,960,540,-98,-51,-0.0625,0.4452284863481579
934,1059,591,960,540,-99,-51,-0.09375,0.4519234814561983
935,1059,591,960,540,-99,-51,-0.09375,0.4539442147905468
936,1059,590,960,540,-99,-50,-0.09375,0.4097712447988784
937,1059,590,960,540,-99,-50,-0.09375,0.4013834490977364
938,1059,590,960,540,-99,-50,-0.09375,0.40563435480729715
939,1059,590,960,540,-99,-50,-0.09375,0.40927998650568753
940,1060,591,960,540,-100,-51,-0.125,0.43311680159719557
941,1062,590,960,540,-102,-50,-0.1875,0.41471262843976775
942,1064,590,960,540,-104,-50,-0.25,0.41278819109572873
943,1067,590,960,540,-107,-50,-0.34375,0.4110648060097344
944,1068,590,960,540,-108,-50,-0.375,0.4147598800558596
945,1069,590,960,540,-109,-50,-0.40625,0.3843531468046977
946,1069,590,960,540,-109,-50,-0.40625,0.3698730869487903
947,1070,590,960,540,-110,-50,-0.4375,0.37871264452057685
948,1071,590,960,540,-111,-50,-0.46875,0.3937844237216155
949,1072,590,960,540,-112,-50,-0.5,0.38356020811676816
950,1074,589,960,540,-114,-49,-0.5625,0.33756044397412954
951,1075,588,960,540,-115,-48,-0.59375,0.3102347487231889
952,1076,588,960,540,-116,-48,-0.625,0.3210424822049429
953,1077,587,960,540,-117,-47,-0.65625,0.27634465723120405
954,1078,587,960,540,-118,-47,-0.6875,0.2676946968119851
955,1079,587,960,540,-119,-47,-0.71875,0.2802009731562958
956,1079,587,960,540,-119,-47,-0.71875,0.28300228529216453
957,1079,587,960,540,-119,-47,-0.71875,0.28339441108690333
958,1080,587,960,540,-120,-47,-0.75,0.26569147958209705
959,1082,587,960,540,-122,-47,-0.8125,0.27802463007220957
960,1085,587,960,540,-125,-47,-0.90625,0.2599795464909507
961,1087,585,960,540,-127,-45,-0.96875,0.18455602053911369
962,1087,585,960,540,-127,-45,-0.96875,0.2110388693821481
963,1080,585,960,540,-120,-45,-0.75,0.21642870847450846
964,1070,587,960,540,-110,-47,-0.4375,0.2369006629423891
965,1066,588,960,540,-106,-48,-0.3125,0.2948719115729965
966,1064,588,960,540,-104,-48,-0.25,0.28808749768328323
967,1063,587,960,540,-103,-47,-0.21875,0.2938951326818462
968,1064,583,960,540,-104,-43,-0.25,0.1956268506799237
969,1072,578,960,540,-112,-38,-0.5,0.016042880238195112
970,1082,575,960,540,-122,-35,-0.8125,-0.08825445904916629
971,1087,574,960,540,-127,-34,-0.96875,-0.148934085913923
972,1089,575,960,540,-129,-35,-1.03125,-0.1264958842046544
973,1086,576,960,540,-126,-36,-0.9375,-0.08003398153219932
974,1077,577,960,540,-117,-37,-0.65625,-0.057569553209080526
975,1066,579,960,540,-106,-39,-0.3125,0.023293661781596864
976,1061,580,960,540,-101,-40,-0.15625,0.05856744937492375
977,1062,581,960,540,-102,-41,-0.1875,0.09966169432950722
978,1061,580,960,540,-101,-40,-0.15625,0.06262465729247024
979,1061,581,960,540,-101,-41,-0.15625,0.11152774601097937
980,1061,581,960,540,-101,-41,-0.15625,0.11687673301509505
981,1060,582,960,540,-100,-42,-0.125,0.16124729715271235
982,1060,583,960,540,-100,-43,-0.125,0.19050638178343893
983,1059,583,960,540,-99,-43,-0.09375,0.19050638178343893
984,1059,582,960,540,-99,-42,-0.09375,0.15306716322021185
985,1059,581,960,540,-99,-41,-0.09375,0.11941864097437538
986,1059,581,960,540,-99,-41,-0.09375,0.11254874435581663
987,1058,581,960,540,-98,-41,-0.0625,0.11251228390259116
988,1058,582,960,540,-98,-42,-0.0625,0.1393582402703175
989,1058,583,960,540,-98,-43,-0.0625,0.18250332248051415
990,1057,583,960,540,-97,-43,-0.03125,0.18275327192584667
991,1056,583,960,540,-96,-43,0.0,0.17706364242257333
992,1056,583,960,540,-96,-43,0.0,0.16506646987660933
993,1056,582,960,540,-96,-42,0.0,0.13627809003749713
994,1055,582,960,540,-95,-42,0.03125,0.13442867312749596
995,1054,582,960,540,-94,-42,0.0625,0.1480750790161518
996,1054,583,960,540,-94,-43,0.0625,0.1790649996139666
997,1054,583,960,540,-94,-43,0.0625,0.17517795190206775
998,1054,583,960,540,-94,-43,0.0625,0.20051387339793525
999,1054,583,960,540,-94,-43,0.0625,0.18102853920568163
1000,1056,583,960,540,-96,-43,0.0,0.20660962038010156
1001,1058,583,960,540,-98,-43,-0.0625,0.20327940168089897
1002,1060,583,960,540,-100,-43,-0.125,0.2040626642968666
1003,1060,583,960,540,-100,-43,-0.125,0.20133463592081857
1004,1061,583,960,540,-101,-43,-0.15625,0.20175355111353266
1005,1062,584,960,540,-102,-44,-0.1875,0.22910649431338936
1006,1063,584,960,540,-103,-44,-0.21875,0.22808450388353108
1007,1062,585,960,540,-102,-45,-0.1875,0.2698938364264354
1008,1061,585,960,540,-101,-45,-0.15625,0.2638958506874236
1009,1061,585,960,540,-101,-45,-0.15625,0.2632019293159451
1010,1060,586,960,540,-100,-46,-0.125,0.2827236609170247
1011,1060,587,960,540,-100,-47,-0.125,0.33264207170913673
1012,1059,587,960,540,-99,-47,-0.09375,0.30163723018413324
1013,1057,589,960,540,-97,-49,-0.03125,0.35882209671985565
1014,1056,591,960,540,-96,-51,0.0,0.3954514112179559
1015,1052,593,960,540,-92,-53,0.125,0.45821237369668233
1016,1049,594,960,540,-89,-54,0.21875,0.5013765042257938
1017,1047,595,960,540,-87,-55,0.28125,0.518573488138278
1018,1045,596,960,540,-85,-56,0.34375,0.5647837630817434
1019,1044,596,960,540,-84,-56,0.375,0.5633335138780937
1020,1044,596,960,540,-84,-56,0.375,0.5946672333135945
1021,1044,596,960,540,-84,-56,0.375,0.5884995600466814
1022,1043,596,960,540,-83,-56,0.40625,0.5851116553132398
1023,1043,595,960,540,-83,-55,0.40625,0.5776968655187862
1024,1043,595,960,540,-83,-55,0.40625,0.5918439554925157
1025,1042,596,960,540,-82,-56,0.4375,0.6307630702084368
1026,1042,596,960,540,-82,-56,0.4375,0.6319836830605301
1027,1042,596,960,540,-82,-56,0.4375,0.6287578464172308
1028,1042,596,960,540,-82,-56,0.4375,0.632720276560057
1029,1043,596,960,540,-83,-56,0.40625,0.6370623357764225
1030,1043,596,960,540,-83,-56,0.40625,0.6051046080190603
1031,1043,597,960,540,-83,-57,0.40625,0.6506432756099092
1032,1042,597,960,540,-82,-57,0.4375,0.6679424677276162
1033,1041,597,960,540,-81,-57,0.46875,0.7006349952200059
1034,1040,598,960,540,-80,-58,0.5,0.7494446076397179
1035,1040,593,960,540,-80,-53,0.5,0.545203404632389
1036,1040,581,960,540,-80,-41,0.5,0.09892667279074385
1037,1038,572,960,540,-78,-32,0.5625,-0.2547321454862417
1038,1038,570,960,540,-78,-30,0.5625,-0.31397421851420626
1039,1042,571,960,540,-82,-31,0.4375,-0.284613443043517
1040,1054,574,960,540,-94,-34,0.0625,-0.16574165574731503
1041,1061,576,960,540,-101,-36,-0.15625,-0.08752442448852515
1042,1058,578,960,540,-98,-38,-0.0625,0.002520841377914529
1043,1048,579,960,540,-88,-39,0.25,0.07933128034936487
1044,1036,584,960,540,-76,-44,0.625,0.25099885806177835
1045,1030,590,960,540,-70,-50,0.8125,0.47744339225030963
1046,1029,592,960,540,-69,-52,0.84375,0.5491870147819518
1047,1030,592,960,540,-70,-52,0.8125,0.5450341415362039
1048,1030,592,960,540,-70,-52,0.8125,0.5476165724802851
1049,1041,592,960,540,-81,-52,0.46875,0.4969601364068368
1050,1054,592,960,540,-94,-52,0.0625,0.5016347326028663
1051,1058,594,960,540,-98,-54,-0.0625,0.5779659282130785
1052,1058,594,960,540,-98,-54,-0.0625,0.5714093169851067
1053,1059,589,960,540,-99,-49,-0.09375,0.38252648708949066
1054,1058,581,960,540,-98,-41,-0.0625,0.10049575077345718
1055,1058,579,960,540,-98,-39,-0.0625,-0.002425680437178279
1056,1058,584,960,540,-98,-44,-0.0625,0.19163654358334048
1057,1058,591,960,540,-98,-51,-0.0625,0.45189472525843866
1058,1058,594,960,540,-98,-54,-0.0625,0.5610384692828048
1059,1058,589,960,540,-98,-49,-0.0625,0.3754889372545773
1060,1058,581,960,540,-98,-41,-0.0625,0.10479474609484907
1061,1057,578,960,540,-97,-38,-0.03125,0.005888980285114309
1062,1056,578,960,540,-96,-38,0.0,-0.014455516528450119
1063,1056,578,960,540,-96,-38,0.0,-0.014455516528450119
1064,1055,580,960,540,-95,-40,0.03125,0.0451454397485076
1065,1054,587,960,540,-94,-47,0.0625,0.3099855850683102
1066,1054,592,960,540,-94,-52,0.0625,0.4951707702534953
1067,1052,594,960,540,-92,-54,0.125,0.5745411944135783
1068,1050,595,960,540,-90,-55,0.1875,0.6099585872917803
1069,1047,595,960,540,-87,-55,0.28125,0.5698722314967728
1070,1044,595,960,540,-84,-55,0.375,0.5917592711350739
1071,1041,595,960,540,-81,-55,0.46875,0.6079278696007868
1072,1040,595,960,540,-80,-55,0.5,0.574102453526983
1073,1039,591,960,540,-79,-51,0.53125,0.4947343752553508
1074,1038,585,960,540,-78,-45,0.5625,0.21689887670290475
1075,1037,583,960,540,-77,-43,0.59375,0.1428248026288308
1076,1036,584,960,540,-76,-44,0.625,0.17740630430705084
1077,1035,584,960,540,-75,-44,0.65625,0.23895686613967793
1078,1034,583,960,540,-74,-43,0.6875,0.20382123982218237
1079,1034,584,960,540,-74,-44,0.6875,0.2342735348278755
1080,1033,586,960,540,-73,-46,0.71875,0.2992144048176024
1081,1032,588,960,540,-72,-48,0.75,0.3286307010446208
1082,1030,590,960,540,-70,-50,0.8125,0.4422442823707893
1083,1028,591,960,540,-68,-51,0.875,0.4253818542443062
1084,1027,593,960,540,-67,-53,0.90625,0.5336819910818755
1085,1023,595,960,540,-63,-55,1.03125,0.5314060929172917
1086,1020,598,960,540,-60,-58,1.125,0.6570149971764137
1087,1019,600,960,540,-59,-60,1.15625,0.7493585167185846
1088,1028,603,960,540,-68,-63,0.875,0.9014937514119115
1089,1038,604,960,540,-78,-64,0.5625,0.8761650941943391
1090,1037,605,960,540,-77,-65,0.59375,0.9024501926461115
1091,1037,605,960,540,-77,-65,0.59375,0.9194840611997395
1092,1037,604,960,540,-77,-64,0.59375,0.9226643860272294
1093,1036,603,960,540,-76,-63,0.625,0.8243548208311153
1094,1035,604,960,540,-75,-64,0.65625,0.8505650772928257
1095,1035,604,960,540,-75,-64,0.65625,0.8574016078793423
1096,1034,603,960,540,-74,-63,0.6875,0.8395849105344899
1097,1033,589,960,540,-73,-49,0.71875,0.3700595969459386
1098,1033,574,960,540,-73,-34,0.71875,-0.20631095550727063
1099,1034,572,960,540,-74,-32,0.6875,-0.34224164319074113
1100,1038,571,960,540,-78,-31,0.5625,-0.35899113288879914
1101,1043,570,960,540,-83,-30,0.40625,-0.3480982000159336
1102,1046,574,960,540,-86,-34,0.3125,-0.255193807732075
1103,1049,579,960,540,-89,-39,0.21875,-0.09310686505334331
1104,1050,579,960,540,-90,-39,0.1875,-0.09599428549585043
1105,1051,579,960,540,-91,-39,0.15625,-0.09437895099759963
1106,1052,578,960,540,-92,-38,0.125,-0.11286671651812186
1107,1053,577,960,540,-93,-37,0.09375,-0.1595719908869273
1108,1054,575,960,540,-94,-35,0.0625,-0.1969236622786128
1109,1054,573,960,540,-94,-33,0.0625,-0.283848721649536
1110,1054,571,960,540,-94,-31,0.0625,-0.350059523933989
1111,1054,571,960,540,-94,-31,0.0625,-0.3562853928282568
1112,1054,570,960,540,-94,-30,0.0625,-0.4108401370272514
1113,1053,568,960,540,-93,-28,0.09375,-0.4870824961710025
1114,1052,567,960,540,-92,-27,0.125,-0.5208012714916703
1115,1051,566,960,540,-91,-26,0.15625,-0.5567228081420538
1116,1050,566,960,540,-90,-26,0.1875,-0.574529906003035
1117,1049,566,960,540,-89,-26,0.21875,-0.5749780614552612
1118,1049,566,960,540,-89,-26,0.21875,-0.5619780572028014
1119,1048,566,960,540,-88,-26,0.25,-0.5888878887160424
1120,1048,566,960,540,-88,-26,0.25,-0.5888878887160424
1121,1047,566,960,540,-87,-26,0.28125,-0.5603020753091729
1122,1047,565,960,540,-87,-25,0.28125,-0.6010395251145275
1123,1047,565,960,540,-87,-25,0.28125,-0.6045982679608046
1124,1047,565,960,540,-87,-25,0.28125,-0.61760433409688
1125,1048,565,960,540,-88,-25,0.25,-0.6161054733751741
1126,1048,564,960,540,-88,-24,0.25,-0.6641241653570991
1127,1048,564,960,540,-88,-24,0.25,-0.6433908613369579
1128,1048,564,960,540,-88,-24,0.25,-0.6556413431079091
1129,1048,564,960,540,-88,-24,0.25,-0.6348462792451228
1130,1048,564,960,540,-88,-24,0.25,-0.6570689144919495
1131,1049,563,960,540,-89,-23,0.21875,-0.6947408657586644
1132,1049,563,960,540,-89,-23,0.21875,-0.6961970173256331
1133,1050,562,960,540,-90,-22,0.1875,-0.7208697888867158
1134,1051,561,960,540,-91,-21,0.15625,-0.7579068259237529
1135,1053,560,960,540,-93,-20,0.09375,-0.8508870374861595
1136,1058,572,960,540,-98,-32,-0.0625,-0.3736102516056412
1137,1061,586,960,540,-101,-46,-0.15625,0.12142838798899747
1138,1065,588,960,540,-105,-48,-0.28125,0.20545911855126442
1139,1069,587,960,540,-109,-47,-0.40625,0.18271081755488106
1140,1074,585,960,540,-114,-45,-0.5625,0.09953510568908097
1141,1080,583,960,540,-120,-43,-0.75,0.025336310337633394
1142,1087,580,960,540,-127,-40,-0.96875,-0.06050413567735591
1143,1095,576,960,540,-135,-36,-1.21875,-0.2297419824066227
1144,1101,573,960,540,-141,-33,-1.40625,-0.3294611032213044
1145,1106,570,960,540,-146,-30,-1.5625,-0.4315552233173703
1146,1110,567,960,540,-150,-27,-1.6875,-0.5667944589268861
1147,1114,565,960,540,-154,-25,-1.8125,-0.6395384748658528
1148,1109,561,960,540,-149,-21,-1.65625,-0.80844719316461
1149,1105,555,960,540,-145,-15,-1.53125,-1.015985840856922
1150,1109,549,960,540,-149,-9,-1.65625,-1.2182829953211995
1151,1114,545,960,540,-154,-5,-1.8125,-1.3799606587062316
1152,1119,543,960,540,-159,-3,-1.96875,-1.4534856479173195
1153,1125,543,960,540,-165,-3,-2.15625,-1.4044963223936393
1154,1130,545,960,540,-170,-5,-2.3125,-1.3165865481565389
1155,1127,547,960,540,-167,-7,-2.21875,-1.2466573638070995
1156,1121,549,960,540,-161,-9,-2.03125,-1.1719027173583652
1157,1120,551,960,540,-160,-11,-2.0,-1.1041586912336652
1158,1123,558,960,540,-163,-18,-2.09375,-0.8209136726364145
1159,1126,571,960,540,-166,-31,-2.1875,-0.33108694232250624
1160,1127,578,960,540,-167,-38,-2.21875,-0.0679988737147239
1161,1125,578,960,540,-165,-38,-2.15625,-0.07326221327054827
1162,1117,578,960,540,-157,-38,-1.90625,-0.06293366172519987
1163,1105,578,960,540,-145,-38,-1.53125,-0.061636901007621425
1164,1099,577,960,540,-139,-37,-1.34375,-0.06739466576724329
1165,1097,578,960,540,-137,-38,-1.28125,-0.04462615911027279
1166,1095,577,960,540,-135,-37,-1.21875,-0.0587428707796096
1167,1093,577,960,540,-133,-37,-1.15625,-0.0828334616035531
1168,1090,578,960,540,-130,-38,-1.0625,-0.04420244095098291
1169,1085,578,960,540,-125,-38,-0.90625,-0.03659706124824358
1170,1079,578,960,540,-119,-38,-0.71875,-0.04212817542985037
1171,1074,578,960,540,-114,-38,-0.5625,-0.08891805903244321
1172,1069,579,960,540,-109,-39,-0.40625,-0.04399104074971727
1173,1062,581,960,540,-102,-41,-0.1875,0.02004982648179121
1174,1056,584,960,540,-96,-44,0.0,0.09702515873324558
1175,1050,586,960,540,-90,-46,0.1875,0.19969345594230914
1176,1045,587,960,540,-85,-47,0.34375,0.25927710307171403
1177,1041,588,960,540,-81,-48,0.46875,0.25560986953160203
1178,1037,590,960,540,-77,-50,0.59375,0.34272765018276186
1179,1034,591,960,540,-74,-51,0.6875,0.40115208310855843
1180,1032,592,960,540,-72,-52,0.75,0.4308078998095459
1181,1031,592,960,540,-71,-52,0.78125,0.37915637747275754
1182,1032,593,960,540,-72,-53,0.75,0.42560339935922564
1183,1039,595,960,540,-79,-55,0.53125,0.5159328774469916
1184,1051,597,960,540,-91,-57,0.15625,0.5663771502215473
1185,1058,598,960,540,-98,-58,-0.0625,0.5896609964968964
1186,1061,599,960,540,-101,-59,-0.15625,0.6576392188215356
1187,1062,600,960,540,-102,-60,-0.1875,0.7010361261743667
1188,1064,595,960,540,-104,-55,-0.25,0.5575278659314067
1189,1065,588,960,540,-105,-48,-0.28125,0.2816839392102697
1190,1066,585,960,540,-106,-45,-0.3125,0.1585842148429215
1191,1063,584,960,540,-103,-44,-0.21875,0.13307594698331204
1192,1060,582,960,540,-100,-42,-0.125,0.05900187290923786
1193,1051,581,960,540,-91,-41,0.15625,0.04935543133816833
1194,1042,581,960,540,-82,-41,0.4375,0.059999323894655454
1195,1042,581,960,540,-82,-41,0.4375,0.047491226708541
1196,1043,580,960,540,-83,-40,0.40625,0.016706906929861987
1197,1043,579,960,540,-83,-39,0.40625,-0.03095482497470914
1198,1043,579,960,540,-83,-39,0.40625,-0.029957900026299722
1199,1043,578,960,540,-83,-38,0.40625,-0.07782563989101732
1200,1043,578,960,540,-83,-38,0.40625,-0.06700327803967987
1201,1042,577,960,540,-82,-37,0.4375,-0.08561270736821291
1202,1041,577,960,540,-81,-37,0.46875,-0.09545551733726487
1203,1040,577,960,540,-80,-37,0.5,-0.08898902384612573
1204,1039,577,960,540,-79,-37,0.53125,-0.09286023612446015
1205,1038,577,960,540,-78,-37,0.5625,-0.09523533029112863
1206,1038,577,960,540,-78,-37,0.5625,-0.0962052796136319
1207,1041,576,960,540,-81,-36,0.46875,-0.13962524895389805
1208,1050,576,960,540,-90,-36,0.1875,-0.16298494655593543
1209,1062,576,960,540,-102,-36,-0.1875,-0.1650414811155514
1210,1068,575,960,540,-108,-35,-0.375,-0.19313449968365215
1211,1066,574,960,540,-106,-34,-0.3125,-0.20858897593131265
1212,1057,573,960,540,-97,-33,-0.03125,-0.23596858149701472
1213,1045,572,960,540,-85,-32,0.34375,-0.3116960598161169
1214,1041,569,960,540,-81,-29,0.46875,-0.4056984079351822
1215,1042,567,960,540,-82,-27,0.4375,-0.4773275029497033
1216,1042,565,960,540,-82,-25,0.4375,-0.5638656881649402
1217,1043,563,960,540,-83,-23,0.40625,-0.6391382129197734
1218,1043,562,960,540,-83,-22,0.40625,-0.6885358861378666
1219,1043,561,960,540,-83,-21,0.40625,-0.7234933240055585
1220,1041,560,960,540,-81,-20,0.46875,-0.7658051930657257
1221,1036,562,960,540,-76,-22,0.625,-0.677194376739204
1222,1029,567,960,540,-69,-27,0.84375,-0.495324316572195
1223,1023,568,960,540,-63,-28,1.03125,-0.46844302107293
1224,1015,567,960,540,-55,-27,1.28125,-0.4998957439350027
1225,1013,567,960,540,-53,-27,1.34375,-0.5153715299657018
1226,1014,566,960,540,-54,-26,1.3125,-0.556027797527353
1227,1007,565,960,540,-47,-25,1.53125,-0.5929037227729446
1228,997,564,960,540,-37,-24,1.84375,-0.6463131693109792
1229,983,562,960,540,-23,-22,2.28125,-0.744038375891758
1230,969,560,960,540,-9,-20,2.71875,-0.8235022690993281
1231,962,560,960,540,-2,-20,2.9375,-0.8407712034832191
1232,961,560,960,540,-1,-20,2.96875,-0.8486625152334502
1233,953,560,960,540,7,-20,3.21875,-0.8317676081921308
1234,940,560,960,540,20,-20,3.625,-0.8142338776482334
1235,933,559,960,540,27,-19,3.84375,-0.8700245018242156
1236,930,559,960,540,30,-19,3.9375,-0.857196876493338
1237,922,559,960,540,38,-19,4.1875,-0.936629680064669
1238,911,558,960,540,49,-18,4.53125,-0.9085550034349154
1239,910,559,960,540,50,-19,4.5625,-0.9355070388470843
1240,909,560,960,540,51,-20,4.59375,-0.9025775271369907
1241,898,562,960,540,62,-22,4.9375,-0.8138869215764791
1242,891,567,960,540,69,-27,5.15625,-0.6338265965736904
1243,895,580,960,540,65,-40,5.03125,-0.18904989353669044
1244,896,590,960,540,64,-50,5.0,0.21186727921600923
1245,891,594,960,540,69,-54,5.15625,0.32801249583013314
1246,893,596,960,540,67,-56,5.09375,0.44998999917311333
1247,900,596,960,540,60,-56,4.875,0.4357066037326913
1248,898,595,960,540,62,-55,4.9375,0.40719078941438425
1249,897,596,960,540,63,-56,4.96875,0.42661997657409545
1250,901,596,960,540,59,-56,4.84375,0.40071665374761745
1251,911,590,960,540,49,-50,4.53125,0.16940340126211284
1252,915,584,960,540,45,-44,4.40625,-0.04545557422637825
1253,914,584,960,540,46,-44,4.4375,-0.03646996690279014
1254,926,584,960,540,34,-44,4.0625,-0.017921182767902444
1255,946,586,960,540,14,-46,3.4375,0.06085359664431844
1256,956,587,960,540,4,-47,3.125,0.09109757463509593
1257,958,587,960,540,2,-47,3.0625,0.09106395031371894
1258,960,587,960,540,0,-47,3.0,0.08724874061933474
1259,969,589,960,540,-9,-49,2.71875,0.15718304199287103
1260,976,590,960,540,-16,-50,2.5,0.19440910323214267
1261,973,590,960,540,-13,-50,2.59375,0.17997412915053324
1262,971,589,960,540,-11,-49,2.65625,0.1428428348984181
1263,969,589,960,540,-9,-49,2.71875,0.1479889223961075
1264,969,590,960,540,-9,-50,2.71875,0.18549843067661897
1265,970,590,960,540,-10,-50,2.6875,0.19868772739817775
1266,972,590,960,540,-12,-50,2.625,0.21037366768449273
1267,978,590,960,540,-18,-50,2.4375,0.23001953562479627
1268,996,588,960,540,-36,-48,1.875,0.16869907704036313
1269,1012,586,960,540,-52,-46,1.375,0.08460051832446447
1270,1019,586,960,540,-59,-46,1.15625,0.08906906567769646
1271,1028,587,960,540,-68,-47,0.875,0.11152031651313843
1272,1041,585,960,540,-81,-45,0.46875,0.08070114930667938
1273,1052,582,960,540,-92,-42,0.125,-0.018294552289940702
1274,1069,578,960,540,-109,-38,-0.40625,-0.1542314200635151
1275,1089,573,960,540,-129,-33,-1.03125,-0.3463913805745167
1276,1103,571,960,540,-143,-31,-1.46875,-0.4034959624100587
1277,1112,566,960,540,-152,-26,-1.75,-0.5672911691752597
1278,1123,564,960,540,-163,-24,-2.09375,-0.6542739818160266
1279,1140,566,960,540,-180,-26,-2.625,-0.6897595859874294
1280,1151,567,960,540,-191,-27,-2.96875,-0.6432070439809849
1281,1163,565,960,540,-203,-25,-3.34375,-0.659215374223125
1282,1178,563,960,540,-218,-23,-3.8125,-0.6927681878803829
1283,1183,566,960,540,-223,-26,-3.96875,-0.5760185023106462
1284,1187,571,960,540,-227,-31,-4.09375,-0.37127620141615236
1285,1200,571,960,540,-240,-31,-4.5,-0.360119318988237
1286,1210,571,960,540,-250,-31,-4.8125,-0.3772443044845517
1287,1214,571,960,540,-254,-31,-4.9375,-0.38772555359363237
1288,1217,570,960,540,-257,-30,-5.03125,-0.3813097760987849
1289,1226,570,960,540,-266,-30,-5.3125,-0.41140871799360523
1290,1237,571,960,540,-277,-31,-5.65625,-0.3413312252643306
1291,1240,572,960,540,-280,-32,-5.75,-0.3034744421433875
1292,1244,573,960,540,-284,-33,-5.875,-0.25628006169264506
1293,1255,574,960,540,-295,-34,-6.21875,-0.23720347474792125
1294,1265,576,960,540,-305,-36,-6.53125,-0.15313620133752526
1295,1264,577,960,540,-304,-37,-6.5,-0.12208367923889352
1296,1255,578,960,540,-295,-38,-6.21875,-0.07269148468934872
1297,1248,581,960,540,-288,-41,-6.0,0.06330813885190745
1298,1250,584,960,540,-290,-44,-6.0625,0.15003334894472964
1299,1254,585,960,540,-294,-45,-6.1875,0.18350028532503204
1300,1255,586,960,540,-295,-46,-6.21875,0.24353113128206183
1301,1246,586,960,540,-286,-46,-5.9375,0.2705812441143718
1302,1226,588,960,540,-266,-48,-5.3125,0.3434887432906444
1303,1214,589,960,540,-254,-49,-4.9375,0.3908752803458657
1304,1215,590,960,540,-255,-50,-4.96875,0.4376386365840814
1305,1213,590,960,540,-253,-50,-4.90625,0.43268416715396585
1306,1204,590,960,540,-244,-50,-4.625,0.44115454910981766
1307,1181,591,960,540,-221,-51,-3.90625,0.482795541858974
1308,1163,593,960,540,-203,-53,-3.34375,0.5614652333967047
1309,1162,593,960,540,-202,-53,-3.3125,0.5719074359201448
1310,1160,594,960,540,-200,-54,-3.25,0.603517169365922
1311,1150,594,960,540,-190,-54,-2.9375,0.6123000449098892
1312,1139,595,960,540,-179,-55,-2.59375,0.6385123096287415
1313,1136,596,960,540,-176,-56,-2.5,0.6899860635977078
1314,1136,594,960,540,-176,-54,-2.5,0.6061292412900157
1315,1136,588,960,540,-176,-48,-2.5,0.3727835920312408
1316,1136,582,960,540,-176,-42,-2.5,0.14392119431335404
1317,1135,580,960,540,-175,-40,-2.46875,0.07776852146791802
1318,1132,579,960,540,-172,-39,-2.375,0.03937983468203177
1319,1129,577,960,540,-169,-37,-2.28125,-0.0375562543420751
1320,1112,575,960,540,-152,-35,-1.75,-0.119253265262109
1321,1090,573,960,540,-130,-33,-1.0625,-0.18127649531341605
1322,1076,572,960,540,-116,-32,-0.625,-0.23749798259066157
1323,1064,571,960,540,-104,-31,-0.25,-0.31020701635750103
1324,1054,569,960,540,-94,-29,0.0625,-0.36754411221279026
1325,1041,567,960,540,-81,-27,0.46875,-0.4660187516503769
1326,1030,565,960,540,-70,-25,0.8125,-0.5536180407033116
1327,1028,564,960,540,-68,-24,0.875,-0.5810149524589949
1328,1022,562,960,540,-62,-22,1.0625,-0.6795582189607906
1329,1009,562,960,540,-49,-22,1.46875,-0.6927452319863202
1330,995,563,960,540,-35,-23,1.90625,-0.6318359785612995
1331,984,566,960,540,-24,-26,2.25,-0.4900600392083446
1332,972,572,960,540,-12,-32,2.625,-0.29903537775432776
1333,963,576,960,540,-3,-36,2.90625,-0.15088722960617962
1334,954,577,960,540,6,-37,3.1875,-0.12669709498990933
1335,944,578,960,540,16,-38,3.5,-0.10199166773807256
1336,937,579,960,540,23,-39,3.71875,-0.1103697581756502
1337,928,579,960,540,32,-39,4.0,-0.1033717789071551
1338,918,580,960,540,42,-40,4.3125,-0.06833824382566256
1339,916,582,960,540,44,-42,4.375,0.004258425514969355
1340,913,583,960,540,47,-43,4.46875,-0.0155021831951212
1341,901,587,960,540,59,-47,4.84375,0.138482990377355
1342,892,589,960,540,68,-49,5.125,0.21255706445142897
1343,899,591,960,540,61,-51,4.90625,0.28562941740414294
1344,912,593,960,540,48,-53,4.5,0.4104708267847579
1345,912,594,960,540,48,-54,4.5,0.43022220988354243
1346,906,595,960,540,54,-55,4.6875,0.45315213311799596
1347,912,598,960,540,48,-58,4.5,0.5213058162700144
1348,917,601,960,540,43,-61,4.34375,0.6425660346473532
1349,921,603,960,540,39,-63,4.21875,0.7150281297306269
1350,930,604,960,540,30,-64,3.9375,0.7650452139184705
1351,933,604,960,540,27,-64,3.84375,0.7839086498015435
1352,934,604,960,540,26,-64,3.8125,0.7652545061607001
1353,942,603,960,540,18,-63,3.5625,0.7286018697007481
1354,952,597,960,540,8,-57,3.25,0.48644450225296687
1355,957,589,960,540,3,-49,3.09375,0.16617279674259744
1356,956,586,960,540,4,-46,3.125,0.06477577321992789
1357,959,585,960,540,1,-45,3.03125,0.029756825183361313
1358,969,585,960,540,-9,-45,2.71875,-0.001140106041200184
1359,982,584,960,540,-22,-44,2.3125,0.0006528067042179675
1360,989,584,960,540,-29,-44,2.09375,0.009197810692716857
1361,992,583,960,540,-32,-43,2.0,-0.021147750341433902
1362,997,580,960,540,-37,-40,1.84375,-0.13873476898647996
1363,1001,579,960,540,-41,-39,1.71875,-0.15344988304956986
1364,1006,579,960,540,-46,-39,1.5625,-0.1489419216958281
1365,1014,577,960,540,-54,-37,1.3125,-0.22708495428445263
1366,1024,575,960,540,-64,-35,1.0,-0.2850099490644875
1367,1036,572,960,540,-76,-32,0.625,-0.3548762161851682
1368,1051,571,960,540,-91,-31,0.15625,-0.40150254892809656
1369,1067,569,960,540,-107,-29,-0.34375,-0.4705508306378434
1370,1088,566,960,540,-128,-26,-1.0,-0.5838857693314236
1371,1107,562,960,540,-147,-22,-1.59375,-0.7174769052298161
1372,1122,560,960,540,-162,-20,-2.0625,-0.7694709522126053
1373,1140,559,960,540,-180,-19,-2.625,-0.8155744732294541
1374,1157,558,960,540,-197,-18,-3.15625,-0.8494134130858783
1375,1162,559,960,540,-202,-19,-3.3125,-0.8117591745595814
1376,1164,564,960,540,-204,-24,-3.375,-0.5852334018035954
1377,1166,569,960,540,-206,-29,-3.4375,-0.4000482166184103
1378,1177,569,960,540,-217,-29,-3.78125,-0.3998656247459351
1379,1189,570,960,540,-229,-30,-4.15625,-0.3648433479424933
1380,1198,569,960,540,-238,-29,-4.4375,-0.36994962486043326
1381,1211,569,960,540,-251,-29,-4.84375,-0.38508533624288765
1382,1217,568,960,540,-257,-28,-5.03125,-0.3917220114087949
1383,1220,564,960,540,-260,-24,-5.125,-0.5428448094718727
1384,1230,559,960,540,-270,-19,-5.4375,-0.7201093355763648
1385,1240,559,960,540,-280,-19,-5.75,-0.7201093355763648
1386,1234,561,960,540,-274,-21,-5.5625,-0.6418421386454578
1387,1222,562,960,540,-262,-22,-5.1875,-0.6640437185500475
1388,1219,563,960,540,-259,-23,-5.09375,-0.6065594117783233
1389,1222,565,960,540,-262,-25,-5.1875,-0.49761279917974144
1390,1214,570,960,540,-254,-30,-4.9375,-0.2504747630425137
1391,1196,579,960,540,-236,-39,-4.375,0.05564637123082039
1392,1185,584,960,540,-225,-44,-4.03125,0.22124632826716417
1393,1181,586,960,540,-221,-46,-3.90625,0.2924969215809008
1394,1181,587,960,540,-221,-47,-3.90625,0.33262426477926277
1395,1172,588,960,540,-212,-48,-3.625,0.3619511257809258
1396,1159,589,960,540,-199,-49,-3.21875,0.42795924122115214
1397,1154,589,960,540,-194,-49,-3.0625,0.43737002560526594
1398,1153,589,960,540,-193,-49,-3.03125,0.4319457555281907
1399,1152,589,960,540,-192,-49,-3.0,0.4401968605589639
1400,1151,589,960,540,-191,-49,-2.96875,0.44015038254235295
1401,1151,590,960,540,-191,-50,-2.96875,0.47870859777586183
1402,1150,590,960,540,-190,-50,-2.9375,0.48684440976924725
1403,1148,591,960,540,-188,-51,-2.875,0.5170039192952582
1404,1135,591,960,540,-175,-51,-2.46875,0.5096883876645946
1405,1123,592,960,540,-163,-52,-2.09375,0.5525880299043309
1406,1123,593,960,540,-163,-53,-2.09375,0.5840638073160722
1407,1123,594,960,540,-163,-54,-2.09375,0.631698289349264
1408,1122,593,960,540,-162,-53,-2.0625,0.5898817747129002
1409,1121,587,960,540,-161,-47,-2.03125,0.3615594915309821
1410,1121,580,960,540,-161,-40,-2.03125,0.08713076711220902
1411,1121,579,960,540,-161,-39,-2.03125,0.054692600005747494
1412,1121,578,960,540,-161,-38,-2.03125,0.005456305971919484
1413,1119,578,960,540,-159,-38,-1.96875,-0.0075596474677648295
1414,1104,583,960,540,-144,-43,-1.5,0.2178418710026504
1415,1089,590,960,540,-129,-50,-1.03125,0.4682741555692562
1416,1087,593,960,540,-127,-53,-0.96875,0.5795084321737025
1417,1086,593,960,540,-126,-53,-0.9375,0.5907660678708195
1418,1084,594,960,540,-124,-54,-0.875,0.6402713388020627
1419,1083,594,960,540,-123,-54,-0.84375,0.6408045561757933
1420,1081,594,960,540,-121,-54,-0.78125,0.6274473365091975
1421,1078,595,960,540,-118,-55,-0.6875,0.6664919293566032
1422,1075,589,960,540,-115,-49,-0.59375,0.40915270328609044
1423,1072,582,960,540,-112,-42,-0.5,0.15689260915061687
1424,1070,582,960,540,-110,-42,-0.4375,0.15838015740169786
1425,1068,582,960,540,-108,-42,-0.375,0.15214682402463953
1426,1065,582,960,540,-105,-42,-0.28125,0.13948204124649344
1427,1063,582,960,540,-103,-42,-0.21875,0.1601686876564632
1428,1060,582,960,540,-100,-42,-0.125,0.15341400319579956
1429,1055,582,960,540,-95,-42,0.03125,0.14532142415946114
1430,1051,582,960,540,-91,-42,0.15625,0.15899681323489934
1431,1046,582,960,540,-86,-42,0.3125,0.15828840748701012
1432,1041,582,960,540,-81,-42,0.46875,0.180601770961764
1433,1036,582,960,540,-76,-42,0.625,0.18851735952909965
1434,1033,581,960,540,-73,-41,0.71875,0.128199886427385
1435,1031,581,960,540,-71,-41,0.78125,0.1297336799583788
1436,1029,580,960,540,-69,-40,0.84375,0.09082331521388487
1437,1028,580,960,540,-68,-40,0.875,0.0839780207277292
1438,1037,579,960,540,-77,-39,0.59375,0.04440016246512535
1439,1050,579,960,540,-90,-39,0.1875,0.020071490758076127
1440,1053,580,960,540,-93,-40,0.09375,0.06691792454745071
1441,1053,580,960,540,-93,-40,0.09375,0.07334680744900268
1442,1052,580,960,540,-92,-40,0.125,0.0888335641106559
1443,1052,581,960,540,-92,-41,0.125,0.12507230051160234
1444,1052,583,960,540,-92,-43,0.125,0.19417905169012273
1445,1051,584,960,540,-91,-44,0.15625,0.21063372595722463
1446,1050,585,960,540,-90,-45,0.1875,0.2408785706356309
1447,1050,586,960,540,-90,-46,0.1875,0.29194334853101656
1448,1050,586,960,540,-90,-46,0.1875,0.2884465414447601
1449,1049,587,960,540,-89,-47,0.21875,0.32062012339056345
1450,1048,587,960,540,-88,-47,0.25,0.3238798382118475
1451,1047,588,960,540,-87,-48,0.28125,0.36862107131839483
1452,1045,588,960,540,-85,-48,0.34375,0.36907450457731494
1453,1043,588,960,540,-83,-48,0.40625,0.3800943984978673
1454,1042,588,960,540,-82,-48,0.4375,0.3813206229157009
1455,1040,589,960,540,-80,-49,0.5,0.4190791552111306
1456,1039,589,960,540,-79,-49,0.53125,0.4177520698583643
1457,1611,492,960,540,-651,48,-17.34375,-4.027078969784595
1458,1613,491,960,540,-653,49,-17.40625,-4.075419788849595
1459,1614,492,960,540,-654,48,-17.4375,-4.020945933094736
1460,1616,492,960,540,-656,48,-17.5,-4.117794780393768
1461,1618,493,960,540,-658,47,-17.5625,-4.042180217590195
1462,1614,495,960,540,-654,45,-17.4375,-3.988280142672528
1463,1601,506,960,540,-641,34,-17.03125,-3.508349463535683
1464,1591,515,960,540,-631,25,-16.71875,-3.1750161302023496
1465,1532,549,960,540,-572,-9,-14.875,-1.961487252391889
1466,1444,585,960,540,-484,-45,-12.125,-0.5853928049581452
1467,1380,594,960,540,-420,-54,-10.125,-0.1913578595519847
1468,1337,608,960,540,-377,-68,-8.78125,0.3391212124335312
1469,1323,619,960,540,-363,-79,-8.34375,0.7744670932317472
1470,1318,622,960,540,-358,-82,-8.1875,0.8884673781603527
1471,1317,624,960,540,-357,-84,-8.15625,0.8615746900196815
1472,1314,625,960,540,-354,-85,-8.0625,0.946460469756865
1473,1285,608,960,540,-325,-68,-7.15625,0.3203273269006641
1474,1240,589,960,540,-280,-49,-5.75,-0.46085778667849264
1475,1203,587,960,540,-243,-47,-4.59375,-0.5699658765999274
1476,1181,589,960,540,-221,-49,-3.90625,-0.487238798694263
1477,1179,590,960,540,-219,-50,-3.84375,-0.39277040037561495
1478,1180,591,960,540,-220,-51,-3.875,-0.38218128240105553
1479,1169,591,960,540,-209,-51,-3.53125,-0.3142208922751104
1480,1157,591,960,540,-197,-51,-3.15625,-0.2829108718624447
1481,1157,590,960,540,-197,-50,-3.15625,-0.30629846968453966
1482,1159,590,960,540,-199,-50,-3.21875,-0.25620077687450626
1483,1159,588,960,540,-199,-48,-3.21875,-0.30444957766592573
1484,1160,587,960,540,-200,-47,-3.25,-0.36940825148423007
1485,1159,586,960,540,-199,-46,-3.21875,-0.402636719182496
1486,1143,585,960,540,-183,-45,-2.71875,-0.4966986673732521
1487,1129,584,960,540,-169,-44,-2.28125,-0.5535020547453382
1488,1129,584,960,540,-169,-44,-2.28125,-0.5416157628669362
1489,1130,585,960,540,-170,-45,-2.3125,-0.5031131583700117
1490,1129,585,960,540,-169,-45,-2.28125,-0.5395155541804577
1491,1128,584,960,540,-168,-44,-2.25,-0.5667821602668639
1492,1128,584,960,540,-168,-44,-2.25,-0.5517269856673368
1493,1126,584,960,540,-166,-44,-2.1875,-0.6084922035648457
1494,1114,583,960,540,-154,-43,-1.8125,-0.6471645307484684
1495,1102,583,960,540,-142,-43,-1.4375,-0.7042867834705033
1496,1100,583,960,540,-140,-43,-1.375,-0.6410726236020605
1497,1100,583,960,540,-140,-43,-1.375,-0.6670091342127278
1498,1100,582,960,540,-140,-42,-1.375,-0.7029899592549382
1499,1101,588,960,540,-141,-48,-1.40625,-0.49392853943952053
1500,1102,595,960,540,-142,-55,-1.4375,-0.2869507388252348
1501,1102,595,960,540,-142,-55,-1.4375,-0.2780215131001702
1502,1102,595,960,540,-142,-55,-1.4375,-0.2550331917536668
1503,1101,596,960,540,-141,-56,-1.40625,-0.1702168775991284
1504,1101,593,960,540,-141,-53,-1.40625,-0.25471603891351835
1505,1101,587,960,540,-141,-47,-1.40625,-0.5432724318689617
1506,1102,583,960,540,-142,-43,-1.4375,-0.667671188650234
1507,1102,583,960,540,-142,-43,-1.4375,-0.6742278564966524
1508,1091,584,960,540,-131,-44,-1.09375,-0.6761498771762404
1509,1079,584,960,540,-119,-44,-0.71875,-0.6586325537153501
1510,1078,583,960,540,-118,-43,-0.6875,-0.681583868031781
1511,1078,583,960,540,-118,-43,-0.6875,-0.662801826187783
1512,1078,587,960,540,-118,-47,-0.6875,-0.532374061548486
1513,1078,594,960,540,-118,-54,-0.6875,-0.28183366125588094
1514,1078,595,960,540,-118,-55,-0.6875,-0.24703042655863872
1515,1077,596,960,540,-117,-56,-0.65625,-0.2173076670532783
1516,1077,597,960,540,-117,-57,-0.65625,-0.1802706300162411
1517,1077,597,960,540,-117,-57,-0.65625,-0.2270447747070179
1518,1077,597,960,540,-117,-57,-0.65625,-0.20071975654609853
1519,1077,597,960,540,-117,-57,-0.65625,-0.22999804238159038
1520,1077,597,960,540,-117,-57,-0.65625,-0.21666281382256347
1521,1076,597,960,540,-116,-57,-0.625,-0.14949276506581466
1522,1076,595,960,540,-116,-55,-0.625,-0.26267193989679605
1523,1076,592,960,540,-116,-52,-0.625,-0.36482334988357645
1524,1078,591,960,540,-118,-51,-0.6875,-0.40604679378087694
1525,1080,590,960,540,-120,-50,-0.75,-0.4066364842774206
1526,1083,588,960,540,-123,-48,-0.84375,-0.4847360905916749
1527,1085,585,960,540,-125,-45,-0.90625,-0.5791903372424119
1528,1086,583,960,540,-126,-43,-0.9375,-0.6734807948714399
1529,1087,581,960,540,-127,-41,-0.96875,-0.7056986261191589
1530,1088,582,960,540,-128,-42,-1.0,-0.6912599617028414
1531,1087,583,960,540,-127,-43,-0.96875,-0.6552096386261526
1532,1081,585,960,540,-121,-45,-0.78125,-0.5782678320860208
1533,1067,586,960,540,-107,-46,-0.34375,-0.5141607438501894
1534,1057,586,960,540,-97,-46,-0.03125,-0.5338694533994168
1535,1055,586,960,540,-95,-46,0.03125,-0.5575765198656417
1536,1052,586,960,540,-92,-46,0.125,-0.5684203749671122
1537,1047,586,960,540,-87,-46,0.28125,-0.5792119366681385
1538,1042,586,960,540,-82,-46,0.4375,-0.5797435660487777
1539,1038,586,960,540,-78,-46,0.5625,-0.5446005645626029
1540,1036,586,960,540,-76,-46,0.625,-0.5195496368554515
1541,1034,584,960,540,-74,-44,0.6875,-0.608960522711459
1542,1032,582,960,540,-72,-42,0.75,-0.6748570405808296
1543,1032,582,960,540,-72,-42,0.75,-0.6455371858327097
1544,1043,583,960,540,-83,-43,0.40625,-0.7833204413651971
1545,1056,583,960,540,-96,-43,0.0,-0.7658010699388931
1546,1057,584,960,540,-97,-44,-0.03125,-0.7268889987523093
1547,1056,592,960,540,-96,-52,0.0,-0.5001011170308767
1548,1055,604,960,540,-95,-64,0.03125,-0.009852514023646286
1549,1054,610,960,540,-94,-70,0.0625,0.18957236441390357
1550,1053,612,960,540,-93,-72,0.09375,0.2837605457430201
1551,1055,612,960,540,-95,-72,0.03125,0.26481655780158153
1552,1058,611,960,540,-98,-71,-0.0625,0.23937153052534255
1553,1060,607,960,540,-100,-67,-0.125,0.15610440600454334
1554,1063,601,960,540,-103,-61,-0.21875,-0.1649571985904119
1555,1067,598,960,540,-107,-58,-0.34375,-0.2890347736469878
1556,1072,599,960,540,-112,-59,-0.5,-0.2401296213599613
1557,1075,598,960,540,-115,-58,-0.59375,-0.25331086655980206
1558,1079,596,960,540,-119,-56,-0.71875,-0.2844583333030273
1559,1080,592,960,540,-120,-52,-0.75,-0.40008291522123707
1560,1081,589,960,540,-121,-49,-0.78125,-0.4981353169894225
1561,1081,588,960,540,-121,-48,-0.78125,-0.5368585352939781
1562,1077,587,960,540,-117,-47,-0.65625,-0.5837465433472595
1563,1069,587,960,540,-109,-47,-0.40625,-0.5827377273656118
1564,1062,587,960,540,-102,-47,-0.1875,-0.7328396693156043
1565,1059,588,960,540,-99,-48,-0.09375,-0.6376973479978671
1566,1059,588,960,540,-99,-48,-0.09375,-0.5913891591706881
1567,1058,593,960,540,-98,-53,-0.0625,-0.39822307596655593
1568,1057,600,960,540,-97,-60,-0.03125,-0.11851462300293392
1569,1058,602,960,540,-98,-62,-0.0625,0.020347626664931173
1570,1063,601,960,540,-103,-61,-0.21875,-0.0719975592120683
1571,1073,602,960,540,-113,-62,-0.53125,0.0028144071510616264
1572,1078,602,960,540,-118,-62,-0.6875,-0.020630543660878242
1573,1077,602,960,540,-117,-62,-0.65625,-0.03775401350415075
1574,1070,603,960,540,-110,-63,-0.4375,0.09245507407848352
1575,1060,603,960,540,-100,-63,-0.125,0.05023042370869879
1576,1048,605,960,540,-88,-65,0.25,0.20141141262786721
1577,1034,608,960,540,-74,-68,0.6875,0.2046143809659946
1578,1027,610,960,540,-67,-70,0.90625,0.32734966826472567
1579,1027,611,960,540,-67,-71,0.90625,0.3455977763543645
1580,1029,613,960,540,-69,-73,0.84375,0.3810173795859302
1581,1033,615,960,540,-73,-75,0.71875,0.4328456692837359
1582,1044,616,960,540,-84,-76,0.375,0.5081299404114392
1583,1062,615,960,540,-102,-75,-0.1875,0.4439189829671384
1584,1075,614,960,540,-115,-74,-0.59375,0.39000048967062817
1585,1083,613,960,540,-123,-73,-0.84375,0.3135752188268852
1586,1092,613,960,540,-132,-73,-1.125,0.2202537778099516
1587,1106,608,960,540,-146,-68,-1.5625,0.13233915272941355
1588,1122,601,960,540,-162,-61,-2.0625,-0.047767691514665866
1589,1135,601,960,540,-175,-61,-2.46875,-0.08681890564594408
1590,1146,604,960,540,-186,-64,-2.8125,-0.060092446402084665
1591,1153,605,960,540,-193,-65,-3.03125,0.014278761108506455
1592,1158,606,960,540,-198,-66,-3.1875,0.05131579814554321
1593,1166,605,960,540,-206,-65,-3.4375,0.07162018879323195
1594,1174,603,960,540,-214,-63,-3.6875,0.004011112801133088
1595,1161,601,960,540,-201,-61,-3.28125,-0.10907649752950821
1596,1143,601,960,540,-183,-61,-2.71875,-0.07541583472182367
1597,1140,603,960,540,-180,-63,-2.625,0.006211114210196822
1598,1140,603,960,540,-180,-63,-2.625,0.0435760146963573
1599,1138,602,960,540,-178,-62,-2.5625,-0.03600406294594638
1600,1131,603,960,540,-171,-63,-2.34375,0.012554908499716078
1601,1114,605,960,540,-154,-65,-1.8125,0.051266398834056925
1602,1098,607,960,540,-138,-67,-1.3125,0.1424308528881011
1603,1091,606,960,540,-131,-66,-1.09375,0.0834162337321902
1604,1081,605,960,540,-121,-65,-0.78125,0.02237314751924835
1605,1072,604,960,540,-112,-64,-0.5,0.026125421641715274
1606,1065,603,960,540,-105,-63,-0.28125,-0.011603906984668733
1607,1058,603,960,540,-98,-63,-0.0625,-0.07240313347665861
1608,1052,605,960,540,-92,-65,0.125,0.002122772093605896
1609,1047,608,960,540,-87,-68,0.28125,0.1239162163716494
1610,1042,609,960,540,-82,-69,0.4375,0.2036771770003165
1611,1042,610,960,540,-82,-70,0.4375,0.2110405003500424
1612,1049,611,960,540,-89,-71,0.21875,0.14021794363981277
1613,1056,610,960,540,-96,-70,0.0,0.09662604407699815
1614,1057,607,960,540,-97,-67,-0.03125,0.02028001142844893
1615,1054,603,960,540,-94,-63,0.0625,-0.11199826040495697
1616,1053,600,960,540,-93,-60,0.09375,-0.17349503155016555
1617,1054,597,960,540,-94,-57,0.0625,-0.2950462461087975
1618,1055,595,960,540,-95,-55,0.03125,-0.37660012924887987
1619,1056,593,960,540,-96,-53,0.0,-0.42221856627195065
1620,1057,591,960,540,-97,-51,-0.03125,-0.5357787231452162
1621,1059,589,960,540,-99,-49,-0.09375,-0.5318286002057462
1622,1063,589,960,540,-103,-49,-0.21875,-0.547641986533052
1623,1066,590,960,540,-106,-50,-0.3125,-0.5767853242600847
1624,1068,591,960,540,-108,-51,-0.375,-0.5514351241242466
1625,1069,590,960,540,-109,-50,-0.40625,-0.6211251883545676
1626,1069,596,960,540,-109,-56,-0.40625,-0.35438117867180363
1627,1071,602,960,540,-111,-62,-0.46875,-0.06525901166508064
1628,1075,602,960,540,-115,-62,-0.59375,-0.08183221659596596
1629,1078,601,960,540,-118,-61,-0.6875,-0.17614477450529664
1630,1082,599,960,540,-122,-59,-0.8125,-0.17951555840109945
1631,1086,596,960,540,-126,-56,-0.9375,-0.3196748817354158
1632,1087,594,960,540,-127,-54,-0.96875,-0.4303291781545413
1633,1076,592,960,540,-116,-52,-0.625,-0.5070753299385446
1634,1065,589,960,540,-105,-49,-0.28125,-0.5316453332340865
1635,1067,585,960,540,-107,-45,-0.34375,-0.7293347889382149
1636,1067,584,960,540,-107,-44,-0.34375,-0.7424649766228064
1637,1067,585,960,540,-107,-45,-0.34375,-0.7148987640742575
1638,1068,586,960,540,-108,-46,-0.375,-0.6750368897439336
1639,1069,587,960,540,-109,-47,-0.40625,-0.5723538284798353
1640,1073,587,960,540,-113,-47,-0.53125,-0.60472585231727
1641,1080,589,960,540,-120,-49,-0.75,-0.5698518872216531
1642,1085,592,960,540,-125,-52,-0.90625,-0.43183190137640337
1643,1089,593,960,540,-129,-53,-1.03125,-0.4127542135498743
1644,1093,593,960,540,-133,-53,-1.15625,-0.4214865395667533
1645,1096,594,960,540,-136,-54,-1.25,-0.3895155845209741
1646,1098,595,960,540,-138,-55,-1.3125,-0.35247854748393737
1647,1101,595,960,540,-141,-55,-1.40625,-0.3460791724594743
1648,1103,594,960,540,-143,-54,-1.46875,-0.385060747094248
1649,1090,594,960,540,-130,-54,-1.0625,-0.39081878120051794
1650,1079,594,960,540,-119,-54,-0.71875,-0.424328798558419
1651,1080,593,960,540,-120,-53,-0.75,-0.41202962222453277
1652,1078,592,960,540,-118,-52,-0.6875,-0.4523075752273129
1653,1078,591,960,540,-118,-51,-0.6875,-0.46869221308253506
1654,1078,591,960,540,-118,-51,-0.6875,-0.44945151694646057
1655,1079,592,960,540,-119,-52,-0.71875,-0.44091403004617535
1656,1080,594,960,540,-120,-54,-0.75,-0.3668399559721012
1657,1083,595,960,540,-123,-55,-0.84375,-0.3938696248815292
1658,1088,594,960,540,-128,-54,-1.0,-0.40130714563151315
1659,1091,594,960,540,-131,-54,-1.09375,-0.4094194812513994
1660,1094,593,960,540,-134,-53,-1.1875,-0.4476554461248692
1661,1098,593,960,540,-138,-53,-1.3125,-0.4950859025550818
1662,1103,596,960,540,-143,-56,-1.46875,-0.42115407673788186
1663,1105,596,960,540,-145,-56,-1.53125,-0.43217895945418805
1664,1106,596,960,540,-146,-56,-1.5625,-0.3692048819329248
1665,1104,596,960,540,-144,-56,-1.5,-0.3840517743996559
1666,1101,595,960,540,-141,-55,-1.40625,-0.4092999197918612
1667,1093,593,960,540,-133,-53,-1.15625,-0.49599522130894114
1668,1081,589,960,540,-121,-49,-0.78125,-0.6379878661183775
1669,1068,588,960,540,-108,-48,-0.375,-0.7642485476736565
1670,1055,587,960,540,-95,-47,0.03125,-0.8022405044569807
1671,1041,587,960,540,-81,-47,0.46875,-0.7873218534586475
1672,1020,586,960,540,-60,-46,1.125,-0.8738757639688095
1673,993,583,960,540,-33,-43,1.96875,-0.9971017826869599
1674,963,580,960,540,-3,-40,2.90625,-1.1316522191533238
1675,932,578,960,540,28,-38,3.875,-1.3097535853846032
1676,907,583,960,540,53,-43,4.65625,-1.0889670057352272
1677,886,589,960,540,74,-49,5.3125,-0.8536773464164849
1678,867,587,960,540,93,-47,5.90625,-1.017672509871838
1679,850,583,960,540,110,-43,6.4375,-1.1331789792252716
1680,837,580,960,540,123,-40,6.84375,-1.3997479372736583
1681,833,578,960,540,127,-38,6.96875,-1.478476110565171
1682,830,574,960,540,130,-34,7.0625,-1.7133323572604806
1683,820,569,960,540,140,-29,7.375,-1.9746702282366027
1684,798,564,960,540,162,-24,8.0625,-2.2522674115629795
1685,776,559,960,540,184,-19,8.75,-2.497448317490512
1686,776,548,960,540,184,-8,8.75,-3.2295275507272674
1687,779,533,960,540,181,7,8.65625,-3.8112488154067066
1688,769,519,960,540,191,21,8.96875,-4.475429261892868
1689,754,506,960,540,206,34,9.4375,-4.993280354244254
1690,726,505,960,540,234,35,10.3125,-5.303467669501394
1691,690,517,960,540,270,23,11.4375,-5.008704275523407
1692,658,530,960,540,302,10,12.4375,-4.527423951370809
1693,623,539,960,540,337,1,13.53125,-4.401136606148528
1694,585,546,960,540,375,-6,14.71875,-4.236051241005831
1695,547,558,960,540,413,-18,15.90625,-3.8246032060166093
1696,516,587,960,540,444,-47,16.875,-3.077500127164506
1697,497,647,960,540,463,-107,17.46875,-1.0517808528594932
1698,489,705,960,540,471,-165,17.71875,0.9049818364985853
1699,489,739,960,540,471,-199,17.71875,2.0098121000928275
1700,477,772,960,540,483,-232,18.09375,3.3106426412005057
1701,447,810,960,540,513,-270,19.03125,3.9440270084862163
1702,417,844,960,540,543,-304,19.96875,5.203286267745476
1703,390,897,960,540,570,-357,20.8125,6.810259555287018
1704,362,960,960,540,598,-420,21.6875,9.492090617762093
1705,341,1006,960,540,619,-466,22.34375,10.500959271340896
1706,331,1047,960,540,629,-507,22.65625,11.825385400133404
1707,353,1108,960,540,607,-568,21.96875,13.612174088784467
1708,374,1165,960,540,586,-625,21.3125,15.65064285368597
1709,382,1179,960,540,578,-639,21.0625,16.479190887334227
1710,1256,390,960,540,-296,150,-6.25,-6.9681577207947285
1711,1252,388,960,540,-292,152,-6.125,-7.133505318413703
1712,1245,385,960,540,-285,155,-5.90625,-7.220132810881977
1713,1230,387,960,540,-270,153,-5.4375,-7.252477223239125
1714,1207,390,960,540,-247,150,-4.71875,-7.1984422439555855
1715,1185,393,960,540,-225,147,-4.03125,-6.988865606295678
1716,1161,404,960,540,-201,136,-3.28125,-6.60980413611574
1717,1142,417,960,540,-182,123,-2.6875,-6.130653496392953
1718,1122,437,960,540,-162,103,-2.0625,-5.459773672127369
1719,1104,459,960,540,-144,81,-1.5,-4.7315923013894725
1720,1093,472,960,540,-133,68,-1.15625,-4.157473410472082
1721,1086,485,960,540,-126,55,-0.9375,-3.668403716414133
1722,1082,495,960,540,-122,45,-0.8125,-3.3055596159544733
1723,1080,497,960,540,-120,43,-0.75,-3.2166921932088295
1724,1078,498,960,540,-118,42,-0.6875,-3.2093503638523724
1725,1076,498,960,540,-116,42,-0.625,-3.2180682255261064
1726,1075,497,960,540,-115,43,-0.59375,-3.2392492862017748
1727,1073,498,960,540,-113,42,-0.53125,-3.185705193251162
1728,1072,513,960,540,-112,27,-0.5,-2.603788490738295
1729,1073,528,960,540,-113,12,-0.53125,-2.09528233782471
1730,1073,531,960,540,-113,9,-0.53125,-1.9821067640608014
1731,1071,533,960,540,-111,7,-0.46875,-1.8660793129491104
1732,1073,536,960,540,-113,4,-0.53125,-1.7531460988526713
1733,1074,539,960,540,-114,1,-0.5625,-1.6052979822589728
1734,1068,545,960,540,-108,-5,-0.375,-1.2569617465883114
1735,1063,549,960,540,-103,-9,-0.21875,-1.1088135984401633
1736,1065,553,960,540,-105,-13,-0.28125,-1.130669128392169
1737,1069,557,960,540,-109,-17,-0.40625,-0.9825209802440209
1738,1076,559,960,540,-116,-19,-0.625,-0.9036759636602925
1739,1084,562,960,540,-124,-22,-0.875,-0.7176852585489334
1740,1092,566,960,540,-132,-26,-1.125,-0.5544991451416249
1741,1099,571,960,540,-139,-31,-1.34375,-0.2887533514675047
1742,1101,570,960,540,-141,-30,-1.40625,-0.46101298164090676
1743,1100,564,960,540,-140,-24,-1.375,-0.5074551776392218
1744,1098,561,960,540,-138,-21,-1.3125,-0.6809896100860449
1745,1094,560,960,540,-134,-20,-1.1875,-0.5001293983512052
1746,1084,559,960,540,-124,-19,-0.875,-0.5467065264796773
1747,1068,558,960,540,-108,-18,-0.375,-0.57925059475341
1748,1057,558,960,540,-97,-18,-0.03125,-0.5809072192069907
1749,1058,557,960,540,-98,-17,-0.0625,-0.6974174958445059
1750,1062,551,960,540,-102,-11,-0.1875,-0.99669875645507
1751,1060,550,960,540,-100,-10,-0.125,-0.9324960785889959
1752,1063,555,960,540,-103,-15,-0.21875,-0.7250284006013206
1753,1075,554,960,540,-115,-14,-0.59375,-0.8966837722614655
1754,1082,549,960,540,-122,-9,-0.8125,-1.1034932113491938
1755,1083,546,960,540,-123,-6,-0.84375,-1.272070638029799
1756,1084,555,960,540,-124,-15,-0.875,-1.0497352529346817
1757,1089,564,960,540,-129,-24,-1.03125,-0.9110376149146424
1758,1092,564,960,540,-132,-24,-1.125,-0.6896138283121482
1759,1091,571,960,540,-131,-31,-1.09375,-0.14603562640592616
1760,1082,579,960,540,-122,-39,-0.8125,0.20212733912048564
1761,1061,585,960,540,-101,-45,-0.15625,0.4152085004774184
1762,1050,587,960,540,-90,-47,0.1875,0.4892825745514926
1763,1052,588,960,540,-92,-48,0.125,0.47953819095174044
1764,1055,584,960,540,-95,-44,0.03125,-0.449359387570168
1765,1056,581,960,540,-96,-41,0.0,-0.8911718098478694
1766,1045,586,960,540,-85,-46,0.34375,-0.7070376410178851
1767,1024,600,960,540,-64,-60,1.0,-0.3127404090596584
1768,1004,610,960,540,-44,-70,1.625,0.01990336307916518
1769,985,617,960,540,-25,-77,2.21875,0.2529881370680771
1770,964,625,960,540,-4,-85,2.875,0.5446526650423524
1771,935,639,960,540,25,-99,3.78125,0.9424900901147892
1772,912,653,960,540,48,-113,4.5,1.480651829083019
1773,901,664,960,540,59,-124,4.84375,1.9211347820143336
1774,890,675,960,540,70,-135,5.1875,2.2302011214535127
1775,883,685,960,540,77,-145,5.40625,2.6605405092825047
1776,884,687,960,540,76,-147,5.375,2.7481069488618206
1777,879,687,960,540,81,-147,5.53125,2.791064582945829
1778,870,692,960,540,90,-152,5.8125,3.2101164207921844
1779,879,679,960,540,81,-139,5.53125,2.835515118150989
1780,890,665,960,540,70,-125,5.1875,2.316996599632471
1781,898,662,960,540,62,-122,4.9375,2.1261529227699616
1782,908,657,960,540,52,-117,4.625,1.9409677375847765
1783,908,653,960,540,52,-113,4.625,1.841409615001285
1784,924,636,960,540,36,-96,4.125,1.4554656029849697
1785,946,624,960,540,14,-84,3.4375,0.8308365998302087
1786,954,626,960,540,6,-86,3.1875,0.9552586045034097
1787,955,628,960,540,5,-88,3.15625,1.0612927356527626
1788,958,628,960,540,2,-88,3.0625,1.045851240136341
1789,967,626,960,540,-7,-86,2.78125,1.0013832319557605
1790,976,624,960,540,-16,-84,2.5,1.1412509906571333
1791,982,621,960,540,-22,-81,2.3125,1.1273938514083583
1792,984,618,960,540,-24,-78,2.25,0.8857742966532531
1793,984,617,960,540,-24,-77,2.25,0.8264692677090131
1794,988,616,960,540,-28,-76,2.125,1.0123095078288948
1795,992,616,960,540,-32,-76,2.0,0.991510348932388
1796,993,617,960,540,-33,-77,1.96875,1.0127519172396726
1797,992,618,960,540,-32,-78,2.0,0.991780196007795
1798,909,734,960,540,51,-194,4.59375,1.9445911870743249
1799,896,736,960,540,64,-196,5.0,2.183418205291117
1800,872,747,960,540,88,-207,5.75,2.5170883797047603
1801,839,765,960,540,121,-225,6.78125,3.2439985782129934
1802,790,793,960,540,170,-253,8.3125,4.783918836662411
1803,739,829,960,540,221,-289,9.90625,5.61101421412505
1804,703,853,960,540,257,-313,11.03125,6.7246471540583
1805,677,877,960,540,283,-337,11.84375,7.053057845020638
1806,658,909,960,540,302,-369,12.4375,7.657343819052456
1807,644,936,960,540,316,-396,12.875,8.723841033670016
1808,644,952,960,540,316,-412,12.875,8.763804633074788
1809,654,955,960,540,306,-415,12.5625,9.143887254576573
1810,670,960,960,540,290,-420,12.0625,10.31621983983339
1811,675,972,960,540,285,-432,11.90625,10.525752552168989
1812,680,956,960,540,280,-416,11.75,11.089732674599166
1813,718,936,960,540,242,-396,10.5625,9.533699224151317
1814,750,933,960,540,210,-393,9.5625,10.280688899426579
1815,745,911,960,540,215,-371,9.71875,9.977733889732194
1816,735,879,960,540,225,-339,10.03125,8.154077611779634
1817,743,852,960,540,217,-312,9.78125,6.630995469172392
1818,752,829,960,540,208,-289,9.5,5.6207984498551715
1819,762,818,960,540,198,-278,9.1875,4.8700996150169615
1820,782,816,960,540,178,-276,8.5625,4.597633608103083
1821,795,819,960,540,165,-279,8.15625,4.708744719214193
1822,829,819,960,540,131,-279,7.09375,4.864555147032811
1823,883,819,960,540,77,-279,5.40625,4.823159837390228
1824,923,821,960,540,37,-281,4.15625,5.260009942941709
1825,946,810,960,540,14,-270,3.4375,4.990158897308389
1826,949,800,960,540,11,-260,3.34375,4.474865837599021
1827,951,802,960,540,9,-262,3.28125,4.510654041375814
1828,967,801,960,540,-7,-261,2.78125,4.406113475920251
1829,993,784,960,540,-33,-244,1.96875,3.9602828321591446
1830,1007,770,960,540,-47,-230,1.53125,3.455658338959201
1831,1010,773,960,540,-50,-233,1.4375,3.5983967162585992
1832,1011,777,960,540,-51,-237,1.40625,3.8879287208916224
1833,1009,775,960,540,-49,-235,1.46875,3.786311336490491
1834,1012,761,960,540,-52,-221,1.375,3.540366589937541
1835,1018,747,960,540,-58,-207,1.1875,2.6007001162683565
1836,1021,741,960,540,-61,-201,1.09375,2.3721418948755684
1837,1019,736,960,540,-59,-196,1.15625,2.249158797379783
1838,1008,725,960,540,-48,-185,1.5,1.385944915639822
1839,1001,720,960,540,-41,-180,1.71875,1.1078480546992955
1840,1015,720,960,540,-55,-180,1.28125,1.4785075753999388
1841,1026,718,960,540,-66,-178,0.9375,1.569778155938736
1842,1029,717,960,540,-69,-177,0.84375,1.2289641163408174
1843,1032,711,960,540,-72,-171,0.75,1.096616553411824
1844,1035,706,960,540,-75,-166,0.65625,0.8648361575400818
1845,1037,704,960,540,-77,-164,0.59375,0.9784700510536428
1846,1036,704,960,540,-76,-164,0.625,0.7490766071971278
1847,1034,706,960,540,-74,-166,0.6875,0.9260343046489172
1848,1037,702,960,540,-77,-162,0.59375,0.9930746555099912
1849,1043,702,960,540,-83,-162,0.40625,0.9025022606198521
1850,1048,704,960,540,-88,-164,0.25,1.2014883768846278
1851,1058,698,960,540,-98,-158,-0.0625,0.9485888074792665
1852,1075,685,960,540,-115,-145,-0.59375,0.12352120104725994
1853,1094,667,960,540,-134,-127,-1.1875,-0.4207561315091066
1854,1111,644,960,540,-151,-104,-1.71875,-1.213689336409964
1855,1132,614,960,540,-172,-74,-2.375,-2.4661267998314482
1856,1149,587,960,540,-189,-47,-2.90625,-3.4661267998314482
1857,1170,563,960,540,-210,-23,-3.5625,-4.468120640213286
1858,1206,518,960,540,-246,22,-4.6875,-6.060411429875941
1859,1246,472,960,540,-286,68,-5.9375,-7.93873682472397
1860,1288,437,960,540,-328,103,-7.25,-9.168603676574302
1861,1333,397,960,540,-373,143,-8.65625,-10.744890559940718
1862,1376,362,960,540,-416,178,-10.0,-12.17690323925428
1863,1412,349,960,540,-452,191,-11.125,-12.451290715965273
1864,1453,334,960,540,-493,206,-12.40625,-12.990391884374658
1865,1482,318,960,540,-522,222,-13.3125,-13.582984476967251
1866,1526,281,960,540,-566,259,-14.6875,-14.76280675551725
1867,1581,244,960,540,-621,296,-16.40625,-15.91525091612657
1868,1611,232,960,540,-651,308,-17.34375,-16.24600561612401
1869,1629,226,960,540,-669,314,-17.90625,-16.28762002160513
1870,1642,220,960,540,-682,320,-18.3125,-16.257583787185784
1871,1657,205,960,540,-697,335,-18.78125,-17.01211700522348
1872,1679,187,960,540,-719,353,-19.46875,-17.541833719194386
1873,1730,162,960,540,-770,378,-21.0625,-18.2427993033656
1874,1790,142,960,540,-830,398,-22.9375,-18.81695985324962
1875,1822,141,960,540,-862,399,-23.9375,-18.89770078374729
1876,1826,172,960,540,-866,368,-24.0625,-17.677861814068095
1877,1817,216,960,540,-857,324,-23.78125,-15.850488661890882
1878,1812,237,960,540,-852,303,-23.625,-15.131447454455877
1879,1809,253,960,540,-849,287,-23.53125,-14.250238454242002
1880,1811,261,960,540,-851,279,-23.59375,-13.881920561868677
1881,1838,258,960,540,-878,282,-24.4375,-13.869396776093176
1882,1880,249,960,540,-920,291,-25.75,-14.275650564201458
1883,1906,260,960,540,-946,280,-26.5625,-13.611981869089147
1884,1914,294,960,540,-954,246,-26.8125,-12.300560072953434
1885,1913,334,960,540,-953,206,-26.78125,-11.179339432050032
1886,1885,409,960,540,-925,131,-25.90625,-8.085514827181013
1887,1841,487,960,540,-881,53,-24.53125,-5.15839739248123
1888,1812,527,960,540,-852,13,-23.625,-3.5283544134079583
1889,1788,559,960,540,-828,-19,-22.875,-2.182986798379707
1890,1783,579,960,540,-823,-39,-22.71875,-1.4867945879783278
1891,1794,586,960,540,-834,-46,-23.0625,-1.2275353287190685
1892,1804,602,960,540,-844,-62,-23.375,-0.679157530172553
1893,1819,630,960,540,-859,-90,-23.84375,0.3873135164846313
1894,1837,662,960,540,-877,-122,-24.40625,1.7302936540473546
1895,1862,695,960,540,-902,-155,-25.1875,2.8901275454541597
1896,1884,709,960,540,-924,-169,-25.875,3.4166472641010897
1897,1885,712,960,540,-925,-172,-25.90625,3.616903991939845
1898,1864,718,960,540,-904,-178,-25.25,3.9675758299169046
1899,1828,727,960,540,-868,-187,-24.125,4.242575364801495
1900,1783,737,960,540,-823,-197,-22.71875,4.610396521687618
1901,1724,749,960,540,-764,-209,-20.875,5.048145261921077
1902,1655,760,960,540,-695,-220,-18.71875,5.554991161757078
1903,1617,764,960,540,-657,-224,-17.53125,5.703139309905227
1904,1543,734,960,540,-583,-194,-15.21875,4.733306533096956
1905,1455,698,960,540,-495,-158,-12.46875,3.3779529214140385
1906,1430,694,960,540,-470,-154,-11.6875,3.2444264121010247
1907,1414,695,960,540,-454,-155,-11.1875,3.308301769390453
1908,1400,697,960,540,-440,-157,-10.75,3.4432292217507503
1909,1368,688,960,540,-408,-148,-9.75,3.185491815398325
1910,1319,665,960,540,-359,-125,-8.21875,2.2975522003777127
1911,1268,636,960,540,-308,-96,-6.625,1.3478384697675674
1912,1212,606,960,540,-252,-66,-4.875,0.27066960200370316
1913,1181,592,960,540,-221,-52,-3.90625,-0.24784891651481522
1914,1077,579,960,540,-117,-39,-0.65625,-0.8011797880040545
1915,942,567,960,540,18,-27,3.5625,-1.1450581242790565
1916,877,568,960,540,83,-28,5.59375,-1.1162559635927571
1917,831,570,960,540,129,-30,7.03125,-1.0656048482874092
1918,814,574,960,540,146,-34,7.5625,-0.9436659217523782
1919,810,577,960,540,150,-37,7.6875,-0.812341552492589
1920,820,586,960,540,140,-46,7.375,-0.520812060045504
1921,834,605,960,540,126,-65,6.9375,0.23389704079147133
1922,844,620,960,540,116,-80,6.625,0.8049449754045144
1923,847,628,960,540,113,-88,6.53125,1.0720653523158363
1924,864,631,960,540,96,-91,6.0,1.2231211221281488
1925,883,633,960,540,77,-93,5.40625,1.2971951962022228
1926,888,635,960,540,72,-95,5.25,1.3540507621380997
1927,895,636,960,540,65,-96,5.03125,1.3619186361994977
1928,903,636,960,540,57,-96,4.78125,1.4262087488145436
1929,922,637,960,540,38,-97,4.1875,1.435342234203485
1930,947,639,960,540,13,-99,3.40625,1.5005633421918838
1931,971,641,960,540,-11,-101,2.65625,1.5384498481790514
1932,984,643,960,540,-24,-103,2.25,1.6127655298095886
1933,985,641,960,540,-25,-101,2.21875,1.5870952180829674
1934,985,634,960,540,-25,-94,2.21875,1.3287507291859857
1935,985,628,960,540,-25,-88,2.21875,1.0573539884924243
1936,988,628,960,540,-28,-88,2.125,1.1043624236366698
1937,996,621,960,540,-36,-81,1.875,0.8742397289172796
1938,1011,607,960,540,-51,-67,1.40625,0.315666540565648
1939,1020,600,960,540,-60,-60,1.125,0.07815431992695432
1940,1021,601,960,540,-61,-61,1.09375,0.10306548725357922
1941,1021,602,960,540,-61,-62,1.09375,0.13774208742219463
1942,1021,604,960,540,-61,-64,1.09375,0.2028604610678575
1943,1021,604,960,540,-61,-64,1.09375,0.20297216719015898
1944,1020,603,960,540,-60,-63,1.125,0.170818472141665
1945,1020,603,960,540,-60,-63,1.125,0.14890023868338398
1946,1020,603,960,540,-60,-63,1.125,0.13887382357916822
1947,1019,604,960,540,-59,-64,1.15625,0.15400453910916578
1948,1020,606,960,540,-60,-66,1.125,0.2137764933194135
1949,1019,608,960,540,-59,-68,1.15625,0.28600792775388273
1950,1018,608,960,540,-58,-68,1.1875,0.28600792775388273
1951,1018,608,960,540,-58,-68,1.1875,0.28846359993271076
1952,1018,608,960,540,-58,-68,1.1875,0.27018538019971894
1953,1019,608,960,540,-59,-68,1.15625,0.24268828226988282
1954,1028,608,960,540,-68,-68,0.875,0.23087598636851414
1955,1038,609,960,540,-78,-69,0.5625,0.23284041993260907
1956,1041,612,960,540,-81,-72,0.46875,0.3741966897611202
1957,1039,615,960,540,-79,-75,0.53125,0.5569883190387865
1958,1037,616,960,540,-77,-76,0.59375,0.5781918687876408
1959,1036,617,960,540,-76,-77,0.625,0.6082845386323115
1960,1036,619,960,540,-76,-79,0.625,0.6823586127063854
1961,1026,619,960,540,-66,-79,0.9375,0.685067433380226
1962,1010,620,960,540,-50,-80,1.4375,0.6718147984688851
1963,1003,621,960,540,-43,-81,1.65625,0.7066921372984782
1964,1008,622,960,540,-48,-82,1.5,0.7381212539152395
1965,1021,621,960,540,-61,-81,1.09375,0.7578392946019479
1966,1029,622,960,540,-69,-82,0.84375,0.814793024500196
1967,1032,623,960,540,-72,-83,0.75,0.8515261324217307
1968,1034,623,960,540,-74,-83,0.6875,0.819521043370746
1969,1046,623,960,540,-86,-83,0.3125,0.8178092443821083
1970,1059,624,960,540,-99,-84,-0.09375,0.8289418149140158
1971,1058,624,960,540,-98,-84,-0.0625,0.8421658432495112
1972,1051,615,960,540,-91,-75,0.15625,0.5266354069747057
1973,1041,603,960,540,-81,-63,0.46875,0.1022426905248448
1974,1036,597,960,540,-76,-57,0.625,-0.16229062849391918
1975,1035,595,960,540,-75,-55,0.65625,-0.21986868598097908
1976,1036,594,960,540,-76,-54,0.625,-0.2218484100047271
1977,1036,592,960,540,-76,-52,0.625,-0.2546994620320515
1978,1038,588,960,540,-78,-48,0.5625,-0.415586686428413
1979,1049,586,960,540,-89,-46,0.21875,-0.4516131848963476
1980,1061,585,960,540,-101,-45,-0.15625,-0.49094268543875685
1981,1063,585,960,540,-103,-45,-0.21875,-0.47162995843254807
1982,1062,586,960,540,-102,-46,-0.1875,-0.46171535132337693
1983,1054,587,960,540,-94,-47,0.0625,-0.4872274460885746
1984,1042,587,960,540,-82,-47,0.4375,-0.4533257641976751
1985,1035,588,960,540,-75,-48,0.65625,-0.41978840516394156
1986,1034,587,960,540,-74,-47,0.6875,-0.463281969270543
1987,1034,587,960,540,-74,-47,0.6875,-0.47264495173836996
1988,1034,586,960,540,-74,-46,0.6875,-0.4668638650225194
1989,1037,586,960,540,-77,-46,0.59375,-0.5275672877094912
1990,1046,586,960,540,-86,-46,0.3125,-0.5056893533593918
1991,1057,586,960,540,-97,-46,-0.03125,-0.525318707836326
1992,1064,585,960,540,-104,-45,-0.25,-0.5719712774280459
1993,1065,584,960,540,-105,-44,-0.28125,-0.5642089350065864
1994,1065,586,960,540,-105,-46,-0.28125,-0.5752469954581905
1995,1066,591,960,540,-106,-51,-0.3125,-0.36643267049331474
1996,1068,596,960,540,-108,-56,-0.375,-0.19161252505263526
1997,1070,595,960,540,-110,-55,-0.4375,-0.25608640919669146
1998,1073,594,960,540,-113,-54,-0.53125,-0.2680543310053016
1999,1077,594,960,540,-117,-54,-0.65625,-0.2944120069226632
2000,1079,595,960,540,-119,-55,-0.71875,-0.2571312128868941
2001,1082,593,960,540,-122,-53,-0.8125,-0.3369544013646606
2002,1078,590,960,540,-118,-50,-0.6875,-0.3995471240344215
2003,1069,586,960,540,-109,-46,-0.40625,-0.4981716363971769
2004,1064,583,960,540,-104,-43,-0.25,-0.5980329684023102
2005,1065,583,960,540,-105,-43,-0.28125,-0.5980329684023102
2006,1066,581,960,540,-106,-41,-0.3125,-0.6757415702075897
2007,1067,579,960,540,-107,-39,-0.34375,-0.7285723368890189
2008,1068,578,960,540,-108,-38,-0.375,-0.767031657560397
2009,1070,578,960,540,-110,-38,-0.4375,-0.79835934417126
2010,1072,576,960,540,-112,-36,-0.5,-0.8219331334156539
2011,1075,574,960,540,-115,-34,-0.59375,-0.8645274713574573
2012,1078,570,960,540,-118,-30,-0.6875,-1.0112435215768332
2013,1079,568,960,540,-119,-28,-0.71875,-1.0619400478276162
2014,1081,566,960,540,-121,-26,-0.78125,-1.1570108296906394
2015,1081,565,960,540,-121,-25,-0.78125,-1.1719791923501475
2016,1082,565,960,540,-122,-25,-0.8125,-1.1411217193707086
2017,1083,567,960,540,-123,-27,-0.84375,-1.097903161351074
2018,1084,574,960,540,-124,-34,-0.875,-0.8103134771631848
2019,1084,586,960,540,-124,-46,-0.875,-0.41943247558119534
2020,1085,592,960,540,-125,-52,-0.90625,-0.2184901699413777
2021,1085,594,960,540,-125,-54,-0.90625,-0.1446878908983389
2022,1086,594,960,540,-126,-54,-0.9375,-0.13997985074350572
2023,1082,594,960,540,-122,-54,-0.8125,-0.09211632353657961
2024,1073,588,960,540,-113,-48,-0.53125,-0.2073165964956345
2025,1062,579,960,540,-102,-39,-0.1875,-0.571725474632643
2026,1059,575,960,540,-99,-35,-0.09375,-0.754454079280134
2027,1061,573,960,540,-101,-33,-0.15625,-0.8036975676960345
2028,1065,572,960,540,-105,-32,-0.28125,-0.8279345256737054
2029,1073,573,960,540,-113,-33,-0.53125,-0.792450909158908
2030,1089,581,960,540,-129,-41,-1.03125,-0.4845676017509193
2031,1102,588,960,540,-142,-48,-1.4375,-0.21356068506150994
2032,1104,587,960,540,-144,-47,-1.5,-0.22555194351557417
2033,1100,588,960,540,-140,-48,-1.375,-0.16820646107074255
2034,1090,589,960,540,-130,-49,-1.0625,-0.1559016578372323
2035,1081,588,960,540,-121,-48,-0.78125,-0.17510414275937092
2036,1078,587,960,540,-118,-47,-0.6875,-0.18744594764960554
2037,1079,587,960,540,-119,-47,-0.71875,-0.18153450294768314
2038,1079,586,960,540,-119,-46,-0.71875,-0.23510955749685603
2039,1079,587,960,540,-119,-47,-0.71875,-0.19104160070184895
2040,1080,587,960,540,-120,-47,-0.75,-0.20207908752161674
2041,1080,587,960,540,-120,-47,-0.75,-0.2507813363661635
2042,1080,587,960,540,-120,-47,-0.75,-0.2739186111934868
2043,1080,589,960,540,-120,-49,-0.75,-0.20773112371297242
2044,1080,590,960,540,-120,-50,-0.75,-0.19240099421788504
2045,1079,588,960,540,-119,-48,-0.71875,-0.1854862572260909
2046,1078,587,960,540,-118,-47,-0.6875,-0.18664529035482036
2047,1073,587,960,540,-113,-47,-0.53125,-0.22151448782866745
2048,1058,588,960,540,-98,-48,-0.0625,-0.26867619187504754
2049,1048,589,960,540,-88,-49,0.25,-0.23163915483801056
2050,1047,590,960,540,-87,-50,0.28125,-0.1853087323463507
2051,1046,589,960,540,-86,-49,0.3125,-0.23143560428517707
2052,1054,587,960,540,-94,-47,0.0625,-0.24965172314931605
2053,1066,585,960,540,-106,-45,-0.3125,-0.32763188154897604
2054,1070,583,960,540,-110,-43,-0.4375,-0.3841829054752588
2055,1070,584,960,540,-110,-44,-0.4375,-0.37732238235280247
2056,1069,585,960,540,-109,-45,-0.40625,-0.2932470218969925
2057,1068,585,960,540,-108,-45,-0.375,-0.3048663474348825
2058,1067,585,960,540,-107,-45,-0.34375,-0.33197706000624394
2059,1065,586,960,540,-105,-46,-0.28125,-0.30813271941231024
2060,1064,586,960,540,-104,-46,-0.25,-0.2918499027686552
2061,1063,586,960,540,-103,-46,-0.21875,-0.2884339109320133
2062,1062,587,960,540,-102,-47,-0.1875,-0.2658887932809082
2063,1062,588,960,540,-102,-48,-0.1875,-0.2386502538281059
2064,1060,588,960,540,-100,-48,-0.125,-0.21919779875953638
2065,1059,588,960,540,-99,-48,-0.09375,-0.23334881270440055
2066,1058,588,960,540,-98,-48,-0.0625,-0.21328989770233941
2067,1057,589,960,540,-97,-49,-0.03125,-0.1885110569311419
2068,1056,588,960,540,-96,-48,0.0,-0.22613951054742332
2069,1055,588,960,540,-95,-48,0.03125,-0.24718690593916026
2070,1055,587,960,540,-95,-47,0.03125,-0.2801515556708123
2071,1055,587,960,540,-95,-47,0.03125,-0.25937602662582093
2072,1056,587,960,540,-96,-47,0.0,-0.2573211125042969
2073,1056,588,960,540,-96,-48,0.0,-0.2692656832866347
2074,1055,589,960,540,-95,-49,0.03125,-0.24219055473970275
2075,1055,588,960,540,-95,-48,0.03125,-0.2824383725597803
2076,1055,588,960,540,-95,-48,0.03125,-0.2685237873204511
2077,1054,588,960,540,-94,-48,0.0625,-0.21654042910921545
2078,1053,588,960,540,-93,-48,0.09375,-0.2683947083828251
2079,1053,589,960,540,-93,-49,0.09375,-0.2231448908255207
2080,1053,590,960,540,-93,-50,0.09375,-0.21418825096948124
2081,1053,590,960,540,-93,-50,0.09375,-0.1787753754283785
2082,1053,590,960,540,-93,-50,0.09375,-0.1787753754283785
2083,1052,590,960,540,-92,-50,0.125,-0.16588152370577136
2084,1051,589,960,540,-91,-49,0.15625,-0.19308100960630026
2085,1051,589,960,540,-91,-49,0.15625,-0.1994358109952381
2086,1051,589,960,540,-91,-49,0.15625,-0.19300856019674106
2087,1051,589,960,540,-91,-49,0.15625,-0.19508793024585702
2088,1051,590,960,540,-91,-50,0.15625,-0.12846744643709362
2089,1051,590,960,540,-91,-50,0.15625,-0.135182119322226
2090,1051,590,960,540,-91,-50,0.15625,-0.203740753344134
2091,1051,591,960,540,-91,-51,0.15625,-0.16372407930466126
2092,1051,591,960,540,-91,-51,0.15625,-0.13819041358464368
2093,1051,590,960,540,-91,-50,0.15625,-0.18698211410378418
2094,1051,591,960,540,-91,-51,0.15625,-0.14994507706674698
2095,1051,591,960,540,-91,-51,0.15625,-0.13666279222213795
2096,1051,592,960,540,-91,-52,0.15625,-0.08323164246723036
2097,1051,592,960,540,-91,-52,0.15625,-0.0958075264151057
2098,1051,592,960,540,-91,-52,0.15625,-0.08735327074545318
2099,1051,593,960,540,-91,-53,0.15625,-0.05255629445071319
2100,1051,593,960,540,-91,-53,0.15625,-0.057575624946345716
2101,1052,593,960,540,-92,-53,0.125,-0.0684840711810244
2102,1052,593,960,540,-92,-53,0.125,-0.05736780239627892
2103,1051,593,960,540,-91,-53,0.15625,-0.07479410151002464
2104,1051,592,960,540,-91,-52,0.15625,-0.10785263184804239
2105,1051,592,960,540,-91,-52,0.15625,-0.11602246822066253
2106,1051,593,960,540,-91,-53,0.15625,-0.0662858874664134
2107,1052,593,960,540,-92,-53,0.125,-0.05714935576030955
2108,1051,593,960,540,-91,-53,0.15625,-0.0593238277906325
2109,1051,593,960,540,-91,-53,0.15625,-0.05932533717269184
2110,1052,593,960,540,-92,-53,0.125,-0.06919910261808049
2111,1051,593,960,540,-91,-53,0.15625,-0.05153884930104091
2112,1051,593,960,540,-91,-53,0.15625,-0.06780146439039658
2113,1051,593,960,540,-91,-53,0.15625,-0.032650861250354435
2114,1051,593,960,540,-91,-53,0.15625,-0.05108847433500596
2115,1051,594,960,540,-91,-54,0.15625,0.014319614087829668
2116,1050,594,960,540,-90,-54,0.1875,-0.003781425047131748
2117,1050,594,960,540,-90,-54,0.1875,0.022076898881968177
2118,1049,594,960,540,-89,-54,0.21875,0.023002723752924226
2119,1048,593,960,540,-88,-53,0.25,0.02693121987127922
2120,1048,593,960,540,-88,-53,0.25,0.016882191387609602
2121,1048,593,960,540,-88,-53,0.25,0.03655435397153006
2122,1048,593,960,540,-88,-53,0.25,0.013338766561242998
2123,1047,594,960,540,-87,-54,0.28125,0.05431900738025508
2124,1047,595,960,540,-87,-55,0.28125,0.05521812723852215
2125,1047,596,960,540,-87,-56,0.28125,0.054278814772384276
2126,1048,597,960,540,-88,-57,0.25,0.0052666243890127085
2127,1049,598,960,540,-89,-58,0.21875,0.0398825562666314
2128,1050,598,960,540,-90,-58,0.1875,0.048493119067563484
2129,1050,597,960,540,-90,-57,0.1875,0.046441240661942995
2130,1050,595,960,540,-90,-55,0.1875,0.0013295869271678917
2131,1050,594,960,540,-90,-54,0.1875,-0.035707450109868866
2132,1049,593,960,540,-89,-53,0.21875,-0.0240697937241654
2133,1048,594,960,540,-88,-54,0.25,0.024676894213571998
2134,1047,595,960,540,-87,-55,0.28125,0.024486659347829676
2135,1048,596,960,540,-88,-56,0.25,0.06833893336443753
2136,1048,595,960,540,-88,-55,0.25,0.05574441334711833
2137,1048,594,960,540,-88,-54,0.25,0.018663876884577046
2138,1048,594,960,540,-88,-54,0.25,-0.01124276141457603
2139,1048,594,960,540,-88,-54,0.25,0.013828487324068384
2140,1048,594,960,540,-88,-54,0.25,0.013828487324068384
2141,1047,594,960,540,-87,-54,0.28125,0.02567468546327145
2142,1047,595,960,540,-87,-55,0.28125,0.042777001758597555
2143,1047,596,960,540,-87,-56,0.28125,0.03436795935945636
2144,1046,597,960,540,-86,-57,0.3125,0.14624767187664323
2145,1045,595,960,540,-85,-55,0.34375,0.06933379807322937
2146,1046,595,960,540,-86,-55,0.3125,0.09013867985664947
2147,1046,595,960,540,-86,-55,0.3125,0.09974080910571126
2148,1047,595,960,540,-87,-55,0.28125,0.08904478681352002
2149,1048,596,960,540,-88,-56,0.25,0.09593557288563437
2150,1049,596,960,540,-89,-56,0.21875,0.07099342463855463
2151,1051,595,960,540,-91,-55,0.15625,0.031163484586898438
2152,1052,594,960,540,-92,-54,0.125,0.0002152210837480517
2153,1053,594,960,540,-93,-54,0.09375,-0.003930040878882934
2154,1053,593,960,540,-93,-53,0.09375,-0.026536696587627473
2155,1053,592,960,540,-93,-52,0.09375,-0.053229755951471835
2156,1053,592,960,540,-93,-52,0.09375,-0.060691486994234545
2157,1053,592,960,540,-93,-52,0.09375,-0.06260628832557158
2158,1054,594,960,540,-94,-54,0.0625,-0.00610921746278148
2159,1055,594,960,540,-95,-54,0.03125,-0.01731279299182331
2160,1055,595,960,540,-95,-55,0.03125,0.018086283841787676
2161,1055,595,960,540,-95,-55,0.03125,0.03687255373489995
2162,1055,593,960,540,-95,-53,0.03125,-0.08234488180491395
2163,1055,593,960,540,-95,-53,0.03125,-0.07075761985271845
2164,1056,594,960,540,-96,-54,0.0,-0.042561836694265054
2165,1055,596,960,540,-95,-56,0.03125,0.04883186849857468
2166,1054,596,960,540,-94,-56,0.0625,0.06037383084518266
2167,1054,596,960,540,-94,-56,0.0625,0.03397856055269255
2168,1053,599,960,540,-93,-59,0.09375,0.1795795963072213
2169,1052,601,960,540,-92,-61,0.125,0.25689394275767263
2170,1052,602,960,540,-92,-62,0.125,0.26450185728012876
2171,1052,602,960,540,-92,-62,0.125,0.26545402574098675
2172,1051,602,960,540,-91,-62,0.15625,0.33006294297019445
2173,1051,602,960,540,-91,-62,0.15625,0.3157416277753038
2174,1051,602,960,540,-91,-62,0.15625,0.28128413162383126
2175,1051,600,960,540,-91,-60,0.15625,0.2101427290690734
2176,1051,600,960,540,-91,-60,0.15625,0.21360513321779395
2177,1050,600,960,540,-90,-60,0.1875,0.258098044470757
2178,1049,600,960,540,-89,-60,0.21875,0.20641285085272099
2179,1047,599,960,540,-87,-59,0.28125,0.11458115166948346
2180,1043,599,960,540,-83,-59,0.40625,0.15449030104485795
2181,1041,599,960,540,-81,-59,0.46875,0.16728538149083727
2182,1040,599,960,540,-80,-59,0.5,0.1716061239347848
2183,1036,599,960,540,-76,-59,0.625,0.1851641302549485
2184,1033,598,960,540,-73,-58,0.71875,0.13927169591063127
2185,1031,598,960,540,-71,-58,0.78125,0.0908991115884068
2186,1028,598,960,540,-68,-58,0.875,0.11172543454487949
2187,1026,598,960,540,-66,-58,0.9375,0.10804436109001747
2188,1025,599,960,540,-65,-59,0.96875,0.14508139812705467
2189,1025,598,960,540,-65,-58,0.96875,0.08008033825497174
2190,1026,598,960,540,-66,-58,0.9375,0.07439331725801468
2191,1027,597,960,540,-67,-57,0.90625,0.011184165236102217
2192,1028,597,960,540,-68,-57,0.875,0.04495611363693053
2193,1029,596,960,540,-69,-56,0.84375,-0.02465572999977894
2194,1030,595,960,540,-70,-55,0.8125,-0.06608543077704798
2195,1043,596,960,540,-83,-56,0.40625,-0.08347429405069384
2196,1057,599,960,540,-97,-59,-0.03125,0.05399199475327965
2197,1060,600,960,540,-100,-60,-0.125,0.1215044764349571
2198,1060,600,960,540,-100,-60,-0.125,0.10812259469217933
2199,1058,600,960,540,-98,-60,-0.0625,0.0522204528243555
2200,1046,599,960,540,-86,-59,0.3125,0.05514941398139683
2201,1036,598,960,540,-76,-58,0.625,0.015408257076118481
2202,1036,598,960,540,-76,-58,0.625,0.0075019375373157615
2203,1035,598,960,540,-75,-58,0.65625,0.005140234754819062
2204,1035,598,960,540,-75,-58,0.65625,-0.008842199312243615
2205,1035,599,960,540,-75,-59,0.65625,-0.017225299182304976
2206,1041,599,960,540,-81,-59,0.46875,-0.037892556956078405
2207,1052,599,960,540,-92,-59,0.125,-0.026693626760014855
2208,1061,600,960,540,-101,-60,-0.15625,0.09013165199825846
2209,1063,600,960,540,-103,-60,-0.21875,0.0753625311730528
2210,1059,599,960,540,-99,-59,-0.09375,-0.05513045755730683
2211,1046,598,960,540,-86,-58,0.3125,-0.021511135185201535
2212,1036,597,960,540,-76,-57,0.625,-0.02113040230370089
2213,1035,596,960,540,-75,-56,0.65625,-0.06240397024610189
2214,1035,596,960,540,-75,-56,0.65625,-0.022763997974722727
2215,1035,596,960,540,-75,-56,0.65625,-0.04397281794123842
2216,1037,596,960,540,-77,-56,0.59375,-0.06605560575706537
2217,1046,596,960,540,-86,-56,0.3125,-0.08134057579412923
2218,1057,596,960,540,-97,-56,-0.03125,-0.004102794355049344
2219,1063,596,960,540,-103,-56,-0.21875,-0.012013953018937595
2220,1064,595,960,540,-104,-55,-0.25,-0.035656145165507525
2221,1064,595,960,540,-104,-55,-0.25,-0.03791764458041458
2222,1063,595,960,540,-103,-55,-0.21875,-0.046760407194755604
2223,1063,594,960,540,-103,-54,-0.21875,-0.08319906650871278
2224,1063,594,960,540,-103,-54,-0.21875,-0.05986036431773112
2225,1064,594,960,540,-104,-54,-0.25,-0.05986036431773112
2226,1064,594,960,540,-104,-54,-0.25,-0.08251138324841989
2227,1064,593,960,540,-104,-53,-0.25,-0.11602533414498373
2228,1064,594,960,540,-104,-54,-0.25,-0.08088161075818068
2229,1064,594,960,540,-104,-54,-0.25,-0.09385559109770769
2230,1065,594,960,540,-105,-54,-0.28125,-0.14911851984348656
2231,1065,595,960,540,-105,-55,-0.28125,-0.1430688480891842
2232,1065,596,960,540,-105,-56,-0.28125,-0.13307103182802082
2233,1065,597,960,540,-105,-57,-0.28125,-0.07036150858091617
2234,1065,597,960,540,-105,-57,-0.28125,-0.07036150858091617
2235,1065,598,960,540,-105,-58,-0.28125,0.027225477390167008
2236,1064,598,960,540,-104,-58,-0.25,-0.007728632412983494
2237,1064,599,960,540,-104,-59,-0.25,0.0727611948446314
2238,1064,599,960,540,-104,-59,-0.25,0.04493329789297462
2239,1063,598,960,540,-103,-58,-0.21875,0.004333876471031228
2240,1063,597,960,540,-103,-57,-0.21875,-0.03929937624229396
2241,1063,596,960,540,-103,-56,-0.21875,-0.08245578785757468
2242,1063,596,960,540,-103,-56,-0.21875,-0.0286534354656256
2243,1063,597,960,540,-103,-57,-0.21875,-0.03269268029293304
2244,1064,599,960,540,-104,-59,-0.25,0.07000962248713805
2245,1063,599,960,540,-103,-59,-0.21875,0.06811695576235577
2246,1062,596,960,540,-102,-56,-0.1875,-0.03457031481331185
2247,1062,594,960,540,-102,-54,-0.1875,-0.122236204375473
2248,1063,592,960,540,-103,-52,-0.21875,-0.20612368648932278
2249,1063,592,960,540,-103,-52,-0.21875,-0.17500811644675518
2250,1063,593,960,540,-103,-53,-0.21875,-0.15719507272118793
2251,1063,594,960,540,-103,-54,-0.21875,-0.1379928382953164
2252,1063,595,960,540,-103,-55,-0.21875,-0.11793858129986479
2253,1062,594,960,540,-102,-54,-0.1875,-0.10358802300128334
2254,1062,593,960,540,-102,-53,-0.1875,-0.15325683866269468
2255,1063,593,960,540,-103,-53,-0.21875,-0.12700373555174505
2256,1064,593,960,540,-104,-53,-0.25,-0.15133328088210174
2257,1065,596,960,540,-105,-56,-0.28125,-0.019763403595039808
2258,1065,601,960,540,-105,-61,-0.28125,0.17563747056595247
2259,1066,602,960,540,-106,-62,-0.3125,0.21558612773886843
2260,1066,601,960,540,-106,-61,-0.3125,0.17531548585689238
2261,1068,597,960,540,-108,-57,-0.375,0.025789311723726005
2262,1069,593,960,540,-109,-53,-0.40625,-0.11771123364026792
2263,1071,592,960,540,-111,-52,-0.46875,-0.16251266714534007
2264,1073,593,960,540,-113,-53,-0.53125,-0.19601449356837763
2265,1074,597,960,540,-114,-57,-0.5625,-0.05018649937763486
2266,1075,597,960,540,-115,-57,-0.59375,-0.059895235584195294
2267,1075,596,960,540,-115,-56,-0.59375,-0.10786120213341688
2268,1074,597,960,540,-114,-57,-0.5625,-0.083051857282467
2269,1060,602,960,540,-100,-62,-0.125,0.10482829126823079
2270,1049,607,960,540,-89,-67,0.21875,0.3143507201176998
2271,1049,608,960,540,-89,-68,0.21875,0.3395209184089598
2272,1049,604,960,540,-89,-64,0.21875,0.20911725200750775
2273,1050,600,960,540,-90,-60,0.1875,0.06483109532271136
2274,1050,597,960,540,-90,-57,0.1875,-0.032071471217529623
2275,1050,598,960,540,-90,-58,0.1875,-0.012875266343057135
2276,1049,599,960,540,-89,-59,0.21875,0.040536151007990906
2277,1047,598,960,540,-87,-58,0.28125,-0.012096209421322612
2278,1046,599,960,540,-86,-59,0.3125,0.02883212495873133
2279,1045,599,960,540,-85,-59,0.34375,0.02883212495873133
2280,1044,598,960,540,-84,-58,0.375,-0.04611449834050729
2281,1041,597,960,540,-81,-57,0.46875,-0.04635639938028646
2282,1037,596,960,540,-77,-56,0.59375,-0.10795818453860706
2283,1033,596,960,540,-73,-56,0.71875,-0.07632516476026519
2284,1030,596,960,540,-70,-56,0.8125,-0.04396564586699814
2285,1031,596,960,540,-71,-56,0.78125,-0.06795413637053072
2286,1040,595,960,540,-80,-55,0.5,-0.1575962334087655
2287,1050,594,960,540,-90,-54,0.1875,-0.15615517979234816
2288,1055,592,960,540,-95,-52,0.03125,-0.2550399311666538
2289,1057,589,960,540,-97,-49,-0.03125,-0.38231246863123425
2290,1060,588,960,540,-100,-48,-0.125,-0.40403362248919095
2291,1064,586,960,540,-104,-46,-0.25,-0.4955972193761129
2292,1069,585,960,540,-109,-45,-0.40625,-0.5322300435010745
2293,1075,585,960,540,-115,-45,-0.59375,-0.4796379686867489
2294,1082,583,960,540,-122,-43,-0.8125,-0.622786012660173
2295,1088,582,960,540,-128,-42,-1.0,-0.5914726307435272
2296,1094,582,960,540,-134,-42,-1.1875,-0.6197519745341968
2297,1094,581,960,540,-134,-41,-1.1875,-0.6154525139646403
2298,1086,581,960,540,-126,-41,-0.9375,-0.6579799903929147
2299,1081,581,960,540,-121,-41,-0.78125,-0.6429847078897761
2300,1083,582,960,540,-123,-42,-0.84375,-0.5882630789957699
2301,1087,582,960,540,-127,-42,-0.96875,-0.6278078940857763
2302,1089,582,960,540,-129,-42,-1.03125,-0.6062269864645828
2303,1090,582,960,540,-130,-42,-1.0625,-0.6134853210873801
2304,1092,582,960,540,-132,-42,-1.125,-0.5751522405788889
2305,1092,581,960,540,-132,-41,-1.125,-0.6437514741817265
2306,1093,580,960,540,-133,-40,-1.15625,-0.659527693258465
2307,1094,579,960,540,-134,-39,-1.1875,-0.7073540220856989
2308,1091,579,960,540,-131,-39,-1.09375,-0.7003613151359158
2309,1077,579,960,540,-117,-39,-0.65625,-0.6793516932605412
2310,1068,578,960,540,-108,-38,-0.375,-0.7211264612569086
2311,1069,579,960,540,-109,-39,-0.40625,-0.7048698017153188
2312,1069,584,960,540,-109,-44,-0.40625,-0.606962289906501
2313,1070,598,960,540,-110,-58,-0.4375,0.024629490121752085
2314,1071,607,960,540,-111,-67,-0.46875,0.35796282345508557
2315,1073,607,960,540,-113,-67,-0.53125,0.3390830520468624
2316,1085,609,960,540,-125,-69,-0.90625,0.36571804317447887
2317,1097,610,960,540,-137,-70,-1.28125,0.4218888560118108
2318,1097,610,960,540,-137,-70,-1.28125,0.4008210778234429
2319,1090,608,960,540,-130,-68,-1.0625,0.3083625796582874
2320,1078,602,960,540,-118,-62,-0.6875,0.11115865700165051
2321,1070,596,960,540,-110,-56,-0.4375,-0.16356127526099584
2322,1070,595,960,540,-110,-55,-0.4375,-0.19153491596135153
2323,1070,594,960,540,-110,-54,-0.4375,-0.22857195299838828
2324,1070,594,960,540,-110,-54,-0.4375,-0.2704182053396864
2325,1070,595,960,540,-110,-55,-0.4375,-0.18041476260838518
2326,1071,595,960,540,-111,-55,-0.46875,-0.1790581682007617
2327,1072,594,960,540,-112,-54,-0.5,-0.2766640117978114
2328,1073,594,960,540,-113,-54,-0.53125,-0.24741839526921083
2329,1074,593,960,540,-114,-53,-0.5625,-0.28109042328532885
2330,1075,593,960,540,-115,-53,-0.59375,-0.14934870856868798
2331,1074,596,960,540,-114,-56,-0.5625,-0.03838480762481433
2332,1075,599,960,540,-115,-59,-0.59375,0.005011956644497495
2333,1075,601,960,540,-115,-61,-0.59375,0.1353929236488436
2334,1076,601,960,540,-116,-61,-0.625,0.1409700856243541
2335,1076,599,960,540,-116,-59,-0.625,0.05044132239763366
2336,1076,597,960,540,-116,-57,-0.625,0.025090282300904487
2337,1078,596,960,540,-118,-56,-0.6875,-0.06617464661216399
2338,1079,593,960,540,-119,-53,-0.71875,-0.21321724245413698
2339,1077,590,960,540,-117,-50,-0.65625,-0.35155472794857934
2340,1076,588,960,540,-116,-48,-0.625,-0.438578035243983
2341,1076,588,960,540,-116,-48,-0.625,-0.45412564128728716
2342,1076,590,960,540,-116,-50,-0.625,-0.36780870867945126
2343,1078,593,960,540,-118,-53,-0.6875,-0.2240998279034252
2344,1080,597,960,540,-120,-57,-0.75,-0.10282428007650113
2345,1081,597,960,540,-121,-57,-0.78125,-0.046921214059421956
2346,1083,596,960,540,-123,-56,-0.84375,-0.07572091452387708
2347,1085,594,960,540,-125,-54,-0.90625,-0.1273299164822177
2348,1082,594,960,540,-122,-54,-0.8125,-0.19651222535826296
2349,1070,594,960,540,-110,-54,-0.4375,-0.1479871905568011
2350,1062,593,960,540,-102,-53,-0.1875,-0.15491661524778966
2351,1066,592,960,540,-106,-52,-0.3125,-0.19362403299007913
2352,1073,591,960,540,-113,-51,-0.53125,-0.21491583655495816
2353,1086,591,960,540,-126,-51,-0.9375,-0.2650762194147811
2354,1101,593,960,540,-141,-53,-1.40625,-0.20529266441562433
2355,1112,594,960,540,-152,-54,-1.75,-0.12271916718826814
2356,1118,596,960,540,-158,-56,-1.9375,-0.05322255292087652
2357,1117,596,960,540,-157,-56,-1.90625,-0.04907254820618867
2358,1110,596,960,540,-150,-56,-1.6875,-0.07751099668280226
2359,1105,595,960,540,-145,-55,-1.53125,-0.11454803371983946
2360,1102,595,960,540,-142,-55,-1.4375,-0.11315026691171637
2361,1098,597,960,540,-138,-57,-1.3125,-0.014175573258465857
2362,1088,599,960,540,-128,-59,-1.0,0.07036147505042845
2363,1077,599,960,540,-117,-59,-0.65625,0.08697563521884755
2364,1075,599,960,540,-115,-59,-0.59375,0.10338961932375401
2365,1076,600,960,540,-116,-60,-0.625,0.16233316500983097
2366,1076,599,960,540,-116,-59,-0.625,0.14569201427040746
2367,1076,598,960,540,-116,-58,-0.625,0.10122162782189736
2368,1074,597,960,540,-114,-57,-0.5625,0.05720605751301466
2369,1073,597,960,540,-113,-57,-0.53125,0.05720605751301466
2370,1069,597,960,540,-109,-57,-0.40625,-0.028070027228400463
2371,1065,597,960,540,-105,-57,-0.28125,-0.061879281365144756
2372,1062,597,960,540,-102,-57,-0.1875,-0.06006311210926718
2373,1060,599,960,540,-100,-59,-0.125,0.028181984233067503
2374,1059,600,960,540,-99,-60,-0.09375,0.07255028948001652
2375,1059,600,960,540,-99,-60,-0.09375,0.09171064182815902
2376,1059,602,960,540,-99,-62,-0.09375,0.19593010949111545
2377,1059,603,960,540,-99,-63,-0.09375,0.2341218164108092
2378,1059,603,960,540,-99,-63,-0.09375,0.223599956451197
2379,1059,604,960,540,-99,-64,-0.09375,0.25597369932593583
2380,1059,604,960,540,-99,-64,-0.09375,0.1924505544246502
2381,1059,603,960,540,-99,-63,-0.09375,0.17459076356125314
2382,1059,603,960,540,-99,-63,-0.09375,0.15461316401148562
2383,1059,603,960,540,-99,-63,-0.09375,0.17387361611672691
2384,1061,601,960,540,-101,-61,-0.15625,0.11664639448740521
2385,1062,598,960,540,-102,-58,-0.1875,0.06687186775638443
2386,1063,596,960,540,-103,-56,-0.21875,0.02814852614379859
2387,1066,595,960,540,-106,-55,-0.3125,-0.003803287900014496
2388,1069,594,960,540,-109,-54,-0.40625,-0.07478612616331448
2389,1072,593,960,540,-112,-53,-0.5,-0.11231113531630266
2390,1075,594,960,540,-115,-54,-0.59375,-0.09679644776516616
2391,1076,594,960,540,-116,-54,-0.625,-0.1330494804398179
2392,1077,594,960,540,-117,-54,-0.65625,-0.09004043899601166
2393,1077,594,960,540,-117,-54,-0.65625,-0.08554231305125803
2394,1078,597,960,540,-118,-57,-0.6875,0.03685709298562134
2395,1079,600,960,540,-119,-60,-0.71875,0.10898310204922756
2396,1080,603,960,540,-120,-63,-0.75,0.24865892064844353
2397,1081,607,960,540,-121,-67,-0.78125,0.3389850412590447
2398,1082,613,960,540,-122,-73,-0.8125,0.5038530224768527
2399,1083,614,960,540,-123,-74,-0.84375,0.637164652988838
2400,1083,612,960,540,-123,-72,-0.84375,0.5378102663331643
2401,1084,611,960,540,-124,-71,-0.875,0.5042375340468075
2402,1085,610,960,540,-125,-70,-0.90625,0.45646721205733565
2403,1084,609,960,540,-124,-69,-0.875,0.43175574941246175
2404,1083,608,960,540,-123,-68,-0.84375,0.40796821200724853
2405,1082,608,960,540,-122,-68,-0.8125,0.3945578631794566
2406,1068,606,960,540,-108,-66,-0.375,0.35851478552387617
2407,1055,604,960,540,-95,-64,0.03125,0.2714483942999206
2408,1055,602,960,540,-95,-62,0.03125,0.13799381664746058
2409,1055,601,960,540,-95,-61,0.03125,0.12266965770879557
2410,1056,599,960,540,-96,-59,0.0,0.08063402895683813
2411,1063,597,960,540,-103,-57,-0.21875,0.0745883842292896
2412,1076,596,960,540,-116,-56,-0.625,-0.0809375021311074
2413,1081,597,960,540,-121,-57,-0.78125,-0.0218488114227382
2414,1081,598,960,540,-121,-58,-0.78125,-0.008041702872436218
2415,1080,599,960,540,-120,-59,-0.75,0.0375527359642156
2416,1077,597,960,540,-117,-57,-0.65625,0.006053251677111238
2417,1069,594,960,540,-109,-54,-0.40625,-0.07554178170382642
2418,1053,592,960,540,-93,-52,0.09375,-0.15610352061755273
2419,1044,593,960,540,-84,-53,0.375,-0.13241536525360198
2420,1045,595,960,540,-85,-55,0.34375,-0.11812683793809864
2421,1045,597,960,540,-85,-57,0.34375,-0.023726515178928764
2422,1047,598,960,540,-87,-58,0.28125,0.016011223224560833
2423,1048,598,960,540,-88,-58,0.25,-0.01896002894125237
2424,1049,598,960,540,-89,-58,0.21875,-0.0075565877343364285
2425,1050,597,960,540,-90,-57,0.1875,-0.002785862867400457
2426,1053,598,960,540,-93,-58,0.09375,0.03297258260888514
2427,1054,599,960,540,-94,-59,0.0625,0.10279919356444056
2428,1054,599,960,540,-94,-59,0.0625,0.14528723529334853
2429,1055,597,960,540,-95,-57,0.03125,0.05830586479740907
2430,1055,597,960,540,-95,-57,0.03125,0.04190871948858721
2431,1056,599,960,540,-96,-59,0.0,0.12196375549269822
2432,1056,600,960,540,-96,-60,0.0,0.16013289542814402
2433,1056,599,960,540,-96,-59,0.0,0.1346721665459607
2434,1056,599,960,540,-96,-59,0.0,0.12464617965775648
2435,1055,600,960,540,-95,-60,0.03125,0.180406784439739
2436,1055,601,960,540,-95,-61,0.03125,0.1812818021517324
2437,1055,602,960,540,-95,-62,0.03125,0.28733220497797074
2438,1055,604,960,540,-95,-64,0.03125,0.31433227430479116
2439,1055,606,960,540,-95,-66,0.03125,0.42066290545494534
2440,1054,608,960,540,-94,-68,0.0625,0.46625371936916693
2441,1054,610,960,540,-94,-70,0.0625,0.5306564700678393
2442,1053,611,960,540,-93,-71,0.09375,0.5807020575221711
2443,1052,612,960,540,-92,-72,0.125,0.6084386976802247
2444,1051,612,960,540,-91,-72,0.15625,0.6050847705417572
2445,1051,612,960,540,-91,-72,0.15625,0.6085161336120897
2446,1050,612,960,540,-90,-72,0.1875,0.6141055174884813
2447,1049,613,960,540,-89,-73,0.21875,0.6629277030033918
2448,1048,613,960,540,-88,-73,0.25,0.6733719930190807
2449,1046,611,960,540,-86,-71,0.3125,0.6140623104174399
2450,1044,610,960,540,-84,-70,0.375,0.5826641025587218
2451,1042,610,960,540,-82,-70,0.4375,0.5305600499653917
2452,1041,611,960,540,-81,-71,0.46875,0.5816841670168778
2453,1040,610,960,540,-80,-70,0.5,0.5308987436673669
2454,1040,609,960,540,-80,-69,0.5,0.5413858133507317
2455,1040,608,960,540,-80,-68,0.5,0.49704131504600957
2456,1042,608,960,540,-82,-68,0.4375,0.4535767655595735
2457,1044,608,960,540,-84,-68,0.375,0.4535767655595735
2458,1056,608,960,540,-96,-68,0.0,0.5215038348798355
2459,1071,608,960,540,-111,-68,-0.46875,0.4981515467496451
2460,1074,608,960,540,-114,-68,-0.5625,0.5039368683783065
2461,1069,611,960,540,-109,-71,-0.40625,0.6064897185118774
2462,1060,613,960,540,-100,-73,-0.125,0.6211317234525477
2463,1055,614,960,540,-95,-74,0.03125,0.6581687604895845
2464,1053,616,960,540,-93,-76,0.09375,0.7780999920588769
2465,1052,610,960,540,-92,-70,0.125,0.592958451712539
2466,1054,599,960,540,-94,-59,0.0625,0.13994646276462808
2467,1055,591,960,540,-95,-51,0.03125,-0.1396958277036746
2468,1056,588,960,540,-96,-48,0.0,-0.23093779731077557
2469,1056,586,960,540,-96,-46,0.0,-0.32304756414556435
2470,1056,587,960,540,-96,-47,0.0,-0.28601052710852737
2471,1056,587,960,540,-96,-47,0.0,-0.33645695174135626
2472,1055,595,960,540,-95,-55,0.03125,-0.038596119050833266
2473,1053,602,960,540,-93,-62,0.09375,0.20276422915386982
2474,1051,603,960,540,-91,-63,0.15625,0.2529049996095041
2475,1047,603,960,540,-87,-63,0.28125,0.27963290548939757
2476,1044,604,960,540,-84,-64,0.375,0.3348687643526538
2477,1041,603,960,540,-81,-63,0.46875,0.3455893996246058
2478,1039,602,960,540,-79,-62,0.53125,0.29254796544021433
2479,1038,603,960,540,-78,-63,0.5625,0.3095678140545939
2480,1038,607,960,540,-78,-67,0.5625,0.4370859553873303
2481,1038,608,960,540,-78,-68,0.5625,0.5445011588241284
2482,1047,608,960,540,-87,-68,0.28125,0.4128893670678879
2483,1060,609,960,540,-100,-69,-0.125,0.7060367502593066
2484,1065,609,960,540,-105,-69,-0.28125,0.5137396247795367
2485,1067,610,960,540,-107,-70,-0.34375,0.5650407515499869
2486,1068,611,960,540,-108,-71,-0.375,0.7272563548036195
2487,1067,605,960,540,-107,-65,-0.34375,0.3842099782174144
2488,1064,599,960,540,-104,-59,-0.25,0.047821555423937845
2489,1062,598,960,540,-102,-58,-0.1875,-0.06836611541356685
2490,1062,598,960,540,-102,-58,-0.1875,0.06358025216782659
2491,1064,599,960,540,-104,-59,-0.25,0.0757915362927104
2492,1067,601,960,540,-107,-61,-0.34375,0.28297393935497395
2493,1069,602,960,540,-109,-62,-0.40625,0.3205955322878207
2494,1068,599,960,540,-108,-59,-0.375,0.2079643346232105
2495,1065,594,960,540,-105,-54,-0.28125,-0.02162455187370682
2496,1065,591,960,540,-105,-51,-0.28125,-0.08745049517133219
2497,1066,589,960,540,-106,-49,-0.3125,-0.21099305259255208
2498,1068,590,960,540,-108,-50,-0.375,-0.20309170903839613
2499,1070,592,960,540,-110,-52,-0.4375,-0.1334843590136987
2500,1071,593,960,540,-111,-53,-0.46875,-0.09440659093724335
2501,1069,591,960,540,-109,-51,-0.40625,-0.06558003064813045
2502,1068,588,960,540,-108,-48,-0.375,-0.21736842422866465
2503,1068,587,960,540,-108,-47,-0.375,-0.21293893681559428
2504,1068,587,960,540,-108,-47,-0.375,-0.21758646018986605
2505,1068,587,960,540,-108,-47,-0.375,-0.22425821250439326
2506,1069,588,960,540,-109,-48,-0.40625,-0.2091501447044386
2507,1070,590,960,540,-110,-50,-0.4375,-0.21164974375440648
2508,1070,589,960,540,-110,-49,-0.4375,-0.21238988109086665
2509,1070,588,960,540,-110,-48,-0.4375,-0.18818921038533354
2510,1070,588,960,540,-110,-48,-0.4375,-0.22503206547556864
2511,1070,588,960,540,-110,-48,-0.4375,-0.1751926500819576
2512,1071,588,960,540,-111,-48,-0.46875,-0.16420071319599172
2513,1073,584,960,540,-113,-44,-0.53125,-0.47776797946969984
2514,1075,581,960,540,-115,-41,-0.59375,-0.5970670888297234
2515,1074,583,960,540,-114,-43,-0.5625,-0.48295808733888235
2516,1074,585,960,540,-114,-45,-0.5625,-0.38770620620398377
2517,1069,585,960,540,-109,-45,-0.40625,-0.4236268356704307
2518,1062,585,960,540,-102,-45,-0.1875,-0.4408133133717702
2519,1060,584,960,540,-100,-44,-0.125,-0.4132255410936885
2520,1065,582,960,540,-105,-42,-0.28125,-0.4984398780446835
2521,1073,580,960,540,-113,-40,-0.53125,-0.5330442949584189
2522,1080,578,960,540,-120,-38,-0.75,-0.5862702717417294
2523,1085,578,960,540,-125,-38,-0.90625,-0.6027773627515187
2524,1089,580,960,540,-129,-40,-1.03125,-0.5849784670552323
2525,1092,582,960,540,-132,-42,-1.125,-0.4775163804567599
2526,1093,588,960,540,-133,-48,-1.15625,-0.24331357686183352
2527,1095,595,960,540,-135,-55,-1.21875,-0.030860560952163496
2528,1097,600,960,540,-137,-60,-1.28125,0.15995804052602125
2529,1098,603,960,540,-138,-63,-1.3125,0.2562431542241965
2530,1099,606,960,540,-139,-66,-1.34375,0.39284349938021856
2531,1098,608,960,540,-138,-68,-1.3125,0.46033035772891795
2532,1096,607,960,540,-136,-67,-1.25,0.47447568614874225
2533,1093,606,960,540,-133,-66,-1.15625,0.47538456808274865
2534,1089,604,960,540,-129,-64,-1.03125,0.3192986629876047
2535,1085,605,960,540,-125,-65,-0.90625,0.34315058584613745
2536,1082,605,960,540,-122,-65,-0.8125,0.3690078862285384
2537,1080,605,960,540,-120,-65,-0.75,0.3423333147410159
2538,1079,606,960,540,-119,-66,-0.71875,0.435369422173848
2539,1079,609,960,540,-119,-69,-0.71875,0.4911387596120531
2540,1078,611,960,540,-118,-71,-0.6875,0.4890461498441354
2541,1075,612,960,540,-115,-72,-0.59375,0.5642292221586986
2542,1073,612,960,540,-113,-72,-0.53125,0.5780941543779026
2543,1072,612,960,540,-112,-72,-0.5,0.6014783503156309
2544,1070,613,960,540,-110,-73,-0.4375,0.6385153873526681
2545,1070,614,960,540,-110,-74,-0.4375,0.5507431941512615
2546,1072,610,960,540,-112,-70,-0.5,0.5399108614742198
2547,1072,604,960,540,-112,-64,-0.5,0.29605207845690273
2548,1073,603,960,540,-113,-63,-0.53125,0.2747696154167705
2549,1074,601,960,540,-114,-61,-0.5625,0.17341553560685474
2550,1075,598,960,540,-115,-58,-0.59375,0.05505432454987025
2551,1074,597,960,540,-114,-57,-0.5625,-0.014797616921062406
2552,1073,596,960,540,-113,-56,-0.53125,-0.04623408316197786
2553,1072,597,960,540,-112,-57,-0.5,0.029254339554357855
2554,1071,597,960,540,-111,-57,-0.46875,0.029254339554357855
2555,1069,597,960,540,-109,-57,-0.40625,0.004088691828072033
2556,1067,598,960,540,-107,-58,-0.34375,0.030858314326543734
2557,1067,596,960,540,-107,-56,-0.34375,-0.005540507697916031
2558,1067,594,960,540,-107,-54,-0.34375,-0.12226202194476254
2559,1067,593,960,540,-107,-53,-0.34375,-0.15985708908681673
2560,1069,593,960,540,-109,-53,-0.40625,-0.12101854039649718
2561,1069,593,960,540,-109,-53,-0.40625,-0.08320395274257919
2562,1070,594,960,540,-110,-54,-0.4375,-0.046396507148750654
2563,1071,593,960,540,-111,-53,-0.46875,-0.11493954203683199
2564,1071,593,960,540,-111,-53,-0.46875,-0.1180110972210664
2565,1070,594,960,540,-110,-54,-0.4375,-0.12185076144386686
2566,1070,595,960,540,-110,-55,-0.4375,-0.05206104470072992
2567,1071,594,960,540,-111,-54,-0.46875,-0.14182955589159052
2568,1072,593,960,540,-112,-53,-0.5,-0.17980167962987048
2569,1074,591,960,540,-114,-51,-0.5625,-0.28281630966024807
2570,1077,590,960,540,-117,-50,-0.65625,-0.30126529950240455
2571,1079,588,960,540,-119,-48,-0.71875,-0.38521895748315904
2572,1081,586,960,540,-121,-46,-0.78125,-0.39670563151628135
2573,1081,584,960,540,-121,-44,-0.78125,-0.47014764831590594
2574,1079,581,960,540,-119,-41,-0.71875,-0.5632420417592272
2575,1076,579,960,540,-116,-39,-0.625,-0.6378803732848517
2576,1064,580,960,540,-104,-40,-0.25,-0.6351834324642982
2577,1054,582,960,540,-94,-42,0.0625,-0.48247542485718187
2578,1051,584,960,540,-91,-44,0.15625,-0.4174834598812358
2579,1049,585,960,540,-89,-45,0.21875,-0.35162569662505705
2580,1046,590,960,540,-86,-50,0.3125,-0.1916682390249882
2581,1045,594,960,540,-85,-54,0.34375,-0.06672056093793932
2582,1046,594,960,540,-86,-54,0.3125,-0.16371917208180742
2583,1060,595,960,540,-100,-55,-0.125,-0.1263653040410304
2584,1074,598,960,540,-114,-58,-0.5625,0.03785150346815058
2585,1076,599,960,540,-116,-59,-0.625,0.08743697134179707
2586,1077,599,960,540,-117,-59,-0.65625,0.05949310117691553
2587,1077,597,960,540,-117,-57,-0.65625,0.00490978530345787
2588,1077,593,960,540,-117,-53,-0.65625,-0.19232395862410856
2589,1074,591,960,540,-114,-51,-0.5625,-0.22747676197084088
2590,1067,590,960,540,-107,-50,-0.34375,-0.2513684364031459
2591,1059,591,960,540,-99,-51,-0.09375,-0.21178425463778794
2592,1056,597,960,540,-96,-57,0.0,-0.00778199520528311
2593,1056,602,960,540,-96,-62,0.0,0.1842219102878082
2594,1063,602,960,540,-103,-62,-0.21875,0.23169671551517146
2595,1074,597,960,540,-114,-57,-0.5625,-0.009975670497795797
2596,1082,591,960,540,-122,-51,-0.8125,-0.21840537434016927
2597,1083,587,960,540,-123,-47,-0.84375,-0.3616643405630253
2598,1080,585,960,540,-120,-45,-0.75,-0.4920755868159903
2599,1068,584,960,540,-108,-44,-0.375,-0.555634292326858
2600,1057,582,960,540,-97,-42,-0.03125,-0.6297083664009322
2601,1051,578,960,540,-91,-38,0.15625,-0.7066801834992003
2602,1045,573,960,540,-85,-33,0.34375,-0.8850139950876124
2603,1043,570,960,540,-83,-30,0.40625,-1.0240772710421848
2604,1042,568,960,540,-82,-28,0.4375,-1.0965831372646024
2605,1042,567,960,540,-82,-27,0.4375,-1.1339152059626976
2606,1043,566,960,540,-83,-26,0.40625,-1.1648996976294956
2607,1044,566,960,540,-84,-26,0.375,-1.1476953219237171
2608,1046,568,960,540,-86,-28,0.3125,-1.090221527083245
2609,1048,571,960,540,-88,-31,0.25,-1.0123686759268173
2610,1050,572,960,540,-90,-32,0.1875,-0.9485441475755221
2611,1052,573,960,540,-92,-33,0.125,-0.9231702799315722
2612,1053,573,960,540,-93,-33,0.09375,-0.9434828395222097
2613,1054,578,960,540,-94,-38,0.0625,-0.8241329069827277
2614,1055,589,960,540,-95,-49,0.03125,-0.32644091992035995
2615,1056,599,960,540,-96,-59,0.0,0.026533266770650155
2616,1056,603,960,540,-96,-63,0.0,0.16889680797750684
2617,1055,605,960,540,-95,-65,0.03125,0.23799249189989258
2618,1054,606,960,540,-94,-66,0.0625,0.3035004364526337
2619,1052,602,960,540,-92,-62,0.125,0.13727938358566938
2620,1048,596,960,540,-88,-56,0.25,-0.10914671488302918
2621,1044,595,960,540,-84,-55,0.375,-0.11330783840417125
2622,1040,595,960,540,-80,-55,0.5,-0.10394769487392841
2623,1029,594,960,540,-69,-54,0.84375,-0.23613857317757336
2624,1015,595,960,540,-55,-55,1.28125,-0.22389744711817494
2625,1005,595,960,540,-45,-55,1.59375,-0.2338415118957049
2626,1004,596,960,540,-44,-56,1.625,-0.1920768718320507
2627,1010,598,960,540,-50,-58,1.4375,-0.08679097008474779
2628,1010,601,960,540,-50,-61,1.4375,0.07795057972050001
2629,1007,602,960,540,-47,-62,1.53125,0.07852755956924318
2630,1006,602,960,540,-46,-62,1.5625,0.08163685797596054
2631,1004,603,960,540,-44,-63,1.625,0.11146973579170227
2632,1003,602,960,540,-43,-62,1.65625,0.08717659522413257
2633,1003,603,960,540,-43,-63,1.65625,0.12936493061131804
2634,1003,602,960,540,-43,-62,1.65625,0.07453198326268717
2635,1003,603,960,540,-43,-63,1.65625,0.11935051113505324
2636,1003,603,960,540,-43,-63,1.65625,0.11585565369520934
2637,1004,604,960,540,-44,-64,1.625,0.15959441429040178
2638,1005,605,960,540,-45,-65,1.59375,0.19862758692385496
2639,1006,606,960,540,-46,-66,1.5625,0.24714308899851822
2640,1007,606,960,540,-47,-66,1.53125,0.2505836234433274
2641,1018,605,960,540,-58,-65,1.1875,0.21552789244177628
2642,1032,604,960,540,-72,-64,0.75,0.15166140250889049
2643,1034,604,960,540,-74,-64,0.6875,0.15537672294742633
2644,1034,603,960,540,-74,-63,0.6875,0.1163328400514052
2645,1033,604,960,540,-73,-64,0.71875,0.18684358589787786
2646,1033,604,960,540,-73,-64,0.71875,0.17250397758651603
2647,1033,604,960,540,-73,-64,0.71875,0.18249435743153875
2648,1033,604,960,540,-73,-64,0.71875,0.18611293648178684
2649,1032,606,960,540,-72,-66,0.75,0.20175067353263465
2650,1032,607,960,540,-72,-67,0.75,0.2516787950991044
2651,1032,608,960,540,-72,-68,0.75,0.29421436857108807
2652,1032,608,960,540,-72,-68,0.75,0.2861951471696269
2653,1032,608,960,540,-72,-68,0.75,0.2861951471696269
2654,1032,609,960,540,-72,-69,0.75,0.31723677038622755
2655,1032,609,960,540,-72,-69,0.75,0.2961202038450166
2656,1033,609,960,540,-73,-69,0.71875,0.2975543418890889
2657,1034,610,960,540,-74,-70,0.6875,0.35930771714390586
2658,1036,609,960,540,-76,-69,0.625,0.3432776439180283
2659,1040,610,960,540,-80,-70,0.5,0.3633824989865535
2660,1048,612,960,540,-88,-72,0.25,0.4759995585752401
2661,1055,613,960,540,-95,-73,0.03125,0.5112410788989408
2662,1063,615,960,540,-103,-75,-0.21875,0.6200726508618284
2663,1070,616,960,540,-110,-76,-0.4375,0.6426541828776862
2664,1074,616,960,540,-114,-76,-0.5625,0.6481457749031296
2665,1078,617,960,540,-118,-77,-0.6875,0.7484373789365053
2666,1080,618,960,540,-120,-78,-0.75,0.7866196460533605
2667,1082,618,960,540,-122,-78,-0.8125,0.7591800241436437
2668,1083,618,960,540,-123,-78,-0.84375,0.7997771697463723
2669,1081,618,960,540,-121,-78,-0.78125,0.7350518116570841
2670,1073,617,960,540,-113,-77,-0.53125,0.675171925929122
2671,1064,617,960,540,-104,-77,-0.25,0.6957087363180223
2672,1061,617,960,540,-101,-77,-0.15625,0.7020201814561009
2673,1062,612,960,540,-102,-72,-0.1875,0.558455795829905
2674,1063,601,960,540,-103,-61,-0.21875,0.17407277990399095
2675,1064,591,960,540,-104,-51,-0.25,-0.19311640555910348
2676,1065,586,960,540,-105,-46,-0.28125,-0.42519687055454947
2677,1070,586,960,540,-110,-46,-0.4375,-0.4609136886592413
2678,1081,586,960,540,-121,-46,-0.78125,-0.4656424464670037
2679,1091,587,960,540,-131,-47,-1.09375,-0.4496190009149086
2680,1094,588,960,540,-134,-48,-1.1875,-0.3950050532390219
2681,1095,588,960,540,-135,-48,-1.21875,-0.38424212491222054
2682,1095,592,960,540,-135,-52,-1.21875,-0.26079020389135343
2683,1095,597,960,540,-135,-57,-1.21875,-0.05966314541967632
2684,1091,599,960,540,-131,-59,-1.09375,0.012491484434434152
2685,1082,598,960,540,-122,-58,-0.8125,-0.03152638996418489
2686,1073,597,960,540,-113,-57,-0.53125,-0.038228418319186996
2687,1070,597,960,540,-110,-57,-0.4375,-0.05320999129834725
2688,1071,597,960,540,-111,-57,-0.46875,-0.029172262688550443
2689,1072,598,960,540,-112,-58,-0.5,0.019983200961241288
2690,1073,598,960,540,-113,-58,-0.53125,0.020802348987999153
2691,1074,599,960,540,-114,-59,-0.5625,0.044280999501484786
2692,1074,599,960,540,-114,-59,-0.5625,0.044280999501484786
2693,1075,600,960,540,-115,-60,-0.59375,0.09809750527261585
2694,1075,599,960,540,-115,-59,-0.59375,0.05305390426565193
2695,1076,600,960,540,-116,-60,-0.625,0.08332387808086095
2696,1076,600,960,540,-116,-60,-0.625,0.07671339299631175
2697,1076,599,960,540,-116,-59,-0.625,0.029677350435885153
2698,1077,598,960,540,-117,-58,-0.65625,-0.028575053218437674
2699,1077,598,960,540,-117,-58,-0.65625,-0.020097941497802196
2700,1078,598,960,540,-118,-58,-0.6875,-0.004574325454347772
2701,1078,598,960,540,-118,-58,-0.6875,0.0014517793205324203
2702,1078,598,960,540,-118,-58,-0.6875,0.024036859407972955
2703,1078,597,960,540,-118,-57,-0.6875,-0.023748003636109516
2704,1078,597,960,540,-118,-57,-0.6875,-0.025671257633070432
2705,1079,597,960,540,-119,-57,-0.71875,-0.02313092645991599
2706,1079,596,960,540,-119,-56,-0.71875,-0.0585510231500046
2707,1079,596,960,540,-119,-56,-0.71875,-0.04907012686229928
2708,1079,595,960,540,-119,-55,-0.71875,-0.09351583831609611
2709,1079,595,960,540,-119,-55,-0.71875,-0.10933835021427951
2710,1079,595,960,540,-119,-55,-0.71875,-0.1193395525320815
2711,1080,595,960,540,-120,-55,-0.75,-0.09582541408968659
2712,1080,595,960,540,-120,-55,-0.75,-0.093551334491067
2713,1080,596,960,540,-120,-56,-0.75,-0.07942174767265664
2714,1080,596,960,540,-120,-56,-0.75,-0.0597849956878207
2715,1080,595,960,540,-120,-55,-0.75,-0.10030462064966184
2716,1080,595,960,540,-120,-55,-0.75,-0.08532100088112538
2717,1076,595,960,540,-116,-55,-0.625,-0.08104480747188303
2718,1065,596,960,540,-105,-56,-0.28125,-0.08337779158530756
2719,1055,596,960,540,-95,-56,0.03125,-0.06490970983148925
2720,1053,596,960,540,-93,-56,0.09375,-0.05430029437566919
2721,1053,596,960,540,-93,-56,0.09375,-0.06195523694822436
2722,1054,596,960,540,-94,-56,0.0625,-0.07225814220506788
2723,1069,596,960,540,-109,-56,-0.40625,-0.07138869176611218
2724,1081,596,960,540,-121,-56,-0.78125,-0.07139291948648108
2725,1081,596,960,540,-121,-56,-0.78125,-0.06958706134457904
2726,1081,596,960,540,-121,-56,-0.78125,-0.07422948780360494
2727,1081,596,960,540,-121,-56,-0.78125,-0.05968508344277623
2728,1079,596,960,540,-119,-56,-0.71875,-0.07346132858990861
2729,1077,595,960,540,-117,-55,-0.65625,-0.11049836562694582
2730,1068,595,960,540,-108,-55,-0.375,-0.11378249524331707
2731,1056,595,960,540,-96,-55,0.0,-0.09278693809218819
2732,1052,596,960,540,-92,-56,0.125,-0.07055317456812382
2733,1051,596,960,540,-91,-56,0.15625,-0.06921105355793866
2734,1051,595,960,540,-91,-55,0.15625,-0.09655317118905993
2735,1051,596,960,540,-91,-56,0.15625,-0.06933705331184958
2736,1051,596,960,540,-91,-56,0.15625,-0.06867382768518926
2737,1050,596,960,540,-90,-56,0.1875,-0.0674230311579409
2738,1050,597,960,540,-90,-57,0.1875,-0.030385994120903703
2739,1050,597,960,540,-90,-57,0.1875,-0.030223746988705447
2740,1050,597,960,540,-90,-57,0.1875,-0.026934796335947198
2741,1050,596,960,540,-90,-56,0.1875,-0.06096031624708864
2742,1049,595,960,540,-89,-55,0.21875,-0.11144250280080037
2743,1049,595,960,540,-89,-55,0.21875,-0.12052831850580947
2744,1048,595,960,540,-88,-55,0.25,-0.1454432041422602
2745,1048,596,960,540,-88,-56,0.25,-0.1293331174354968
2746,1048,598,960,540,-88,-58,0.25,-0.034143422350394914
2747,1048,599,960,540,-88,-59,0.25,-0.057379750598852475
2748,1047,598,960,540,-87,-58,0.28125,-0.0893613249516485
2749,1048,596,960,540,-88,-56,0.25,-0.160145328726776
2750,1047,595,960,540,-87,-55,0.28125,-0.1701276304710828
2751,1047,595,960,540,-87,-55,0.28125,-0.1630364770095869
2752,1047,594,960,540,-87,-54,0.28125,-0.18721667326460967
2753,1047,594,960,540,-87,-54,0.28125,-0.16051950635983792
2754,1047,593,960,540,-87,-53,0.28125,-0.2111400751716923
2755,1047,593,960,540,-87,-53,0.28125,-0.1895676837392366
2756,1047,593,960,540,-87,-53,0.28125,-0.1662615878720093
2757,1047,593,960,540,-87,-53,0.28125,-0.19942437025428772
2758,1047,593,960,540,-87,-53,0.28125,-0.18445650959679094
2759,1047,593,960,540,-87,-53,0.28125,-0.20288283830736242
2760,1046,593,960,540,-86,-53,0.3125,-0.19365415326984525
2761,1046,593,960,540,-86,-53,0.3125,-0.2091873729587208
2762,1046,594,960,540,-86,-54,0.3125,-0.16970283251520213
2763,1046,593,960,540,-86,-53,0.3125,-0.20510900460688264
2764,1046,593,960,540,-86,-53,0.3125,-0.183251500871362
2765,1046,593,960,540,-86,-53,0.3125,-0.22428436877799163
2766,1046,593,960,540,-86,-53,0.3125,-0.20800018581679813
2767,1046,593,960,540,-86,-53,0.3125,-0.2095133738177699
2768,1045,593,960,540,-85,-53,0.34375,-0.22521537897586175
2769,1045,594,960,540,-85,-54,0.34375,-0.17722461250706
2770,1045,594,960,540,-85,-54,0.34375,-0.16405642425976197
2771,1045,594,960,540,-85,-54,0.34375,-0.1578796675135039
2772,1044,594,960,540,-84,-54,0.375,-0.1617016593513223
2773,1044,594,960,540,-84,-54,0.375,-0.16205934419340817
2774,1044,594,960,540,-84,-54,0.375,-0.174341656756281
2775,1044,593,960,540,-84,-53,0.375,-0.2276555189727243
2776,1044,594,960,540,-84,-54,0.375,-0.18888125035737335
2777,1045,595,960,540,-85,-55,0.34375,-0.14325018361573472
2778,1045,595,960,540,-85,-55,0.34375,-0.12715100994104356
2779,1046,595,960,540,-86,-55,0.3125,-0.140506029330552
2780,1045,595,960,540,-85,-55,0.34375,-0.11238676663587999
2781,1045,595,960,540,-85,-55,0.34375,-0.1199683836972345
2782,1045,595,960,540,-85,-55,0.34375,-0.12457961484134561
2783,1045,595,960,540,-85,-55,0.34375,-0.14456655188056367
2784,1045,595,960,540,-85,-55,0.34375,-0.14456655188056367
2785,1045,595,960,540,-85,-55,0.34375,-0.11595724841914556
2786,1044,596,960,540,-84,-56,0.375,-0.10836876565129794
2787,1044,596,960,540,-84,-56,0.375,-0.11904415391998135
2788,1044,596,960,540,-84,-56,0.375,-0.12301496423193203
2789,1044,597,960,540,-84,-57,0.375,-0.06748361547926418
2790,1045,596,960,540,-85,-56,0.34375,-0.13350659667597498
2791,1045,596,960,540,-85,-56,0.34375,-0.12209219954560346
2792,1045,596,960,540,-85,-56,0.34375,-0.12193827276122082
2793,1045,595,960,540,-85,-55,0.34375,-0.15352864187753656
2794,1045,595,960,540,-85,-55,0.34375,-0.14615494265036988
2795,1045,595,960,540,-85,-55,0.34375,-0.14235700191820122
2796,1045,596,960,540,-85,-56,0.34375,-0.10525955425125266
2797,1044,596,960,540,-84,-56,0.375,-0.10659374588439041
2798,1044,596,960,540,-84,-56,0.375,-0.11667591855210935
2799,1044,596,960,540,-84,-56,0.375,-0.11485303525196766
2800,1044,596,960,540,-84,-56,0.375,-0.12027032965357076
2801,1044,595,960,540,-84,-55,0.375,-0.14113688976013794
2802,1044,595,960,540,-84,-55,0.375,-0.1443853199539391
2803,1044,595,960,540,-84,-55,0.375,-0.14416455383051563
2804,1044,596,960,540,-84,-56,0.375,-0.1073978405130207
2805,1044,596,960,540,-84,-56,0.375,-0.1073978405130207
2806,1044,596,960,540,-84,-56,0.375,-0.0964048899059291
2807,1044,596,960,540,-84,-56,0.375,-0.1138161896635923
2808,1043,596,960,540,-83,-56,0.40625,-0.1450289944464025
2809,1043,596,960,540,-83,-56,0.40625,-0.180112464909171
2810,1041,596,960,540,-81,-56,0.46875,-0.17100658709124694
2811,1040,596,960,540,-80,-56,0.5,-0.1608846459899027
2812,1039,596,960,540,-79,-56,0.53125,-0.14230249939786876
2813,1036,595,960,540,-76,-55,0.625,-0.211422771369004
2814,1034,594,960,540,-74,-54,0.6875,-0.19182253846649333
2815,1033,593,960,540,-73,-53,0.71875,-0.1807918705669307
2816,1035,592,960,540,-75,-52,0.65625,-0.22361531478164198
2817,1040,592,960,540,-80,-52,0.5,-0.15682480472160898
2818,1040,592,960,540,-80,-52,0.5,-0.15872954812587525
2819,1035,592,960,540,-75,-52,0.65625,-0.0904796459589512
2820,1031,593,960,540,-71,-53,0.78125,-0.05087053383884532
2821,1027,594,960,540,-67,-54,0.90625,-0.04733932091426807
2822,1023,596,960,540,-63,-56,1.03125,0.002100492747328264
2823,1020,596,960,540,-60,-56,1.125,-0.007994592689812396
2824,1017,596,960,540,-57,-56,1.21875,0.028575797225739663
2825,1015,597,960,540,-55,-57,1.28125,0.04482701857964644
2826,1013,599,960,540,-53,-59,1.34375,0.0841545356750073
2827,1011,599,960,540,-51,-59,1.40625,0.09006908917836842
2828,1009,598,960,540,-49,-58,1.46875,0.07838150207006889
2829,1008,597,960,540,-48,-57,1.5,0.026740637692315605
2830,1006,597,960,540,-46,-57,1.5625,0.029020767017985172
2831,1005,597,960,540,-45,-57,1.59375,0.029020767017985172
2832,1004,597,960,540,-44,-57,1.625,0.029559410516169393
2833,1004,597,960,540,-44,-57,1.625,0.040295983226986465
2834,1002,596,960,540,-42,-56,1.6875,0.024817504995511275
2835,1000,595,960,540,-40,-55,1.75,-0.017447706044110056
2836,999,596,960,540,-39,-56,1.78125,0.013251608197263565
2837,1001,596,960,540,-41,-56,1.71875,0.0227142571830945
2838,1013,598,960,540,-53,-58,1.34375,0.15568149178440982
2839,1022,600,960,540,-62,-60,1.0625,0.2021492418230455
2840,1022,601,960,540,-62,-61,1.0625,0.2172416982014731
2841,1021,602,960,540,-61,-62,1.09375,0.22170906400477808
2842,1020,603,960,540,-60,-63,1.125,0.3035225664757668
2843,1019,601,960,540,-59,-61,1.15625,0.21000693537487125
2844,1018,600,960,540,-58,-60,1.1875,0.15155692458268843
2845,1016,598,960,540,-56,-58,1.25,0.09657902730169887
2846,1015,598,960,540,-55,-58,1.28125,0.07901055372511001
2847,1015,598,960,540,-55,-58,1.28125,0.08489447861402777
2848,1017,597,960,540,-57,-57,1.21875,0.04586178193720558
2849,1018,597,960,540,-58,-57,1.1875,0.035394728164865
2850,1019,598,960,540,-59,-58,1.15625,0.0914397355486316
2851,1022,598,960,540,-62,-58,1.0625,0.02191546838417091
2852,1033,597,960,540,-73,-57,0.71875,-0.03674510262004915
2853,1045,597,960,540,-85,-57,0.34375,-0.05837632492191158
2854,1050,597,960,540,-90,-57,0.1875,-0.05387194058209799
2855,1051,597,960,540,-91,-57,0.15625,-0.06845548299019022
2856,1050,598,960,540,-90,-58,0.1875,-0.03847458086317035
2857,1042,598,960,540,-82,-58,0.4375,-0.042818810250528916
2858,1027,597,960,540,-67,-57,0.90625,-0.07859724649125654
2859,1015,597,960,540,-55,-57,1.28125,-0.02451307966968752
2860,1007,596,960,540,-47,-56,1.53125,-0.12192344174897096
2861,999,597,960,540,-39,-57,1.78125,-0.08360031502905896
2862,997,597,960,540,-37,-57,1.84375,-0.0678382955381851
2863,999,596,960,540,-39,-56,1.78125,-0.0708242096032583
2864,994,594,960,540,-34,-54,1.9375,-0.09362083942540655
2865,984,593,960,540,-24,-53,2.25,-0.19653251926801119
2866,974,593,960,540,-14,-53,2.5625,-0.1401540253843372
2867,962,594,960,540,-2,-54,2.9375,-0.15891996598978197
2868,956,593,960,540,4,-53,3.125,-0.23503834013757796
2869,957,593,960,540,3,-53,3.09375,-0.19464734701611386
2870,955,593,960,540,5,-53,3.15625,-0.2092387968978433
2871,950,593,960,540,10,-53,3.3125,-0.23168838700615169
2872,947,593,960,540,13,-53,3.40625,-0.22438299133247952
2873,954,591,960,540,6,-51,3.1875,-0.2673045761902717
2874,960,588,960,540,0,-48,3.0,-0.37290196728974
2875,958,588,960,540,2,-48,3.0625,-0.4404725176181019
2876,960,589,960,540,0,-49,3.0,-0.4011113002331188
2877,969,588,960,540,-9,-48,2.71875,-0.4463481128625295
2878,979,586,960,540,-19,-46,2.40625,-0.507099295239696
2879,983,585,960,540,-23,-45,2.28125,-0.5759387940193736
2880,986,584,960,540,-26,-44,2.1875,-0.6565393065892178
2881,989,583,960,540,-29,-43,2.09375,-0.6904539394428726
2882,991,581,960,540,-31,-41,2.03125,-0.7291310557181381
2883,993,580,960,540,-33,-40,1.96875,-0.7483696344256852
2884,996,578,960,540,-36,-38,1.875,-0.8592789855294272
2885,1003,576,960,540,-43,-36,1.65625,-0.960307056608636
2886,1019,574,960,540,-59,-34,1.15625,-1.0704135730607915
2887,1031,575,960,540,-71,-35,0.78125,-1.0109328638456927
2888,1034,575,960,540,-74,-35,0.6875,-1.03242366823214
2889,1037,581,960,540,-77,-41,0.59375,-0.8211929778160838
2890,1039,592,960,540,-79,-52,0.53125,-0.4862313098557254
2891,1038,601,960,540,-78,-61,0.5625,-0.12622384457166325
2892,1038,606,960,540,-78,-66,0.5625,0.06141692545126132
2893,1034,604,960,540,-74,-64,0.6875,-0.06998688550216192
2894,1022,603,960,540,-62,-63,1.0625,-0.09845374272171847
2895,1013,604,960,540,-53,-64,1.34375,-0.043742089156439956
2896,1012,604,960,540,-52,-64,1.375,-0.08542449413096476
2897,1017,603,960,540,-57,-63,1.21875,-0.08526648749581067
2898,1027,596,960,540,-67,-56,0.90625,-0.2508721275687016
2899,1034,588,960,540,-74,-48,0.6875,-0.5624535089367799
2900,1036,584,960,540,-76,-44,0.625,-0.6895162343762216
2901,1036,583,960,540,-76,-43,0.625,-0.7344933278881349
2902,1035,583,960,540,-75,-43,0.65625,-0.7816623347741052
2903,1033,582,960,540,-73,-42,0.71875,-0.8432923167269406
2904,1030,582,960,540,-70,-42,0.8125,-0.8544877143376102
2905,1027,588,960,540,-67,-48,0.90625,-0.5962986319666066
2906,1025,594,960,540,-65,-54,0.96875,-0.3697949521032635
2907,1023,596,960,540,-63,-56,1.03125,-0.32554918824279167
2908,1022,596,960,540,-62,-56,1.0625,-0.2802863651077856
2909,1020,594,960,540,-60,-54,1.125,-0.3840170981515616
2910,1017,593,960,540,-57,-53,1.21875,-0.4293723723003531
2911,1016,594,960,540,-56,-54,1.25,-0.40326393809557315
2912,1021,594,960,540,-61,-54,1.09375,-0.4107175090543054
2913,1029,596,960,540,-69,-56,0.84375,-0.3264705104910699
2914,1031,598,960,540,-71,-58,0.78125,-0.22998085896572995
2915,1026,602,960,540,-66,-62,0.9375,-0.11768777073183356
2916,1020,605,960,540,-60,-65,1.125,0.026937562918710523
2917,1015,607,960,540,-55,-67,1.28125,0.04074653846571685
2918,1011,607,960,540,-51,-67,1.40625,0.06815115813405548
2919,1004,607,960,540,-44,-67,1.625,0.09988566213022354
2920,997,607,960,540,-37,-67,1.84375,0.09220673973588278
2921,992,606,960,540,-32,-66,2.0,0.08046039921057702
2922,986,605,960,540,-26,-65,2.1875,-0.053006790387078784
2923,979,603,960,540,-19,-63,2.40625,-0.1273253264894385
2924,980,601,960,540,-20,-61,2.375,-0.24625213750292163
2925,985,599,960,540,-25,-59,2.21875,-0.38264112039453657
2926,983,595,960,540,-23,-55,2.28125,-0.5642944762880013
2927,974,593,960,540,-14,-53,2.5625,-0.7571807976542551
2928,967,590,960,540,-7,-50,2.78125,-0.8686219752392672
2929,966,585,960,540,-6,-45,2.8125,-1.1990457453898489
2930,969,578,960,540,-9,-38,2.71875,-1.4935740158113142
2931,968,567,960,540,-8,-27,2.75,-1.9622874524028373
2932,959,549,960,540,1,-9,3.03125,-2.763220918769461
2933,948,529,960,540,12,11,3.375,-3.6304602636018277
2934,946,507,960,540,14,33,3.4375,-4.538870836646505
2935,944,486,960,540,16,54,3.5,-5.282171585734136
2936,932,471,960,540,28,69,3.875,-5.871526366897108
2937,918,458,960,540,42,82,4.3125,-6.586427825237381
2938,905,453,960,540,55,87,4.71875,-6.887482253645464
2939,895,459,960,540,65,81,5.03125,-6.873912351381364
2940,870,479,960,540,90,61,5.8125,-6.2621559594236835
2941,837,494,960,540,123,46,6.84375,-5.740057022097453
2942,808,495,960,540,152,45,7.75,-5.867799005797609
2943,770,515,960,540,190,25,8.9375,-5.305810606858459
2944,735,555,960,540,225,-15,10.03125,-4.225417940477233
2945,706,627,960,540,254,-87,10.9375,-1.7942907304811357
2946,671,697,960,540,289,-157,12.03125,0.8125286324247831
2947,637,735,960,540,323,-195,13.09375,2.3055985133539103
2948,611,762,960,540,349,-222,13.90625,3.319587334104316
2949,604,776,960,540,356,-236,14.125,3.673626689769253
2950,622,779,960,540,338,-239,13.5625,3.9563481295471794
2951,668,782,960,540,292,-242,12.125,3.999888492284046
2952,710,785,960,540,250,-245,10.8125,4.3583708050099315
2953,726,780,960,540,234,-240,10.3125,3.9400985490971125
2954,735,764,960,540,225,-224,10.03125,3.2041474208927907
2955,740,734,960,540,220,-194,9.875,2.11274653735277
2956,741,702,960,540,219,-162,9.84375,0.9324753895620868
2957,740,681,960,540,220,-141,9.875,0.42923350018182926
2958,738,674,960,540,222,-134,9.9375,0.16997424092256974
2959,756,670,960,540,204,-130,9.375,0.09285705401498046
2960,790,667,960,540,170,-127,8.3125,-0.10210499711408527
2961,838,669,960,540,122,-129,6.8125,0.048771817839718956
2962,879,670,960,540,81,-130,5.53125,0.19456898215093865
2963,889,671,960,540,71,-131,5.21875,0.13676778393852906
2964,893,672,960,540,67,-132,5.09375,0.10136274181394
2965,896,671,960,540,64,-131,5.0,0.15488490754721962
2966,904,671,960,540,56,-131,4.75,0.3083042207548541
2967,935,670,960,540,25,-130,3.78125,0.0485703845920078
2968,969,669,960,540,-9,-129,2.71875,0.13627896793189542
2969,984,667,960,540,-24,-127,2.25,0.09543478407403949
2970,990,667,960,540,-30,-127,2.0625,0.04995009840451381
2971,996,665,960,540,-36,-125,1.875,-0.09890693044862608
2972,1009,663,960,540,-49,-123,1.46875,-0.14602944420177355
2973,1020,665,960,540,-60,-125,1.125,-0.039919319136185294
2974,1022,668,960,540,-62,-128,1.0625,0.12335039478768106
2975,1023,670,960,540,-63,-130,1.03125,0.17657460318789742
2976,1023,672,960,540,-63,-132,1.03125,0.3197443466902641
2977,1012,672,960,540,-52,-132,1.375,0.3957429312757377
2978,998,672,960,540,-38,-132,1.8125,0.538880987762477
2979,993,674,960,540,-33,-134,1.96875,0.6565323388943911
2980,999,675,960,540,-39,-135,1.78125,0.5258290016292557
2981,1015,677,960,540,-55,-137,1.28125,0.739118489773066
2982,1029,677,960,540,-69,-137,0.84375,0.6045941994470159
2983,1039,674,960,540,-79,-134,0.53125,0.35413097886541056
2984,1047,670,960,540,-87,-130,0.28125,0.17751714049283418
2985,1060,659,960,540,-100,-119,-0.125,-0.07077696107888443
2986,1077,645,960,540,-117,-105,-0.65625,-0.567453490468528
2987,1093,632,960,540,-133,-92,-1.15625,-0.906181072585885
2988,1112,616,960,540,-152,-76,-1.75,-1.3944222253753793
2989,1133,603,960,540,-173,-63,-2.40625,-1.8485194885100285
2990,1154,591,960,540,-194,-51,-3.0625,-2.392609656811571
2991,1171,576,960,540,-211,-36,-3.59375,-2.98884716019756
2992,1183,560,960,540,-223,-20,-3.96875,-3.4198516151317637
2993,1201,544,960,540,-241,-4,-4.53125,-4.034356749097146
2994,1223,528,960,540,-263,12,-5.21875,-4.507815913515168
2995,1238,522,960,540,-278,18,-5.6875,-4.810901542063766
2996,1255,521,960,540,-295,19,-6.21875,-4.757889833151172
2997,1267,523,960,540,-307,17,-6.59375,-4.652671078852063
2998,1265,533,960,540,-305,7,-6.53125,-4.264285179921265
2999,1262,543,960,540,-302,-3,-6.4375,-4.049888564152354
3000,1261,549,960,540,-301,-9,-6.40625,-3.7679078566223034
3001,1252,556,960,540,-292,-16,-6.125,-3.4416691464617335
3002,1237,562,960,540,-277,-22,-5.65625,-3.1735882104475044
3003,1223,566,960,540,-263,-26,-5.21875,-3.099431780065954
3004,1217,568,960,540,-257,-28,-5.03125,-3.1099570892171444
3005,1205,585,960,540,-245,-45,-4.65625,-2.5458997382259887
3006,1179,612,960,540,-219,-72,-3.84375,-1.471497725706714
3007,1152,627,960,540,-192,-87,-3.0,-0.8278451022200337
3008,1134,632,960,540,-174,-92,-2.4375,-0.6455053471736596
3009,1116,635,960,540,-156,-95,-1.875,-0.4979141767170354
3010,1093,639,960,540,-133,-99,-1.15625,-0.3479676318735021
3011,1071,643,960,540,-111,-103,-0.46875,-0.3260734695890082
3012,1050,646,960,540,-90,-106,0.1875,-0.06838434235567181
3013,1035,649,960,540,-75,-109,0.65625,0.022792831547524983
3014,1033,648,960,540,-73,-108,0.71875,-0.1497181239518648
3015,1035,645,960,540,-75,-105,0.65625,-0.466814061486001
3016,1033,642,960,540,-73,-102,0.71875,-0.4188829163293004
3017,1032,637,960,540,-72,-97,0.75,-0.5921108322801842
3018,1042,634,960,540,-82,-94,0.4375,-0.7235767730017488
3019,1049,634,960,540,-89,-94,0.21875,-0.860251806436096
3020,1048,636,960,540,-88,-96,0.25,-0.7158691141949474
3021,1050,636,960,540,-90,-96,0.1875,-0.5765014977199217
3022,1055,640,960,540,-95,-100,0.03125,-0.46980689361631
3023,1060,647,960,540,-100,-107,-0.125,-0.2884637295119372
3024,1063,646,960,540,-103,-106,-0.21875,-0.19843366569489795
3025,1067,646,960,540,-107,-106,-0.34375,-0.16197686944494638
3026,1071,645,960,540,-111,-105,-0.46875,-0.2394482233940347
3027,1075,644,960,540,-115,-104,-0.59375,-0.18678790837874848
3028,1078,647,960,540,-118,-107,-0.6875,-0.057886306845025715
3029,1078,653,960,540,-118,-113,-0.6875,0.13494190659030902
3030,1078,658,960,540,-118,-118,-0.6875,0.2529288533497027
3031,1079,665,960,540,-119,-125,-0.71875,0.3714858723459651
3032,1071,663,960,540,-111,-123,-0.46875,0.39303205161510935
3033,1059,659,960,540,-99,-119,-0.09375,0.28676526000887925
3034,1055,658,960,540,-95,-118,0.03125,0.21057101815290036
3035,1054,659,960,540,-94,-119,0.0625,0.18279716313574035
3036,1054,661,960,540,-94,-121,0.0625,0.29246991746955064
3037,1055,662,960,540,-95,-122,0.03125,0.3559097929449324
3038,1057,661,960,540,-97,-121,-0.03125,0.35054560719109684
3039,1057,660,960,540,-97,-120,-0.03125,0.2572757881564707
3040,1058,658,960,540,-98,-118,-0.0625,0.22058458395657166
3041,1059,655,960,540,-99,-115,-0.09375,0.1513602649386092
3042,1062,652,960,540,-102,-112,-0.1875,0.10143206363082857
3043,1066,648,960,540,-106,-108,-0.3125,-0.0949929347382028
3044,1071,646,960,540,-111,-106,-0.46875,-0.11988666919567503
3045,1077,642,960,540,-117,-102,-0.65625,-0.1635694611542906
3046,1082,638,960,540,-122,-98,-0.8125,-0.2760861142810378
3047,1089,637,960,540,-129,-97,-1.03125,-0.35592184541612326
3048,1095,639,960,540,-135,-99,-1.21875,-0.36304742738176055
3049,1102,642,960,540,-142,-102,-1.4375,-0.15913807231688493
3050,1111,643,960,540,-151,-103,-1.71875,0.005961269332414254
3051,1121,646,960,540,-161,-106,-2.03125,0.14710754345670018
3052,1132,648,960,540,-172,-108,-2.375,0.28106373827602527
3053,1140,649,960,540,-180,-109,-2.625,0.3785708715456404
3054,1142,652,960,540,-182,-112,-2.6875,0.5324796036994277
3055,1140,658,960,540,-180,-118,-2.625,0.6042442840036446
3056,1141,661,960,540,-181,-121,-2.65625,0.7625559645872748
3057,1143,661,960,540,-183,-121,-2.71875,0.7579974879831406
3058,1134,661,960,540,-174,-121,-2.4375,0.814533035882564
3059,1125,661,960,540,-165,-121,-2.15625,0.869306916830638
3060,1124,661,960,540,-164,-121,-2.125,0.8315929235603918
3061,1125,660,960,540,-165,-120,-2.15625,0.8822111298943667
3062,1127,653,960,540,-167,-113,-2.21875,0.6453184375135845
3063,1127,647,960,540,-167,-107,-2.21875,0.42184233336843713
3064,1126,648,960,540,-166,-108,-2.1875,0.3763302128900543
3065,1120,648,960,540,-160,-108,-2.0,0.3843795672787369
3066,1108,649,960,540,-148,-109,-1.625,0.34198078052377934
3067,1100,650,960,540,-140,-110,-1.375,0.3820614412886765
3068,1097,652,960,540,-137,-112,-1.28125,0.41801552616367355
3069,1094,656,960,540,-134,-116,-1.1875,0.46923039709002
3070,1092,657,960,540,-132,-117,-1.125,0.5588633447490783
3071,1090,658,960,540,-130,-118,-1.0625,0.5796484925577863
3072,1089,659,960,540,-129,-119,-1.03125,0.5936487054963626
3073,1089,660,960,540,-129,-120,-1.03125,0.6920571016656547
3074,1088,661,960,540,-128,-121,-1.0,0.7179537918096766
3075,1089,661,960,540,-129,-121,-1.03125,0.7380809285732273
3076,1089,660,960,540,-129,-120,-1.03125,0.7302445048976378
3077,1087,661,960,540,-127,-121,-0.96875,0.7305146106824938
3078,1084,661,960,540,-124,-121,-0.875,0.5983934221727467
3079,1082,661,960,540,-122,-121,-0.8125,0.5983934221727467
3080,1080,651,960,540,-120,-111,-0.75,0.2879536282035655
3081,1078,638,960,540,-118,-98,-0.6875,-0.09531883410450837
3082,1076,634,960,540,-116,-94,-0.625,-0.1605289104108425
3083,1072,632,960,540,-112,-92,-0.5,-0.33054928107918613
3084,1054,632,960,540,-94,-92,0.0625,-0.33796299400484653
3085,1040,634,960,540,-80,-94,0.5,-0.24289735163984094
3086,1040,636,960,540,-80,-96,0.5,-0.20345130643884657
3087,1041,636,960,540,-81,-96,0.46875,-0.1896009224960391
3088,1042,642,960,540,-82,-102,0.4375,0.09520126009346885
3089,1042,647,960,540,-82,-107,0.4375,0.12012897269006961
3090,1048,645,960,540,-88,-105,0.25,0.06863069801440691
3091,1060,644,960,540,-100,-104,-0.125,0.05935983457300109
3092,1068,645,960,540,-108,-105,-0.375,0.0795559459314421
3093,1071,646,960,540,-111,-106,-0.46875,0.12870232052235142
3094,1071,646,960,540,-111,-106,-0.46875,0.1558855062212814
3095,1070,646,960,540,-110,-106,-0.4375,0.0968919755368618
3096,1070,647,960,540,-110,-107,-0.4375,0.17523292198060325
3097,1071,649,960,540,-111,-109,-0.46875,0.21700147389895363
3098,1069,650,960,540,-109,-110,-0.40625,0.19290677843032533
3099,1067,652,960,540,-107,-112,-0.34375,0.149009043479007
3100,1066,654,960,540,-106,-114,-0.3125,0.28439689156180625
3101,1065,657,960,540,-105,-117,-0.28125,0.34930799742137086
3102,1061,659,960,540,-101,-119,-0.15625,0.40608714624050446
3103,1059,660,960,540,-99,-120,-0.09375,0.48001413780633984
3104,1059,660,960,540,-99,-120,-0.09375,0.48001413780633984
3105,1060,660,960,540,-100,-120,-0.125,0.550965515581805
3106,1064,662,960,540,-104,-122,-0.25,0.5928033403781554
3107,1070,662,960,540,-110,-122,-0.4375,0.6078124493956403
3108,1077,662,960,540,-117,-122,-0.65625,0.5810625684723694
3109,1085,658,960,540,-125,-118,-0.90625,0.5090963652322342
3110,1093,646,960,540,-133,-106,-1.15625,-0.033260756408302505
3111,1099,633,960,540,-139,-93,-1.34375,-0.40363320442619877
3112,1105,627,960,540,-145,-87,-1.53125,-0.6771719286683067
3113,1110,623,960,540,-150,-83,-1.6875,-0.6797928976376664
3114,1104,619,960,540,-144,-79,-1.5,-0.8895491260029198
3115,1099,613,960,540,-139,-73,-1.34375,-1.213083683318117
3116,1107,607,960,540,-147,-67,-1.59375,-1.4693624217596417
3117,1113,603,960,540,-153,-63,-1.78125,-1.6421781941088671
3118,1121,603,960,540,-161,-63,-2.03125,-1.511275980727469
3119,1127,606,960,540,-167,-66,-2.21875,-1.3675799843353906
3120,1127,605,960,540,-167,-65,-2.21875,-1.453771712060247
3121,1122,605,960,540,-162,-65,-2.0625,-1.4227270437009314
3122,1125,607,960,540,-165,-67,-2.15625,-1.2033695711264505
3123,1131,611,960,540,-171,-71,-2.34375,-1.0557791771935343
3124,1134,616,960,540,-174,-76,-2.4375,-0.8503645108871436
3125,1131,627,960,540,-171,-87,-2.34375,-0.3079358041075406
3126,1119,645,960,540,-159,-105,-1.96875,0.3146569032099644
3127,1108,662,960,540,-148,-122,-1.625,0.9830305305077989
3128,1106,675,960,540,-146,-135,-1.5625,1.6063045506171063
3129,1107,689,960,540,-147,-149,-1.59375,2.2447566063794224
3130,1109,700,960,540,-149,-160,-1.65625,2.69926523751589
3131,1112,706,960,540,-152,-166,-1.75,2.9777515774511043
3132,1113,712,960,540,-153,-172,-1.78125,3.2236198122439323
3133,1114,720,960,540,-154,-180,-1.8125,3.598692730022926
3134,1117,717,960,540,-157,-177,-1.90625,3.580891646644937
3135,1122,711,960,540,-162,-171,-2.0625,3.3498841461589746
3136,1126,713,960,540,-166,-173,-2.1875,3.510240150261307
3137,1128,710,960,540,-168,-170,-2.25,3.5152417816373425
3138,1123,696,960,540,-163,-156,-2.09375,3.0488103846971857
3139,1119,679,960,540,-159,-139,-1.96875,2.3981815592649975
3140,1120,668,960,540,-160,-128,-2.0,1.9630948189091941
3141,1123,665,960,540,-163,-125,-2.09375,1.8519837077980834
3142,1126,665,960,540,-166,-125,-2.1875,1.849972119642013
3143,1123,664,960,540,-163,-124,-2.09375,1.8351796537752545
3144,1115,666,960,540,-155,-126,-1.84375,1.9679313558631941
3145,1110,668,960,540,-150,-128,-1.6875,1.9814478613579452
3146,1111,671,960,540,-151,-131,-1.71875,2.105680961630214
3147,1113,673,960,540,-153,-133,-1.78125,2.1822204707265045
3148,1114,675,960,540,-154,-135,-1.8125,2.24799995058873
3149,1117,675,960,540,-157,-135,-1.90625,2.3275309991444573
3150,1121,669,960,540,-161,-129,-2.03125,2.1273817758096376
3151,1123,654,960,540,-163,-114,-2.09375,1.5147832418513656
3152,1123,644,960,540,-163,-104,-2.09375,1.1474688753227213
3153,1124,643,960,540,-164,-103,-2.125,1.128528049985221
3154,1123,643,960,540,-163,-103,-2.09375,1.1094783598543048
3155,1111,641,960,540,-151,-101,-1.71875,1.039181953888054
3156,1101,640,960,540,-141,-100,-1.40625,1.022246350238373
3157,1101,640,960,540,-141,-100,-1.40625,1.0161312700436875
3158,1101,640,960,540,-141,-100,-1.40625,1.0013746818685378
3159,1101,640,960,540,-141,-100,-1.40625,1.0252494179770872
3160,1102,640,960,540,-142,-100,-1.4375,0.9829831014493617
3161,1104,641,960,540,-144,-101,-1.5,1.0695304020584468
3162,1107,641,960,540,-147,-101,-1.59375,1.05969023089017
3163,1109,642,960,540,-149,-102,-1.65625,1.1057582133114487
3164,1109,643,960,540,-149,-103,-1.65625,1.1300028684705614
3165,1103,642,960,540,-143,-102,-1.46875,1.0711036236311733
3166,1099,641,960,540,-139,-101,-1.34375,1.1249198551390251
3167,1101,640,960,540,-141,-100,-1.40625,1.1041309197206832
3168,1104,633,960,540,-144,-93,-1.5,0.8781912404115353
3169,1106,621,960,540,-146,-81,-1.5625,0.4859218870148325
3170,1108,611,960,540,-148,-71,-1.625,0.0665008049502882
3171,1110,608,960,540,-150,-68,-1.6875,-0.04622111133589435
3172,1110,608,960,540,-150,-68,-1.6875,-0.02563501042720251
3173,1108,608,960,540,-148,-68,-1.625,-0.014859427512111445
3174,1101,609,960,540,-141,-69,-1.40625,0.02473485800657782
3175,1091,613,960,540,-131,-73,-1.09375,0.0931815034184651
3176,1085,618,960,540,-125,-78,-0.90625,0.28640127120332615
3177,1086,620,960,540,-126,-80,-0.9375,0.3844861121397205
3178,1086,622,960,540,-126,-82,-0.9375,0.4520355006659047
3179,1087,622,960,540,-127,-82,-0.96875,0.4528606942770943
3180,1088,622,960,540,-128,-82,-1.0,0.4810160177984435
3181,1089,622,960,540,-129,-82,-1.03125,0.4908554462935011
3182,1089,622,960,540,-129,-82,-1.03125,0.49544892353318337
3183,1089,622,960,540,-129,-82,-1.03125,0.5175834469589948
3184,1088,622,960,540,-128,-82,-1.0,0.5451470356981498
3185,1088,621,960,540,-128,-81,-1.0,0.491950628822424
3186,1087,622,960,540,-127,-82,-0.96875,0.5279779610611031
3187,1087,621,960,540,-127,-81,-0.96875,0.4540226935381586
3188,1086,620,960,540,-126,-80,-0.9375,0.4144448811416557
3189,1085,615,960,540,-125,-75,-0.90625,0.17657864485489316
3190,1085,611,960,540,-125,-71,-0.90625,0.029949697674947817
3191,1083,609,960,540,-123,-69,-0.84375,-0.03062196332862621
3192,1077,609,960,540,-117,-69,-0.65625,-0.009248339202143185
3193,1063,613,960,540,-103,-73,-0.21875,0.15367305873977877
3194,1053,618,960,540,-93,-78,0.09375,0.26905682171344747
3195,1053,618,960,540,-93,-78,0.09375,0.2997819517669855
3196,1052,617,960,540,-92,-77,0.125,0.3063400590065801
3197,1060,617,960,540,-100,-77,-0.125,0.2792479099558518
3198,1073,617,960,540,-113,-77,-0.53125,0.25452320432014686
3199,1078,618,960,540,-118,-78,-0.6875,0.3084235370199879
3200,1078,619,960,540,-118,-79,-0.6875,0.3201171456346765
3201,1072,620,960,540,-112,-80,-0.5,0.3432136636275107
3202,1061,622,960,540,-101,-82,-0.15625,0.42206436980687023
3203,1049,625,960,540,-89,-85,0.21875,0.5029835508529268
3204,1045,629,960,540,-85,-89,0.34375,0.660395465204517
3205,1044,630,960,540,-84,-90,0.375,0.6899893616176391
3206,1052,630,960,540,-92,-90,0.125,0.6644779750368643
3207,1063,631,960,540,-103,-91,-0.21875,0.7360247471383268
3208,1066,631,960,540,-106,-91,-0.3125,0.7535466408869116
3209,1066,631,960,540,-106,-91,-0.3125,0.7135532478556943
3210,1065,629,960,540,-105,-89,-0.28125,0.6758826567647711
3211,1063,621,960,540,-103,-81,-0.21875,0.33793659209881666
3212,1062,615,960,540,-102,-75,-0.1875,0.13461870233865314
3213,1060,617,960,540,-100,-77,-0.125,0.13672497935155725
3214,1057,618,960,540,-97,-78,-0.03125,0.13768630433859919
3215,1055,619,960,540,-95,-79,0.03125,0.20911666220405278
3216,1052,620,960,540,-92,-80,0.125,0.1968692160488903
3217,1046,623,960,540,-86,-83,0.3125,0.291544308847949
3218,1034,626,960,540,-74,-86,0.6875,0.3710131737344202
3219,1023,629,960,540,-63,-89,1.03125,0.4821242848455314
3220,1011,632,960,540,-51,-92,1.40625,0.5098709290168633
3221,991,637,960,540,-31,-97,2.03125,0.6677325064637891
3222,972,644,960,540,-12,-104,2.625,0.8442963144916908
3223,945,661,960,540,15,-121,3.46875,1.2732409405011857
3224,913,687,960,540,47,-147,4.46875,2.1090639297942837
3225,888,714,960,540,72,-174,5.25,3.0325359925447786
3226,873,755,960,540,87,-215,5.71875,4.309367200985947
3227,858,805,960,540,102,-265,6.1875,6.148646643463893
3228,839,850,960,540,121,-310,6.78125,7.7736520226601815
3229,831,882,960,540,129,-342,7.03125,9.023877805433766
3230,838,898,960,540,122,-358,6.8125,9.531090682373597
3231,841,908,960,540,119,-368,6.71875,9.901461052743969
3232,842,919,960,540,118,-379,6.6875,10.913702978242027
3233,856,930,960,540,104,-390,6.25,11.054019016930942
3234,876,929,960,540,84,-389,5.625,10.917922729125841
3235,889,920,960,540,71,-380,5.21875,10.548013758936975
3236,893,916,960,540,67,-376,5.09375,10.340293237539179
3237,905,919,960,540,55,-379,4.71875,10.58920561376332
3238,921,927,960,540,39,-387,4.21875,10.903271506638976
3239,925,937,960,540,35,-397,4.09375,11.417693339591759
3240,934,941,960,540,26,-401,3.8125,11.452950333528317
3241,950,932,960,540,10,-392,3.3125,10.802096913195724
3242,960,912,960,540,0,-372,3.0,9.902087737940779
3243,963,887,960,540,-3,-347,2.90625,8.942124329953481
3244,965,856,960,540,-5,-316,2.84375,7.722111746934936
3245,967,836,960,540,-7,-296,2.78125,6.993998104220669
3246,975,823,960,540,-15,-283,2.53125,6.454550173656894
3247,989,796,960,540,-29,-256,2.09375,5.690869400955982
3248,1001,758,960,540,-41,-218,1.71875,4.26095608434009
3249,1004,715,960,540,-44,-175,1.625,2.5947810754971146
3250,1005,674,960,540,-45,-134,1.59375,1.0979795067162277
3251,1007,641,960,540,-47,-101,1.53125,0.04795499363379996
3252,1011,617,960,540,-51,-77,1.40625,-0.9522108856585576
3253,1013,596,960,540,-53,-56,1.34375,-1.795493897624775
3254,1015,578,960,540,-55,-38,1.28125,-2.38381574652287
3255,1016,565,960,540,-56,-25,1.25,-2.822741932600829
3256,1017,559,960,540,-57,-19,1.21875,-3.101658437336034
3257,1018,553,960,540,-58,-13,1.1875,-3.316060701770986
3258,1020,545,960,540,-60,-5,1.125,-3.5466813938744437
3259,1023,546,960,540,-63,-6,1.03125,-3.5706116174595204
3260,1026,555,960,540,-66,-15,0.9375,-3.1476310682922524
3261,1030,557,960,540,-70,-17,0.8125,-3.084692197360007
3262,1032,554,960,540,-72,-14,0.75,-3.0680960596186595
3263,1042,544,960,540,-82,-4,0.4375,-3.5361319001348717
3264,1060,543,960,540,-100,-3,-0.125,-3.5067061979593204
3265,1070,553,960,540,-110,-13,-0.4375,-2.9857916914253995
3266,1073,556,960,540,-113,-16,-0.53125,-2.923350626763127
3267,1075,548,960,540,-115,-8,-0.59375,-3.1123924448910145
3268,1073,535,960,540,-113,5,-0.53125,-3.6633251866269374
3269,1064,525,960,540,-104,15,-0.25,-4.0736106289239125
3270,1061,515,960,540,-101,25,-0.15625,-4.353177946224444
3271,1064,501,960,540,-104,39,-0.25,-4.920127319261535
3272,1068,495,960,540,-108,45,-0.375,-5.138000279081033
3273,1074,494,960,540,-114,46,-0.5625,-5.12430972285936
3274,1081,482,960,540,-121,58,-0.78125,-5.40915284729707
3275,1089,468,960,540,-129,72,-1.03125,-5.856587398366912
3276,1097,466,960,540,-137,74,-1.28125,-6.0479664939782705
3277,1102,466,960,540,-142,74,-1.4375,-6.0479664939782705
3278,1106,479,960,540,-146,61,-1.5625,-5.644024260174296
3279,1113,490,960,540,-153,50,-1.78125,-5.026973626843359
3280,1121,482,960,540,-161,58,-2.03125,-5.346710746439646
3281,1128,475,960,540,-168,65,-2.25,-5.574749676720172
3282,1129,474,960,540,-169,66,-2.28125,-5.629249885980821
3283,1123,491,960,540,-163,49,-2.09375,-4.930461664482057
3284,1123,511,960,540,-163,29,-2.09375,-4.157289108938535
3285,1132,513,960,540,-172,27,-2.375,-4.081269823027059
3286,1138,509,960,540,-178,31,-2.5625,-4.193319436268146
3287,1132,522,960,540,-172,18,-2.375,-3.761673284528762
3288,1126,542,960,540,-166,-2,-2.1875,-2.986910199018755
3289,1129,551,960,540,-169,-11,-2.28125,-2.5660552371406906
3290,1132,550,960,540,-172,-10,-2.375,-2.6269853917865196
3291,1130,547,960,540,-170,-7,-2.3125,-2.7814956392343335
3292,1120,546,960,540,-160,-6,-2.0,-2.791681807948169
3293,1111,545,960,540,-151,-5,-1.71875,-2.8075603107873754
3294,1108,545,960,540,-148,-5,-1.625,-2.8374720033449363
3295,1106,545,960,540,-146,-5,-1.5625,-2.7939842750125594
3296,1104,558,960,540,-144,-18,-1.5,-2.298952808489561
3297,1101,573,960,540,-141,-33,-1.40625,-1.7180920986429984
3298,1100,575,960,540,-140,-35,-1.375,-1.6159247630375613
3299,1101,574,960,540,-141,-34,-1.40625,-1.6516308316422696
3300,1102,574,960,540,-142,-34,-1.4375,-1.6594199336100983
3301,1105,575,960,540,-145,-35,-1.53125,-1.680131072744699
3302,1108,574,960,540,-148,-34,-1.625,-1.6782664685553113
3303,1110,571,960,540,-150,-31,-1.6875,-1.7342295587490464
3304,1107,567,960,540,-147,-27,-1.59375,-1.80291643017868
3305,1101,562,960,540,-141,-22,-1.40625,-1.971041100407529
3306,1101,559,960,540,-141,-19,-1.40625,-2.0331319025375763
3307,1106,559,960,540,-146,-19,-1.5625,-2.0705753448668904
3308,1111,563,960,540,-151,-23,-1.71875,-1.9230529524980102
3309,1117,573,960,540,-157,-33,-1.90625,-1.4943801612272114
3310,1122,582,960,540,-162,-42,-2.0625,-1.1115401632026707
3311,1127,584,960,540,-167,-44,-2.21875,-1.0231432928308275
3312,1132,584,960,540,-172,-44,-2.375,-1.1089472987152755
3313,1133,583,960,540,-173,-43,-2.40625,-1.0950095245311076
3314,1122,583,960,540,-162,-43,-2.0625,-1.060084600520684
3315,1112,586,960,540,-152,-46,-1.75,-1.0353764120521594
3316,1114,589,960,540,-154,-49,-1.8125,-0.9543852032320099
3317,1115,592,960,540,-155,-52,-1.84375,-0.8237754516245064
3318,1115,593,960,540,-155,-53,-1.84375,-0.7724097945243642
3319,1114,595,960,540,-154,-55,-1.8125,-0.6925952583049124
3320,1112,596,960,540,-152,-56,-1.75,-0.6171458795213169
3321,1105,597,960,540,-145,-57,-1.53125,-0.542081117357355
3322,1094,597,960,540,-134,-57,-1.1875,-0.538185686873458
3323,1088,598,960,540,-128,-58,-1.0,-0.49622115822370017
3324,1088,600,960,540,-128,-60,-1.0,-0.42214708414962576
3325,1087,602,960,540,-127,-62,-0.96875,-0.35147444763476043
3326,1084,606,960,540,-124,-66,-0.875,-0.1543218601597256
3327,1082,610,960,540,-122,-70,-0.8125,0.005709304911091007
3328,1079,611,960,540,-119,-71,-0.71875,-0.020159057244228062
3329,1077,612,960,540,-117,-72,-0.65625,-0.027587564600112913
3330,1077,615,960,540,-117,-75,-0.65625,0.051909560149659306
3331,1076,619,960,540,-116,-79,-0.625,0.4380578326710376
3332,1075,624,960,540,-115,-84,-0.59375,0.6538753494586413
3333,1075,628,960,540,-115,-88,-0.59375,0.8087899027205134
3334,1075,630,960,540,-115,-90,-0.59375,0.8828639767945874
3335,1074,633,960,540,-114,-93,-0.5625,0.8641890559246179
3336,1074,638,960,540,-114,-98,-0.5625,1.0846155744432529
3337,1074,640,960,540,-114,-100,-0.5625,1.1744824648895533
3338,1074,639,960,540,-114,-99,-0.5625,1.0948790521522316
3339,1073,637,960,540,-113,-97,-0.53125,1.0614869731978658
3340,1072,628,960,540,-112,-88,-0.5,0.7425459956739542
3341,1070,619,960,540,-110,-79,-0.4375,0.27417785603065914
3342,1070,617,960,540,-110,-77,-0.4375,0.07874915196202892
3343,1071,615,960,540,-111,-75,-0.46875,0.06780141152385921
3344,1074,615,960,540,-114,-75,-0.5625,0.001191920162677551
3345,1075,615,960,540,-115,-75,-0.59375,-0.0022054299789573406
3346,1076,618,960,540,-116,-78,-0.625,0.170939921601994
3347,1076,625,960,540,-116,-85,-0.625,0.4118659636657842
3348,1075,628,960,540,-115,-88,-0.59375,0.44009510740883906
3349,1074,628,960,540,-114,-88,-0.5625,0.538488850193803
3350,1073,626,960,540,-113,-86,-0.53125,0.40585889281110443
3351,1072,625,960,540,-112,-85,-0.5,0.4047601854067251
3352,1072,623,960,540,-112,-83,-0.5,0.26669488870307534
3353,1067,621,960,540,-107,-81,-0.34375,0.13232745611643582
3354,1058,616,960,540,-98,-76,-0.0625,0.07007135597341518
3355,1048,608,960,540,-88,-68,0.25,-0.22082364476941363
3356,1046,606,960,540,-86,-66,0.3125,-0.3792906882058049
3357,1053,605,960,540,-93,-65,0.09375,-0.40013453927926745
3358,1067,609,960,540,-107,-69,-0.34375,-0.15108874268432793
3359,1076,613,960,540,-116,-73,-0.625,-0.03702236291294847
3360,1077,609,960,540,-117,-69,-0.65625,-0.22839678663163232
3361,1078,606,960,540,-118,-66,-0.6875,-0.2943352409104776
3362,1078,604,960,540,-118,-64,-0.6875,-0.3830732409912483
3363,1078,603,960,540,-118,-63,-0.6875,-0.36990019194088886
3364,1074,602,960,540,-114,-62,-0.5625,-0.35568292748877894
3365,1062,602,960,540,-102,-62,-0.1875,-0.4020798840761812
3366,1054,603,960,540,-94,-63,0.0625,-0.37910783710673446
3367,1056,605,960,540,-96,-65,0.0,-0.3003979509363406
3368,1057,605,960,540,-97,-65,-0.03125,-0.22849238784908943
3369,1059,606,960,540,-99,-66,-0.09375,-0.17115372385051275
3370,1062,608,960,540,-102,-68,-0.1875,-0.10444825953288328
3371,1065,608,960,540,-105,-68,-0.28125,-0.14023534684493733
3372,1069,608,960,540,-109,-68,-0.40625,-0.10856734982291494
3373,1071,606,960,540,-111,-66,-0.46875,-0.21544835485137792
3374,1072,605,960,540,-112,-65,-0.5,-0.22658748625581726
3375,1073,604,960,540,-113,-64,-0.53125,-0.31151630407764674
3376,1074,604,960,540,-114,-64,-0.5625,-0.31535937276719306
3377,1074,603,960,540,-114,-63,-0.5625,-0.36189266830996036
3378,1074,603,960,540,-114,-63,-0.5625,-0.38561520036650565
3379,1074,603,960,540,-114,-63,-0.5625,-0.3757679173989521
3380,1075,602,960,540,-115,-62,-0.59375,-0.4432173191781512
3381,1075,601,960,540,-115,-61,-0.59375,-0.4489633855973567
3382,1074,602,960,540,-114,-62,-0.5625,-0.4119263485603195
3383,1073,599,960,540,-113,-59,-0.53125,-0.5172281575984696
3384,1071,595,960,540,-111,-55,-0.46875,-0.6029789907341305
3385,1067,593,960,540,-107,-53,-0.34375,-0.7504376789478902
3386,1064,592,960,540,-104,-52,-0.25,-0.7453842094754475
3387,1064,592,960,540,-104,-52,-0.25,-0.7605061320847841
3388,1065,592,960,540,-105,-52,-0.28125,-0.7175908922507757
3389,1066,591,960,540,-106,-51,-0.3125,-0.8572564252934889
3390,1067,591,960,540,-107,-51,-0.34375,-0.7916220820688031
3391,1070,591,960,540,-110,-51,-0.4375,-0.7930490924151243
3392,1072,589,960,540,-112,-49,-0.5,-0.8491908533100176
3393,1075,589,960,540,-115,-49,-0.59375,-0.9435360734168865
3394,1076,596,960,540,-116,-56,-0.625,-0.6548795475579161
3395,1077,608,960,540,-117,-68,-0.65625,-0.19618134508814267
3396,1078,615,960,540,-118,-75,-0.6875,0.04709332950986589
3397,1081,619,960,540,-121,-79,-0.78125,0.24359143816300532
3398,1083,621,960,540,-123,-81,-0.84375,0.33790679450579164
3399,1083,621,960,540,-123,-81,-0.84375,0.3190724519947068
3400,1084,622,960,540,-124,-82,-0.875,0.3693678823975901
3401,1085,615,960,540,-125,-75,-0.90625,0.2004573455702161
3402,1084,606,960,540,-124,-66,-0.875,-0.11818192601643496
3403,1081,605,960,540,-121,-65,-0.78125,-0.17341225576610197
3404,1071,605,960,540,-111,-65,-0.46875,-0.21507598382228021
3405,1054,606,960,540,-94,-66,0.0625,-0.16815811940756653
3406,1046,608,960,540,-86,-68,0.3125,-0.12110525213006085
3407,1045,610,960,540,-85,-70,0.34375,-0.10700793716818158
3408,1044,610,960,540,-84,-70,0.375,-0.04409888244226723
3409,1043,609,960,540,-83,-69,0.40625,-0.05471131609540425
3410,1044,609,960,540,-84,-69,0.375,-0.03837929896163672
3411,1044,608,960,540,-84,-68,0.375,-0.07211208876775999
3412,1044,607,960,540,-84,-67,0.375,-0.11644438284566272
3413,1045,607,960,540,-85,-67,0.34375,-0.1293680683708276
3414,1045,606,960,540,-85,-66,0.34375,-0.14225431908633723
3415,1045,605,960,540,-85,-65,0.34375,-0.18028120366127265
3416,1045,604,960,540,-85,-64,0.34375,-0.20738569090473513
3417,1045,604,960,540,-85,-64,0.34375,-0.22132745045553426
3418,1044,605,960,540,-84,-65,0.375,-0.18086659498243085
3419,1045,606,960,540,-85,-66,0.34375,-0.18123197573689787
3420,1046,607,960,540,-86,-67,0.3125,-0.07403923006189883
3421,1047,607,960,540,-87,-67,0.28125,-0.15352201523846665
3422,1049,608,960,540,-89,-68,0.21875,-0.058698773881008304
3423,1050,609,960,540,-90,-69,0.1875,-0.015439417565163982
3424,1051,608,960,540,-91,-68,0.15625,-0.043649936282815105
3425,1053,608,960,540,-93,-68,0.09375,-0.032577482481797926
3426,1053,607,960,540,-93,-67,0.09375,-0.06961451951883468
3427,1052,607,960,540,-92,-67,0.125,-0.08537954571429873
3428,1053,607,960,540,-93,-67,0.09375,-0.12040976922788227
3429,1055,606,960,540,-95,-66,0.03125,-0.13247616792045536
3430,1057,604,960,540,-97,-64,-0.03125,-0.20194382973043412
3431,1058,602,960,540,-98,-62,-0.0625,-0.3230418587998529
3432,1060,600,960,540,-100,-60,-0.125,-0.4010553131783645
3433,1061,599,960,540,-101,-59,-0.15625,-0.5206041887792678
3434,1062,599,960,540,-102,-59,-0.1875,-0.5019749874082637
3435,1063,598,960,540,-103,-58,-0.21875,-0.5390120244453009
3436,1062,598,960,540,-102,-58,-0.1875,-0.5263602205360658
3437,1062,598,960,540,-102,-58,-0.1875,-0.5317824564463032
3438,1062,601,960,540,-102,-61,-0.1875,-0.49407662752882286
3439,1063,607,960,540,-103,-67,-0.21875,-0.013543284758249285
3440,1064,612,960,540,-104,-72,-0.25,0.10130260909365951
3441,1063,612,960,540,-103,-72,-0.21875,0.0662119982578857
3442,1062,613,960,540,-102,-73,-0.1875,0.16798951458132816
3443,1059,609,960,540,-99,-69,-0.09375,-0.011367824064558274
3444,1058,603,960,540,-98,-63,-0.0625,-0.34596568068729283
3445,1057,600,960,540,-97,-60,-0.03125,-0.43197193232251907
3446,1056,599,960,540,-96,-59,0.0,-0.4657544175320276
3447,1057,598,960,540,-97,-58,-0.03125,-0.5105408281658379
3448,1059,599,960,540,-99,-59,-0.09375,-0.541343747640251
3449,1060,599,960,540,-100,-59,-0.125,-0.47169073433218234
3450,1059,598,960,540,-99,-58,-0.09375,-0.4745492781070171
3451,1060,597,960,540,-100,-57,-0.125,-0.5948718893161318
3452,1060,604,960,540,-100,-64,-0.125,-0.20440387009422922
3453,1061,611,960,540,-101,-71,-0.15625,0.05196158855797206
3454,1062,612,960,540,-102,-72,-0.1875,0.09205898028432014
3455,1061,613,960,540,-101,-73,-0.15625,0.17816176303085607
3456,1059,614,960,540,-99,-74,-0.09375,0.23770415253116806
3457,1058,615,960,540,-98,-75,-0.0625,0.15772690160864622
3458,1056,617,960,540,-96,-77,0.0,0.21886468715290652
3459,1055,617,960,540,-95,-77,0.03125,0.2809419637495818
3460,1052,616,960,540,-92,-76,0.125,0.17899405222256615
3461,1049,617,960,540,-89,-77,0.21875,0.23626702222753693
3462,1044,618,960,540,-84,-78,0.375,0.2792403936258916
3463,1041,618,960,540,-81,-78,0.46875,0.27433512659440096
3464,1040,619,960,540,-80,-79,0.5,0.2891236211918846
3465,1039,620,960,540,-79,-80,0.53125,0.30893541900639665
3466,1039,621,960,540,-79,-81,0.53125,0.3029290073485438
3467,1039,622,960,540,-79,-82,0.53125,0.37084887599791205
3468,1041,624,960,540,-81,-84,0.46875,0.3808577209586881
3469,1051,625,960,540,-91,-85,0.15625,0.3871931897873018
3470,1058,626,960,540,-98,-86,-0.0625,0.4356226553285669
3471,1056,628,960,540,-96,-88,0.0,0.5451182447683842
3472,1055,629,960,540,-95,-89,0.03125,0.5425121728824842
3473,1054,629,960,540,-94,-89,0.0625,0.5555386210216562
3474,1054,629,960,540,-94,-89,0.0625,0.5146191831889304
3475,1055,630,960,540,-95,-90,0.03125,0.5782891094057585
3476,1056,627,960,540,-96,-87,0.0,0.48012668620083776
3477,1056,618,960,540,-96,-78,0.0,0.1452912645819353
3478,1056,612,960,540,-96,-72,0.0,-0.057221190840366365
3479,1055,610,960,540,-95,-70,0.03125,-0.10820571581438543
3480,1056,610,960,540,-96,-70,0.0,-0.10820571581438543
3481,1055,610,960,540,-95,-70,0.03125,-0.15633122041983816
3482,1054,611,960,540,-94,-71,0.0625,-0.12692728555597332
3483,1052,610,960,540,-92,-70,0.125,-0.10086438107043305
3484,1049,608,960,540,-89,-68,0.21875,-0.11640537359843561
3485,1047,606,960,540,-87,-66,0.28125,-0.2489130683352423
3486,1045,605,960,540,-85,-65,0.34375,-0.25415571578638607
3487,1044,605,960,540,-84,-65,0.375,-0.3293916023564938
3488,1043,608,960,540,-83,-68,0.40625,-0.19205028109357292
3489,1042,610,960,540,-82,-70,0.4375,-0.10652145531139157
3490,1043,611,960,540,-83,-71,0.40625,-0.1081201110020662
3491,1043,609,960,540,-83,-69,0.40625,-0.16921278881013668
3492,1043,606,960,540,-83,-66,0.40625,-0.3132895077150879
3493,1043,604,960,540,-83,-64,0.40625,-0.3904478614302498
3494,1043,602,960,540,-83,-62,0.40625,-0.44465492901883197
3495,1043,602,960,540,-83,-62,0.40625,-0.4112625304010131
3496,1043,602,960,540,-83,-62,0.40625,-0.3434996704149489
3497,1043,604,960,540,-83,-64,0.40625,-0.3110179207335513
3498,1044,604,960,540,-84,-64,0.375,-0.25628709767320546
3499,1045,604,960,540,-85,-64,0.34375,-0.26472205854563136
3500,1046,604,960,540,-86,-64,0.3125,-0.19659186100174653
3501,1048,603,960,540,-88,-63,0.25,-0.2821459984158219
3502,1050,600,960,540,-90,-60,0.1875,-0.3976745207290673
3503,1051,598,960,540,-91,-58,0.15625,-0.4048146522844549
3504,1054,596,960,540,-94,-56,0.0625,-0.5478926505749668
3505,1058,590,960,540,-98,-50,-0.0625,-0.7415791804393259
3506,1060,587,960,540,-100,-47,-0.125,-0.8586298275895154
3507,1061,586,960,540,-101,-46,-0.15625,-1.0144327567151197
3508,1060,582,960,540,-100,-42,-0.125,-1.1265245826866073
3509,1057,582,960,540,-97,-42,-0.03125,-1.1421933368918369
3510,1054,594,960,540,-94,-54,0.0625,-0.4959410575208669
3511,1052,611,960,540,-92,-71,0.125,0.26198768057942123
3512,1052,620,960,540,-92,-80,0.125,0.5584560226655113
3513,1049,623,960,540,-89,-83,0.21875,0.7015698092118532
3514,1048,626,960,540,-88,-86,0.25,0.9255201606046932
3515,1048,625,960,540,-88,-85,0.25,0.7377629155314511
3516,1047,623,960,540,-87,-83,0.28125,0.6215934292178127
3517,1046,624,960,540,-86,-84,0.3125,0.7054047857669752
3518,1043,623,960,540,-83,-83,0.40625,0.6619374218578238
3519,1038,622,960,540,-78,-82,0.5625,0.7156942186552051
3520,1030,624,960,540,-70,-84,0.8125,0.706308043159364
3521,1031,627,960,540,-71,-87,0.78125,0.8639232210595233
3522,1035,630,960,540,-75,-90,0.65625,0.8921295907485574
3523,1032,627,960,540,-72,-87,0.75,0.696790058951914
3524,1032,624,960,540,-72,-84,0.75,0.5649803742462347
3525,1034,623,960,540,-74,-83,0.6875,0.5430581178952227
3526,1031,620,960,540,-71,-80,0.78125,0.42015792616262804
3527,1029,620,960,540,-69,-80,0.84375,0.42015792616262804
3528,1030,623,960,540,-70,-83,0.8125,0.6529914043195935
3529,1034,628,960,540,-74,-88,0.6875,0.8713532326835209
3530,1033,628,960,540,-73,-88,0.71875,0.6811900106310453
3531,1030,627,960,540,-70,-87,0.8125,0.7224896219583452
3532,1025,625,960,540,-65,-85,0.96875,0.5704181088054487
3533,1020,622,960,540,-60,-82,1.125,0.4207513633751372
3534,1019,622,960,540,-59,-82,1.15625,0.4790832711792783
3535,1028,622,960,540,-68,-82,0.875,0.4058027306861214
3536,1042,623,960,540,-82,-83,0.4375,0.48902203746375994
3537,1049,624,960,540,-89,-84,0.21875,0.6087210476204996
3538,1052,623,960,540,-92,-83,0.125,0.5126751455266056
3539,1056,623,960,540,-96,-83,0.0,0.5959995329173831
3540,1059,624,960,540,-99,-84,-0.09375,0.693479936640689
3541,1044,627,960,540,-84,-87,0.375,0.6604969250817398
3542,1026,628,960,540,-66,-88,0.9375,0.8106408421688833
3543,1023,628,960,540,-63,-88,1.03125,0.7479292547620502
3544,1023,628,960,540,-63,-88,1.03125,0.7762208771851005
3545,1029,627,960,540,-69,-87,0.84375,0.7046739545248215
3546,1031,612,960,540,-71,-72,0.78125,-0.12025738535063946
3547,1042,593,960,540,-82,-53,0.4375,-0.7556418863288008
3548,1060,586,960,540,-100,-46,-0.125,-0.88743891896066
3549,1070,589,960,540,-110,-49,-0.4375,-0.733387300967401
3550,1074,592,960,540,-114,-52,-0.5625,-0.5928806898544765
3551,1074,601,960,540,-114,-61,-0.5625,-0.1878354595545937
3552,1076,610,960,540,-116,-70,-0.625,0.20057255373655192
3553,1077,615,960,540,-117,-75,-0.65625,0.3984955513845474
3554,1078,619,960,540,-118,-79,-0.6875,0.5466436995326953
3555,1074,622,960,540,-114,-82,-0.5625,0.7397082505182278
3556,1062,623,960,540,-102,-83,-0.1875,0.7680884832975008
3557,1049,624,960,540,-89,-84,0.21875,0.7425592363113882
3558,1045,626,960,540,-85,-86,0.34375,0.9475313784204991
3559,1046,628,960,540,-86,-88,0.3125,0.9971448415518918
3560,1046,624,960,540,-86,-84,0.3125,0.7603068990892683
3561,1045,616,960,540,-85,-76,0.34375,0.45945748747380577
3562,1047,611,960,540,-87,-71,0.28125,0.2523748848226868
3563,1052,607,960,540,-92,-67,0.125,0.06991949056071789
3564,1062,610,960,540,-102,-70,-0.1875,0.23093330363247278
3565,1071,614,960,540,-111,-74,-0.46875,0.5470973105665986
3566,1071,612,960,540,-111,-72,-0.46875,0.2954944545363496
3567,1071,610,960,540,-111,-70,-0.46875,0.41909751915658733
3568,1072,614,960,540,-112,-74,-0.5,0.5472440458433288
3569,1073,610,960,540,-113,-70,-0.53125,0.10220121871280208
3570,1075,603,960,540,-115,-63,-0.59375,-0.19345882934945102
3571,1081,600,960,540,-121,-60,-0.78125,-0.3628255225245973
3572,1083,601,960,540,-123,-61,-0.84375,-0.30868529530600064
3573,1074,600,960,540,-114,-60,-0.5625,-0.41087669902170987
3574,1058,589,960,540,-98,-49,-0.0625,-1.0406379072767191
3575,1049,578,960,540,-89,-38,0.21875,-1.440340412276357
3576,1049,579,960,540,-89,-39,0.21875,-1.4844882730201958
3577,1048,583,960,540,-88,-43,0.25,-1.2949427909261604
3578,1047,587,960,540,-87,-47,0.28125,-1.1332518199566095
3579,1045,592,960,540,-85,-52,0.34375,-0.8949542152276304
3580,1044,600,960,540,-84,-60,0.375,-0.582340344195329
3581,1044,603,960,540,-84,-63,0.375,-0.4570569569256726
3582,1044,603,960,540,-84,-63,0.375,-0.45446394204745966
3583,1044,601,960,540,-84,-61,0.375,-0.5416832362282866
3584,1044,600,960,540,-84,-60,0.375,-0.576096873028642
3585,1041,599,960,540,-81,-59,0.46875,-0.5523014679012919
3586,1040,598,960,540,-80,-58,0.5,-0.6333285327000038
3587,1040,597,960,540,-80,-57,0.5,-0.6660665002718194
3588,1040,597,960,540,-80,-57,0.5,-0.7098687279288707
3589,1041,597,960,540,-81,-57,0.46875,-0.7165946935912384
3590,1044,596,960,540,-84,-56,0.375,-0.7691231991023701
3591,1050,594,960,540,-90,-54,0.1875,-0.7936706338478463
3592,1062,591,960,540,-102,-51,-0.1875,-0.916231192853024
3593,1074,589,960,540,-114,-49,-0.5625,-1.0009349158569154
3594,1081,587,960,540,-121,-47,-0.78125,-1.0355438973689883
3595,1083,586,960,540,-123,-46,-0.84375,-1.1004260322798363
3596,1078,592,960,540,-118,-52,-0.6875,-0.9016343742579684
3597,1068,607,960,540,-108,-67,-0.375,-0.29593741894535786
3598,1063,615,960,540,-103,-75,-0.21875,-0.004155293067014565
3599,1063,616,960,540,-103,-76,-0.21875,0.036320732384036436
3600,1064,617,960,540,-104,-77,-0.25,0.08768717189313247
3601,1063,618,960,540,-103,-78,-0.21875,0.11320244807574076
3602,1063,618,960,540,-103,-78,-0.21875,0.0957460094784035
3603,1062,619,960,540,-102,-79,-0.1875,0.13925604354674226
3604,1061,620,960,540,-101,-80,-0.15625,0.17190432271267042
3605,1060,618,960,540,-100,-78,-0.125,0.08781638797112556
3606,1059,618,960,540,-99,-78,-0.09375,0.12043661950288653
3607,1058,620,960,540,-98,-80,-0.0625,0.19819213328291418
3608,1058,621,960,540,-98,-81,-0.0625,0.21936158040915377
3609,1057,620,960,540,-97,-80,-0.03125,0.19372529760803037
3610,1057,619,960,540,-97,-79,-0.03125,0.16451405729238378
3611,1056,620,960,540,-96,-80,0.0,0.21079589904672957
3612,1056,620,960,540,-96,-80,0.0,0.23329077799324294
3613,1056,620,960,540,-96,-80,0.0,0.19460129687980565
3614,1055,621,960,540,-95,-81,0.03125,0.23589988957865504
3615,1055,621,960,540,-95,-81,0.03125,0.22233366115421482
3616,1055,621,960,540,-95,-81,0.03125,0.20511266269365258
3617,1056,621,960,540,-96,-81,0.0,0.2106037533053815
3618,1056,622,960,540,-96,-82,0.0,0.23426243253285195
3619,1057,622,960,540,-97,-82,-0.03125,0.24796008087005816
3620,1056,622,960,540,-96,-82,0.0,0.2379589572439773
3621,1057,623,960,540,-97,-83,-0.03125,0.2749959942810145
3622,1056,622,960,540,-96,-82,0.0,0.26889713050838493
3623,1055,621,960,540,-95,-81,0.03125,0.24671199827420764
3624,1053,619,960,540,-93,-79,0.09375,0.1731310452146868
3625,1049,616,960,540,-89,-76,0.21875,0.08886208324379963
3626,1045,615,960,540,-85,-75,0.34375,-0.03462294867386806
3627,1040,613,960,540,-80,-73,0.5,-0.055690642068373375
3628,1036,610,960,540,-76,-70,0.625,-0.247975179890362
3629,1035,609,960,540,-75,-69,0.65625,-0.1663212416567359
3630,1036,609,960,540,-76,-69,0.625,-0.16933451182164028
3631,1037,609,960,540,-77,-69,0.59375,-0.17537661118268488
3632,1037,608,960,540,-77,-68,0.59375,-0.2526070793903745
3633,1036,607,960,540,-76,-67,0.625,-0.355678513484631
3634,1037,607,960,540,-77,-67,0.59375,-0.29628188477342965
3635,1038,607,960,540,-78,-67,0.5625,-0.3223204346173265
3636,1039,607,960,540,-79,-67,0.53125,-0.2638081675399393
3637,1041,607,960,540,-81,-67,0.46875,-0.29464756793508284
3638,1048,607,960,540,-88,-67,0.25,-0.22487833955532555
3639,1059,608,960,540,-99,-68,-0.09375,-0.15237301047172958
3640,1066,607,960,540,-106,-67,-0.3125,-0.24668885324721845
3641,1065,606,960,540,-105,-66,-0.28125,-0.2853800343146231
3642,1057,605,960,540,-97,-65,-0.03125,-0.3510977660800507
3643,1047,605,960,540,-87,-65,0.28125,-0.35959737049793894
3644,1044,605,960,540,-84,-65,0.375,-0.3594162148735518
3645,1047,604,960,540,-87,-64,0.28125,-0.45113940075743963
3646,1048,604,960,540,-88,-64,0.25,-0.419990375575118
3647,1049,604,960,540,-89,-64,0.21875,-0.4202472464047955
3648,1049,604,960,540,-89,-64,0.21875,-0.3837346298507738
3649,1050,604,960,540,-90,-64,0.1875,-0.3322056916573324
3650,1052,605,960,540,-92,-65,0.125,-0.3352571189895368
3651,1052,605,960,540,-92,-65,0.125,-0.3363014171920171
3652,1052,605,960,540,-92,-65,0.125,-0.3139039293624917
3653,1051,605,960,540,-91,-65,0.15625,-0.2925415274215726
3654,1051,605,960,540,-91,-65,0.15625,-0.31003170109291966
3655,1051,606,960,540,-91,-66,0.15625,-0.26469519609195613
3656,1052,606,960,540,-92,-66,0.125,-0.2589369685372733
3657,1053,607,960,540,-93,-67,0.09375,-0.2359778129204626
3658,1053,607,960,540,-93,-67,0.09375,-0.22204219959992955
3659,1053,607,960,540,-93,-67,0.09375,-0.19572598929445162
3660,1054,607,960,540,-94,-67,0.0625,-0.2090847394324471
3661,1053,607,960,540,-93,-67,0.09375,-0.23065185783313735
3662,1052,607,960,540,-92,-67,0.125,-0.26237613160718753
3663,1052,607,960,540,-92,-67,0.125,-0.2438922385166089
3664,1051,607,960,540,-91,-67,0.15625,-0.25769599182210357
3665,1050,606,960,540,-90,-66,0.1875,-0.29511406920950023
3666,1050,606,960,540,-90,-66,0.1875,-0.2565766558096776
3667,1050,606,960,540,-90,-66,0.1875,-0.26377193214126926
3668,1049,607,960,540,-89,-67,0.21875,-0.2145675839110628
3669,1049,606,960,540,-89,-66,0.21875,-0.24602301497401013
3670,1050,606,960,540,-90,-66,0.1875,-0.2655886500625706
3671,1049,606,960,540,-89,-66,0.21875,-0.28360845358530984
3672,1048,606,960,540,-88,-66,0.25,-0.3344745206535573
3673,1048,607,960,540,-88,-67,0.25,-0.3176032923225218
3674,1049,608,960,540,-89,-68,0.21875,-0.3086139536386283
3675,1049,611,960,540,-89,-71,0.21875,-0.1843295699419425
3676,1050,615,960,540,-90,-75,0.1875,-0.07425199511743896
3677,1051,619,960,540,-91,-79,0.15625,0.12745002324235033
3678,1052,621,960,540,-92,-81,0.125,0.2736486805532312
3679,1052,621,960,540,-92,-81,0.125,0.2736486805532312
3680,1052,619,960,540,-92,-79,0.125,0.2675188543398823
3681,1052,616,960,540,-92,-76,0.125,0.16260976030009244
3682,1053,615,960,540,-93,-75,0.09375,0.0931785886744545
3683,1053,615,960,540,-93,-75,0.09375,0.10501085953670586
3684,1052,614,960,540,-92,-74,0.125,0.11121982394939334
3685,1052,614,960,540,-92,-74,0.125,0.08878799274217153
3686,1051,614,960,540,-91,-74,0.15625,0.1260801504786886
3687,1051,615,960,540,-91,-75,0.15625,0.1631171875157258
3688,1050,615,960,540,-90,-75,0.1875,0.13270932542347813
3689,1050,615,960,540,-90,-75,0.1875,0.12054271271350903
3690,1050,614,960,540,-90,-74,0.1875,0.08673115982202573
3691,1049,614,960,540,-89,-74,0.21875,0.0912344846705122
3692,1048,614,960,540,-88,-74,0.25,0.09453424131457622
3693,1048,613,960,540,-88,-73,0.25,0.04325296975166859
3694,1048,612,960,540,-88,-72,0.25,-0.006785981310506006
3695,1047,612,960,540,-87,-72,0.28125,-0.006337340828880045
3696,1047,613,960,540,-87,-73,0.28125,-0.034882528161538584
3697,1048,614,960,540,-88,-74,0.25,-0.0015197323049465083
3698,1049,615,960,540,-89,-75,0.21875,-0.013193921261837716
3699,1049,616,960,540,-89,-76,0.21875,-0.07665024228554351
3700,1048,618,960,540,-88,-78,0.25,0.034916220000101195
3701,1047,618,960,540,-87,-78,0.28125,0.017175293918751056
3702,1046,617,960,540,-86,-77,0.3125,-0.003670793676639139
3703,1043,613,960,540,-83,-73,0.40625,-0.16691139881256012
3704,1038,608,960,540,-78,-68,0.5625,-0.33966889722073823
3705,1036,605,960,540,-76,-65,0.625,-0.48538801344321625
3706,1034,602,960,540,-74,-62,0.6875,-0.6254284283191343
3707,1033,600,960,540,-73,-60,0.71875,-0.7046265667248646
3708,1036,599,960,540,-76,-59,0.625,-0.7501870787077429
3709,1046,597,960,540,-86,-57,0.3125,-0.7735221482146386
3710,1058,595,960,540,-98,-55,-0.0625,-0.7445773874289534
3711,1063,592,960,540,-103,-52,-0.21875,-0.8871778698070616
3712,1064,591,960,540,-104,-51,-0.25,-0.9242149068440986
3713,1064,590,960,540,-104,-50,-0.25,-0.9724117289743064
3714,1067,588,960,540,-107,-48,-0.34375,-1.0129756099245828
3715,1068,588,960,540,-108,-48,-0.375,-0.986314893154169
3716,1069,590,960,540,-109,-50,-0.40625,-0.9625267410348903
3717,1071,597,960,540,-111,-57,-0.46875,-0.7640433591317879
3718,1072,607,960,540,-112,-67,-0.5,-0.31219890611452694
3719,1073,612,960,540,-113,-72,-0.53125,-0.06284939430290981
3720,1073,612,960,540,-113,-72,-0.53125,-0.05740990529391299
3721,1073,612,960,540,-113,-72,-0.53125,-0.040932211924823214
3722,1069,612,960,540,-109,-72,-0.40625,-0.14765495971446496
3723,1058,608,960,540,-98,-68,-0.0625,-0.2900612915635068
3724,1049,602,960,540,-89,-62,0.21875,-0.5986336113951443
3725,1045,599,960,540,-85,-59,0.34375,-0.7097447225062554
3726,1046,600,960,540,-86,-60,0.3125,-0.6271710520563918
3727,1046,599,960,540,-86,-59,0.3125,-0.6487764608408635
3728,1045,599,960,540,-85,-59,0.34375,-0.6938844168026028
3729,1045,599,960,540,-85,-59,0.34375,-0.7060346211344966
3730,1045,599,960,540,-85,-59,0.34375,-0.6709617163124522
3731,1046,598,960,540,-86,-58,0.3125,-0.6551966846154067
3732,1046,601,960,540,-86,-61,0.3125,-0.4955198774298446
3733,1048,603,960,540,-88,-63,0.25,-0.4779800502196929
3734,1051,602,960,540,-91,-62,0.15625,-0.4408438054538717
3735,1052,602,960,540,-92,-62,0.125,-0.45331637986678475
3736,1054,603,960,540,-94,-63,0.0625,-0.4515437152561179
3737,1056,600,960,540,-96,-60,0.0,-0.46554278409183647
3738,1057,596,960,540,-97,-56,-0.03125,-0.6150319406413454
3739,1058,594,960,540,-98,-54,-0.0625,-0.7166579615500486
3740,1060,594,960,540,-100,-54,-0.125,-0.7308632157591388
3741,1061,594,960,540,-101,-54,-0.15625,-0.756254545937078
3742,1064,595,960,540,-104,-55,-0.25,-0.692082913124648
3743,1065,595,960,540,-105,-55,-0.28125,-0.7101036077502316
3744,1066,598,960,540,-106,-58,-0.3125,-0.5922313722318338
3745,1069,606,960,540,-109,-66,-0.40625,-0.19044767331597567
3746,1071,610,960,540,-111,-70,-0.46875,-0.03790106892678713
3747,1072,611,960,540,-112,-71,-0.5,0.006469083649803586
3748,1074,614,960,540,-114,-74,-0.5625,0.12900463292431974
3749,1075,618,960,540,-115,-78,-0.59375,0.09290093898150964
3750,1076,621,960,540,-116,-81,-0.625,0.19470407016860536
3751,1077,623,960,540,-117,-83,-0.65625,0.22440838573915478
3752,1078,625,960,540,-118,-85,-0.6875,0.30272335559643615
3753,1079,625,960,540,-119,-85,-0.71875,0.3458319774892291
3754,1079,625,960,540,-119,-85,-0.71875,0.3386231767825505
3755,1080,623,960,540,-120,-83,-0.75,0.3436866797982163
3756,1080,622,960,540,-120,-82,-0.75,0.32886687034154827
3757,1080,621,960,540,-120,-81,-0.75,0.3004720783501633
3758,1080,620,960,540,-120,-80,-0.75,0.23704746038300506
3759,1079,621,960,540,-119,-81,-0.71875,0.27912250937416605
3760,1079,621,960,540,-119,-81,-0.71875,0.3271765855489219
3761,1079,621,960,540,-119,-81,-0.71875,0.36036608655488234
3762,1078,621,960,540,-118,-81,-0.6875,0.33254929312030335
3763,1073,620,960,540,-113,-80,-0.53125,0.2686023195678833
3764,1063,618,960,540,-103,-78,-0.21875,0.1823711248033204
3765,1052,617,960,540,-92,-77,0.125,0.1384297712714373
3766,1047,616,960,540,-87,-76,0.28125,0.08935690008301789
3767,1046,616,960,540,-86,-76,0.3125,0.074558926894992
3768,1055,616,960,540,-95,-76,0.03125,0.19950447986765063
3769,1068,617,960,540,-108,-77,-0.375,0.17279915207602992
3770,1074,618,960,540,-114,-78,-0.5625,0.19440357181972967
3771,1075,617,960,540,-115,-77,-0.59375,0.21399259364260237
3772,1074,617,960,540,-114,-77,-0.5625,0.273653779726605
3773,1073,618,960,540,-113,-78,-0.53125,0.24031108621009123
3774,1068,619,960,540,-108,-79,-0.375,0.24591619804699905
3775,1057,619,960,540,-97,-79,-0.03125,0.12529100599384524
3776,1045,619,960,540,-85,-79,0.34375,0.20808707820565653
3777,1040,620,960,540,-80,-80,0.5,0.2271959949401734
3778,1040,620,960,540,-80,-80,0.5,0.24785547476519465
3779,1041,619,960,540,-81,-79,0.46875,0.1962241832122804
3780,1041,619,960,540,-81,-79,0.46875,0.20891023682005594
3781,1049,619,960,540,-89,-79,0.21875,0.2308107918403155
3782,1064,619,960,540,-104,-79,-0.25,0.21449278604126754
3783,1072,619,960,540,-112,-79,-0.5,0.2508057823639658
3784,1074,619,960,540,-114,-79,-0.5625,0.23239825926025448
3785,1075,619,960,540,-115,-79,-0.59375,0.234475501732184
3786,1075,620,960,540,-115,-80,-0.59375,0.24650908741032573
3787,1070,620,960,540,-110,-80,-0.4375,0.2692001372517181
3788,1060,619,960,540,-100,-79,-0.125,0.13492432186240322
3789,1050,619,960,540,-90,-79,0.1875,0.09718390431545743
3790,1047,620,960,540,-87,-80,0.28125,0.15194394312464787
3791,1048,621,960,540,-88,-81,0.25,0.23712362143986843
3792,1047,620,960,540,-87,-80,0.28125,0.2597108822648546
3793,1047,619,960,540,-87,-79,0.28125,0.15762731969258326
3794,1047,619,960,540,-87,-79,0.28125,0.16984987288735232
3795,1048,619,960,540,-88,-79,0.25,0.12026120036005672
3796,1049,619,960,540,-89,-79,0.21875,0.17425532216525763
3797,1048,620,960,540,-88,-80,0.25,0.15850966531676391
3798,1048,622,960,540,-88,-82,0.25,0.19870906459604365
3799,1048,623,960,540,-88,-83,0.25,0.3194648805244631
3800,1048,623,960,540,-88,-83,0.25,0.2733984293958862
3801,1047,624,960,540,-87,-84,0.28125,0.32743486943588573
3802,1046,623,960,540,-86,-83,0.3125,0.28161577854085085
3803,1047,623,960,540,-87,-83,0.28125,0.28161577854085085
3804,1047,624,960,540,-87,-84,0.28125,0.31361494003434753
3805,1047,624,960,540,-87,-84,0.28125,0.34880903894527915
3806,1047,625,960,540,-87,-85,0.28125,0.37847440451331815
3807,1047,625,960,540,-87,-85,0.28125,0.3837080956309924
3808,1048,625,960,540,-88,-85,0.25,0.37975495932470293
3809,1047,625,960,540,-87,-85,0.28125,0.4226207227333174
3810,1045,624,960,540,-85,-84,0.34375,0.38941985584764405
3811,1043,624,960,540,-83,-84,0.40625,0.3585060149067747
3812,1040,625,960,540,-80,-85,0.5,0.40140836418824577
3813,1037,627,960,540,-77,-87,0.59375,0.5263032178578593
3814,1034,629,960,540,-74,-89,0.6875,0.5782692162193284
3815,1032,631,960,540,-72,-91,0.75,0.6479784382752611
3816,1033,632,960,540,-73,-92,0.71875,0.6495443481512613
3817,1041,634,960,540,-81,-94,0.46875,0.7271515599383545
3818,1053,636,960,540,-93,-96,0.09375,0.8657986410190399
3819,1059,638,960,540,-99,-98,-0.09375,0.9245418796845781
3820,1058,638,960,540,-98,-98,-0.0625,0.9079577611462097
3821,1057,636,960,540,-97,-96,-0.03125,0.8436295677875152
3822,1058,629,960,540,-98,-89,-0.0625,0.5337489129443957
3823,1058,619,960,540,-98,-79,-0.0625,0.1449474347294788
3824,1057,616,960,540,-97,-76,-0.03125,0.021170684709815646
3825,1057,615,960,540,-97,-75,-0.03125,0.04421205739766387
3826,1057,616,960,540,-97,-76,-0.03125,0.03920952456076687
3827,1056,618,960,540,-96,-78,0.0,0.05595602109364295
3828,1056,622,960,540,-96,-82,0.0,0.24629689153194656
3829,1056,630,960,540,-96,-90,0.0,0.5529165555263136
3830,1055,639,960,540,-95,-99,0.03125,0.786900743670147
3831,1053,646,960,540,-93,-106,0.09375,1.0992050250275502
3832,1050,652,960,540,-90,-112,0.1875,1.2950364443414801
3833,1047,655,960,540,-87,-115,0.28125,1.4768647032912665
3834,1046,654,960,540,-86,-114,0.3125,1.4501482160951946
3835,1046,650,960,540,-86,-110,0.3125,1.2954003314245588
3836,1047,644,960,540,-87,-104,0.28125,1.1463372159957008
3837,1047,634,960,540,-87,-94,0.28125,0.8271153143099137
3838,1046,616,960,540,-86,-76,0.3125,0.18824994338149725
3839,1047,603,960,540,-87,-63,0.28125,-0.38648961129674
3840,1049,597,960,540,-89,-57,0.21875,-0.6087118335189619
3841,1050,595,960,540,-90,-55,0.1875,-0.6657170651091326
3842,1052,594,960,540,-92,-54,0.125,-0.6924057806166224
3843,1053,594,960,540,-93,-54,0.09375,-0.7037367871339373
3844,1053,597,960,540,-93,-57,0.09375,-0.5108819382637351
3845,1053,601,960,540,-93,-61,0.09375,-0.4100862400603549
3846,1053,602,960,540,-93,-62,0.09375,-0.3227562871143266
3847,1054,604,960,540,-94,-64,0.0625,-0.2948948829463123
3848,1053,607,960,540,-93,-67,0.09375,-0.19741071702345447
3849,1052,608,960,540,-92,-68,0.125,-0.16037367998641772
3850,1049,610,960,540,-89,-70,0.21875,-0.12493697439389484
3851,1044,611,960,540,-84,-71,0.375,-0.08880834412078897
3852,1041,613,960,540,-81,-73,0.46875,-0.010323320916678203
3853,1042,615,960,540,-82,-75,0.4375,0.09961344496103974
3854,1045,616,960,540,-85,-76,0.34375,0.16638702631281177
3855,1047,616,960,540,-87,-76,0.28125,0.13378186128377756
3856,1047,616,960,540,-87,-76,0.28125,0.17206148115626219
3857,1047,616,960,540,-87,-76,0.28125,0.0735514270784372
3858,1049,618,960,540,-89,-78,0.21875,0.13401181871878443
3859,1053,620,960,540,-93,-80,0.09375,0.166516780584955
3860,1055,620,960,540,-95,-80,0.03125,0.22166420485632887
3861,1057,618,960,540,-97,-78,-0.03125,0.14777791264073814
3862,1058,619,960,540,-98,-79,-0.0625,0.17351123014685044
3863,1058,619,960,540,-98,-79,-0.0625,0.22595543203486113
3864,1059,619,960,540,-99,-79,-0.09375,0.23824258664980702
3865,1059,617,960,540,-99,-77,-0.09375,0.1870415227926041
3866,1059,614,960,540,-99,-74,-0.09375,0.08087660809053876
3867,1058,614,960,540,-98,-74,-0.0625,0.1322302371414188
3868,1058,615,960,540,-98,-75,-0.0625,0.151644513449539
3869,1058,614,960,540,-98,-74,-0.0625,0.014776263374341791
3870,1057,612,960,540,-97,-72,-0.03125,-0.04435445384747272
3871,1056,611,960,540,-96,-71,0.0,-0.08440563202830376
3872,1054,612,960,540,-94,-72,0.0625,-0.09045825217064785
3873,1047,614,960,540,-87,-74,0.28125,-0.05143407768519781
3874,1043,615,960,540,-83,-75,0.40625,-0.014397040648160608
3875,1038,616,960,540,-78,-76,0.5625,-0.05890426096664392
3876,1031,616,960,540,-71,-76,0.78125,-0.07071078869907588
3877,1023,615,960,540,-63,-75,1.03125,-0.11822924338853635
3878,1015,613,960,540,-55,-73,1.28125,-0.1836047387806632
3879,1005,612,960,540,-45,-72,1.59375,-0.2252259834280088
3880,991,611,960,540,-31,-71,2.03125,-0.3594633133532521
3881,974,611,960,540,-14,-71,2.5625,-0.4167566994748739
3882,959,611,960,540,1,-71,3.03125,-0.5450039589906366
3883,942,611,960,540,18,-71,3.5625,-0.6262719419093559
3884,926,611,960,540,34,-71,4.0625,-0.7820989678114643
3885,913,613,960,540,47,-73,4.46875,-0.7080248937373899
3886,883,619,960,540,77,-79,5.40625,-0.888846607924151
3887,841,631,960,540,119,-91,6.71875,-0.6272911787431781
3888,813,642,960,540,147,-102,7.59375,-0.3403881899604544
3889,792,657,960,540,168,-117,8.25,0.16683939900228495
3890,758,683,960,540,202,-143,9.3125,0.728672484092229
3891,714,717,960,540,246,-177,10.6875,1.7360257876103473
3892,689,766,960,540,271,-226,11.46875,3.560864726405632
3893,677,820,960,540,283,-280,11.84375,5.535362785574866
3894,667,845,960,540,293,-305,12.15625,6.461288711500791
3895,661,857,960,540,299,-317,12.34375,7.284582710537986
3896,648,881,960,540,312,-341,12.75,8.422677212172953
3897,624,900,960,540,336,-360,13.5,9.367714160153447
3898,604,910,960,540,356,-370,14.125,9.805684550823708
3899,603,898,960,540,357,-358,14.15625,9.353612051607069
3900,625,872,960,540,335,-332,13.46875,7.245211329530942
3901,656,857,960,540,304,-317,12.5,6.674756151223017
3902,688,850,960,540,272,-310,11.5,6.258811335548818
3903,714,841,960,540,246,-301,10.6875,5.996968731478226
3904,734,819,960,540,226,-279,10.0625,4.82097877301147
3905,746,768,960,540,214,-228,9.6875,3.030786934781789
3906,752,707,960,540,208,-167,9.5,0.8390426335303802
3907,756,660,960,540,204,-120,9.375,-0.6703248934035129
3908,762,625,960,540,198,-85,9.1875,-1.967504093169187
3909,788,602,960,540,172,-62,8.375,-2.8998379680709125
3910,828,591,960,540,132,-51,7.125,-3.316409567300511
3911,872,593,960,540,88,-53,5.75,-3.124838338809198
3912,915,602,960,540,45,-62,4.40625,-2.6430420313241663
3913,951,620,960,540,9,-80,3.28125,-2.294767340684815
3914,971,646,960,540,-11,-106,2.65625,-1.1522826704110294
3915,970,671,960,540,-10,-131,2.6875,-0.4528217610609051
3916,968,698,960,540,-8,-158,2.75,0.38217368220323156
3917,970,738,960,540,-10,-198,2.6875,1.860083704170644
3918,985,811,960,540,-25,-271,2.21875,4.9267014955338775
3919,991,888,960,540,-31,-348,2.03125,8.431148039097017
3920,981,926,960,540,-21,-386,2.34375,10.27128023570277
3921,970,949,960,540,-10,-409,2.6875,11.448802658773497
3922,957,988,960,540,3,-448,3.09375,10.861394390449675
3923,942,1024,960,540,18,-484,3.5625,12.18726743502696
3924,938,1007,960,540,22,-467,3.6875,12.445098863856746
3925,938,975,960,540,22,-435,3.6875,10.847863473725003
3926,933,970,960,540,27,-430,3.84375,10.393312158351748
3927,931,970,960,540,29,-430,3.90625,11.152197419899743
3928,927,966,960,540,33,-426,4.03125,11.870336514233156
3929,935,961,960,540,25,-421,3.78125,10.768253600537918
3930,969,932,960,540,-9,-392,2.71875,9.981641618144508
3931,1000,884,960,540,-40,-344,1.75,8.552774033394835
3932,1005,846,960,540,-45,-306,1.59375,6.712906910978771
3933,1003,817,960,540,-43,-277,1.65625,5.14187576007627
3934,1001,803,960,540,-41,-263,1.71875,4.470129555086783
3935,1000,806,960,540,-40,-266,1.75,4.652906944156972
3936,1002,803,960,540,-42,-263,1.6875,4.721837950687675
3937,1016,779,960,540,-56,-239,1.25,3.9170646869034593
3938,1026,755,960,540,-66,-215,0.9375,2.6225871882995495
3939,1022,752,960,540,-62,-212,1.0625,2.511476077188438
3940,1020,745,960,540,-60,-205,1.125,2.6251799598959753
3941,1020,736,960,540,-60,-196,1.125,2.242471467366249
3942,1019,743,960,540,-59,-203,1.15625,2.1949851315290827
3943,1016,755,960,540,-56,-215,1.25,2.606348465027712
3944,1016,766,960,540,-56,-226,1.25,2.9407894121229834
3945,1018,773,960,540,-58,-233,1.1875,3.181460927922015
3946,1018,772,960,540,-58,-232,1.1875,3.264830790674817
3947,1019,761,960,540,-59,-221,1.15625,2.810803833588639
3948,1021,744,960,540,-61,-204,1.09375,2.3993075404563653
3949,1022,734,960,540,-62,-194,1.0625,1.9571723017692442
3950,1019,734,960,540,-59,-194,1.15625,1.9597605738808852
3951,1019,731,960,540,-59,-191,1.15625,2.013394974940897
3952,1017,728,960,540,-57,-188,1.21875,1.668435551970184
3953,1019,724,960,540,-59,-184,1.15625,1.8498759316824351
3954,1026,720,960,540,-66,-180,0.9375,1.4363437962946364
3955,1040,717,960,540,-80,-177,0.5,1.565046508805347
3956,1051,714,960,540,-91,-174,0.15625,1.282022134232367
3957,1053,715,960,540,-93,-175,0.09375,1.2710747212446325
3958,1052,716,960,540,-92,-176,0.125,1.2991666342750818
3959,1051,715,960,540,-91,-175,0.15625,1.2631756836449854
3960,1048,712,960,540,-88,-172,0.25,1.049465559307599
3961,1032,710,960,540,-72,-170,0.75,1.0586233945085883
3962,1020,709,960,540,-60,-169,1.125,1.0941257456097233
3963,1020,699,960,540,-60,-159,1.125,0.8149577640642631
3964,1023,689,960,540,-63,-149,1.03125,0.3345127052518535
3965,1024,685,960,540,-64,-145,1.0,-0.0021249668461882365
3966,1031,681,960,540,-71,-141,0.78125,0.09557171511972484
3967,1044,678,960,540,-84,-138,0.375,-0.025050127314558246
3968,1051,678,960,540,-91,-138,0.15625,-0.23998033350165215
3969,1051,677,960,540,-91,-137,0.15625,-0.27709274565046993
3970,1048,675,960,540,-88,-135,0.25,-0.38761116705327847
3971,1041,673,960,540,-81,-133,0.46875,-0.37216863380525655
3972,1031,673,960,540,-71,-133,0.78125,-0.44346048764893187
3973,1024,673,960,540,-64,-133,1.0,-0.6120468248909665
3974,1021,670,960,540,-61,-130,1.09375,-0.7362862655946678
3975,1020,670,960,540,-60,-130,1.125,-0.7059607736053364
3976,1017,672,960,540,-57,-132,1.21875,-0.6318866995312629
3977,1030,668,960,540,-70,-128,0.8125,-0.6432465550361393
3978,1046,660,960,540,-86,-120,0.3125,-1.0295270237317613
3979,1050,658,960,540,-90,-118,0.1875,-1.1891519756096312
3980,1051,658,960,540,-91,-118,0.15625,-1.098467634528462
3981,1051,658,960,540,-91,-118,0.15625,-0.9668110084707386
3982,1049,658,960,540,-89,-118,0.21875,-0.97462854835213
3983,1047,658,960,540,-87,-118,0.28125,-0.9433351206916951
3984,1049,653,960,540,-89,-113,0.21875,-1.1309099104554559
3985,1051,650,960,540,-91,-110,0.15625,-1.2420210215665675
3986,1052,652,960,540,-92,-112,0.125,-1.1085321217544362
3987,1051,654,960,540,-91,-114,0.15625,-1.081630176535116
3988,1050,649,960,540,-90,-109,0.1875,-1.1591682414794375
3989,1051,642,960,540,-91,-102,0.15625,-1.4751811417183713
3990,1052,646,960,540,-92,-106,0.125,-1.3647782570967566
3991,1051,655,960,540,-91,-115,0.15625,-0.9216533322541505
3992,1052,658,960,540,-92,-118,0.125,-0.8717493355393229
3993,1052,658,960,540,-92,-118,0.125,-0.9124152654722444
3994,1051,656,960,540,-91,-116,0.15625,-1.0722948725157275
3995,1051,653,960,540,-91,-113,0.15625,-1.224484298080326
3996,1050,652,960,540,-90,-112,0.1875,-1.2769517926583758
3997,1050,652,960,540,-90,-112,0.1875,-1.2459321236921541
3998,1050,652,960,540,-90,-112,0.1875,-1.221812104869068
3999,1049,651,960,540,-89,-111,0.21875,-1.2149880540569447
4000,1049,653,960,540,-89,-113,0.21875,-1.2356060571750591
4001,1049,651,960,540,-89,-111,0.21875,-1.3699835466286068
4002,1050,651,960,540,-90,-111,0.1875,-1.3031080675041053
4003,1051,662,960,540,-91,-122,0.15625,-0.8738662092480807
4004,1053,671,960,540,-93,-131,0.09375,-0.6666645604347279
4005,1053,667,960,540,-93,-127,0.09375,-0.7374440455978322
4006,1053,667,960,540,-93,-127,0.09375,-0.678995958229808
4007,1052,672,960,540,-92,-132,0.125,-0.5128981475338117
4008,1050,675,960,540,-90,-135,0.1875,-0.49785765638373203
4009,1050,675,960,540,-90,-135,0.1875,-0.5381837687637363
4010,1050,675,960,540,-90,-135,0.1875,-0.49724263585693596
4011,1049,674,960,540,-89,-134,0.21875,-0.5517983593455282
4012,1050,674,960,540,-90,-134,0.1875,-0.5770340730809327
4013,1050,674,960,540,-90,-134,0.1875,-0.573273675999892
4014,1050,674,960,540,-90,-134,0.1875,-0.5807037445669687
4015,1049,672,960,540,-89,-132,0.21875,-0.6349811621297494
4016,1048,671,960,540,-88,-131,0.25,-0.6271913967525071
4017,1048,673,960,540,-88,-133,0.25,-0.4604394626506654
4018,1049,672,960,540,-89,-132,0.21875,-0.601258388522969
4019,1050,668,960,540,-90,-128,0.1875,-0.6963727294318538
4020,1049,664,960,540,-89,-124,0.21875,-0.8798793954763928
4021,1048,664,960,540,-88,-124,0.25,-0.7628868044123083
4022,1049,665,960,540,-89,-125,0.21875,-0.6917662862360512
4023,1049,666,960,540,-89,-126,0.21875,-0.6547292491990149
4024,1050,666,960,540,-90,-126,0.1875,-0.61546253333458
4025,1053,665,960,540,-93,-125,0.09375,-0.6202091898854265
4026,1057,662,960,540,-97,-122,-0.03125,-0.7401506899075843
4027,1059,658,960,540,-99,-118,-0.09375,-0.7572038970504948
4028,1058,654,960,540,-98,-114,-0.0625,-0.7960850353665654
4029,1058,653,960,540,-98,-113,-0.0625,-0.9719785370764864
4030,1058,653,960,540,-98,-113,-0.0625,-1.0676445356763917
4031,1059,655,960,540,-99,-115,-0.09375,-1.1188562527781754
4032,1058,662,960,540,-98,-122,-0.0625,-0.8476889979555358
4033,1056,670,960,540,-96,-130,0.0,-0.6025931734398826
4034,1056,672,960,540,-96,-132,0.0,-0.46381857047985875
4035,1055,671,960,540,-95,-131,0.03125,-0.4332639600408257
4036,1054,671,960,540,-94,-131,0.0625,-0.3668890174903501
4037,1052,671,960,540,-92,-131,0.125,-0.37841567011435107
4038,1053,670,960,540,-93,-130,0.09375,-0.413629665693227
4039,1057,665,960,540,-97,-125,-0.03125,-0.48652832064748086
4040,1057,659,960,540,-97,-119,-0.03125,-0.8021916509801983
4041,1058,656,960,540,-98,-116,-0.0625,-0.7924899330024262
4042,1059,658,960,540,-99,-118,-0.09375,-0.6326762783764392
4043,1060,659,960,540,-100,-119,-0.125,-0.6902011776522006
4044,1060,658,960,540,-100,-118,-0.125,-0.6287768593864476
4045,1060,656,960,540,-100,-116,-0.125,-0.9156743393832807
4046,1060,659,960,540,-100,-119,-0.125,-0.8117984856719644
4047,1061,666,960,540,-101,-126,-0.15625,-0.463255306451547
4048,1063,671,960,540,-103,-131,-0.21875,-0.25108106737067004
4049,1065,676,960,540,-105,-136,-0.28125,-0.04517076708573953
4050,1066,677,960,540,-106,-137,-0.3125,-0.04423832903364833
4051,1066,677,960,540,-106,-137,-0.3125,-0.04176127373396632
4052,1067,677,960,540,-107,-137,-0.34375,-0.08701589759324513
4053,1067,678,960,540,-107,-138,-0.34375,-0.061990719808294514
4054,1067,680,960,540,-107,-140,-0.34375,0.04293252090836308
4055,1068,682,960,540,-108,-142,-0.375,0.12734307748785678
4056,1069,684,960,540,-109,-144,-0.40625,0.3191169445165851
4057,1070,684,960,540,-110,-144,-0.4375,0.29067534203104906
4058,1071,685,960,540,-111,-145,-0.46875,0.3264202172760049
4059,1072,687,960,540,-112,-147,-0.5,0.4751156488662591
4060,1073,685,960,540,-113,-145,-0.53125,0.35128379922958874
4061,1073,683,960,540,-113,-143,-0.53125,0.25503874663351667
4062,1074,687,960,540,-114,-147,-0.5625,0.5148407287854484
4063,1074,688,960,540,-114,-148,-0.5625,0.40664406464179237
4064,1075,682,960,540,-115,-142,-0.59375,0.05023265840748525
4065,1076,673,960,540,-116,-133,-0.625,-0.3208857618851706
4066,1076,666,960,540,-116,-126,-0.625,-0.4606453857900705
4067,1073,654,960,540,-113,-114,-0.53125,-0.7749914226889052
4068,1064,642,960,540,-104,-102,-0.25,-1.272904768018324
4069,1059,636,960,540,-99,-96,-0.09375,-1.4951269902405464
4070,1059,630,960,540,-99,-90,-0.09375,-1.6755784652754278
4071,1060,625,960,540,-100,-85,-0.125,-1.9342888169375625
4072,1066,624,960,540,-106,-84,-0.3125,-2.2385328431089455
4073,1081,628,960,540,-121,-88,-0.78125,-1.7880944189819616
4074,1098,638,960,540,-138,-98,-1.3125,-1.4500564748709297
4075,1103,647,960,540,-143,-107,-1.46875,-1.2109621101399632
4076,1102,655,960,540,-142,-115,-1.4375,-1.1168431444876719
4077,1099,661,960,540,-139,-121,-1.34375,-0.9908558949654962
4078,1096,667,960,540,-136,-127,-1.25,-0.7232071971357374
4079,1095,665,960,540,-135,-125,-1.21875,-0.797281271209811
4080,1082,661,960,540,-122,-121,-0.8125,-1.0376696956834701
4081,1053,650,960,540,-93,-110,0.09375,-1.5189649587717584
4082,1027,649,960,540,-67,-109,0.90625,-1.6779563853231556
4083,1005,659,960,540,-45,-119,1.59375,-1.34724906444018
4084,965,673,960,540,-5,-133,2.84375,-0.6876561448483738
4085,922,688,960,540,38,-148,4.1875,-0.33844561210533275
4086,890,704,960,540,70,-164,5.1875,0.2851181820048261
4087,861,720,960,540,99,-180,6.09375,0.8480550245372607
4088,840,739,960,540,120,-199,6.75,1.54377520844581
4089,825,785,960,540,135,-245,7.21875,3.5991342700236393
4090,798,843,960,540,162,-303,8.0625,5.10699689938893
4091,763,894,960,540,197,-354,9.15625,7.0305795649620615
4092,735,948,960,540,225,-408,10.03125,9.121024449545928
4093,707,1003,960,540,253,-463,10.90625,10.873921326709866
4094,679,1046,960,540,281,-506,11.78125,12.541989876942814
4095,661,1073,960,540,299,-533,12.34375,13.802722616759585
4096,662,1096,960,540,298,-556,12.3125,14.502569037355244
4097,682,1102,960,540,278,-562,11.6875,16.260421646121603
4098,709,1079,960,540,251,-539,10.84375,14.372982374151043
4099,740,1044,960,540,220,-504,9.875,14.348662062899255
4100,759,1027,960,540,201,-487,9.28125,13.681797785757073
4101,762,1030,960,540,198,-490,9.1875,12.663194578057668
4102,777,1009,960,540,183,-469,8.71875,13.01012588949209
4103,806,962,960,540,154,-422,7.8125,11.104713803345465
4104,845,914,960,540,115,-374,6.59375,9.142971371043954
4105,886,867,960,540,74,-327,5.3125,6.961372817970882
4106,928,803,960,540,32,-263,4.0,4.8259536229124995
4107,959,754,960,540,1,-214,3.03125,3.0292877094334623
4108,967,742,960,540,-7,-202,2.78125,2.3840621717668853
4109,581,284,960,540,379,256,14.84375,-11.197156772513583
4110,581,283,960,540,379,257,14.84375,-11.234193809550618
4111,601,284,960,540,359,256,14.21875,-11.253959788872876
4112,635,285,960,540,325,255,13.15625,-11.2198368957297
4113,662,286,960,540,298,254,12.3125,-11.134186526732925
4114,686,287,960,540,274,253,11.5625,-11.096559213673025
4115,697,287,960,540,263,253,11.21875,-11.090383092077765
4116,697,288,960,540,263,252,11.21875,-11.056064089843371
4117,696,288,960,540,264,252,11.25,-11.04529837923263
4118,696,288,960,540,264,252,11.25,-11.043041216012327
4119,703,290,960,540,257,250,11.03125,-11.002477674118898
4120,722,305,960,540,238,235,10.4375,-10.39115567752106
4121,750,336,960,540,210,204,9.5625,-9.378055727013312
4122,790,377,960,540,170,163,8.3125,-7.8061230986415
4123,842,430,960,540,118,110,6.6875,-5.904902673550101
4124,919,506,960,540,41,34,4.28125,-3.0060407268638962
4125,985,567,960,540,-25,-27,2.21875,-0.6907268100523387
4126,1013,591,960,540,-53,-51,1.34375,0.2165552617432731
4127,1030,604,960,540,-70,-64,0.8125,0.7049373771901326
4128,1036,609,960,540,-76,-69,0.625,0.8926627865058534
4129,1036,610,960,540,-76,-70,0.625,0.9267263183993668
4130,1052,609,960,540,-92,-69,0.125,0.9332078097342404
4131,1074,610,960,540,-114,-70,-0.5625,0.9467035194708959
4132,1082,611,960,540,-122,-71,-0.8125,0.9644227448018443
4133,1083,610,960,540,-123,-70,-0.84375,0.934392078940792
4134,1081,608,960,540,-121,-68,-0.78125,0.907141226104341
4135,1071,607,960,540,-111,-67,-0.46875,0.8625903756880042
4136,1058,603,960,540,-98,-63,-0.0625,0.6796892735006985
4137,1052,598,960,540,-92,-58,0.125,0.5021918761626936
4138,1045,596,960,540,-85,-56,0.34375,0.4275783095783843
4139,1033,596,960,540,-73,-56,0.71875,0.39822871666914406
4140,1025,596,960,540,-65,-56,0.96875,0.427853771050418
4141,1023,596,960,540,-63,-56,1.03125,0.4278176873733739
4142,1033,596,960,540,-73,-56,0.71875,0.42561210627259105
4143,1044,595,960,540,-84,-55,0.375,0.38248425108109774
4144,1047,595,960,540,-87,-55,0.28125,0.37245191846250325
4145,1048,595,960,540,-88,-55,0.25,0.37076756064292593
4146,1048,595,960,540,-88,-55,0.25,0.379542447382494
4147,1048,595,960,540,-88,-55,0.25,0.3917021913918699
4148,1047,595,960,540,-87,-55,0.28125,0.38731892838521365
4149,1047,595,960,540,-87,-55,0.28125,0.3935404929861277
4150,1047,595,960,540,-87,-55,0.28125,0.404759005449157
4151,1047,596,960,540,-87,-56,0.28125,0.44218371196587936
4152,1047,595,960,540,-87,-55,0.28125,0.4074737220331819
4153,1046,595,960,540,-86,-55,0.3125,0.40855814822622016
4154,1046,595,960,540,-86,-55,0.3125,0.4055792650122485
4155,1047,595,960,540,-87,-55,0.28125,0.4081704261306389
4156,1046,595,960,540,-86,-55,0.3125,0.4081704261306389
4157,1046,596,960,540,-86,-56,0.3125,0.41155736372647334
4158,1047,596,960,540,-87,-56,0.28125,0.4191870005334819
4159,1047,596,960,540,-87,-56,0.28125,0.43709479360255954
4160,1047,595,960,540,-87,-55,0.28125,0.4064453797247154
4161,1047,595,960,540,-87,-55,0.28125,0.4123936770174226
4162,1046,595,960,540,-86,-55,0.3125,0.39828991301917704
4163,1046,595,960,540,-86,-55,0.3125,0.4118173887037928
4164,1046,595,960,540,-86,-55,0.3125,0.4000958990596495
4165,1046,595,960,540,-86,-55,0.3125,0.404149491826439
4166,1047,594,960,540,-87,-54,0.28125,0.3749577708336711
4167,1047,594,960,540,-87,-54,0.28125,0.36447575733957094
4168,1047,595,960,540,-87,-55,0.28125,0.39262031881627735
4169,1048,595,960,540,-88,-55,0.25,0.3894601606950676
4170,1049,595,960,540,-89,-55,0.21875,0.3820671783381433
4171,1049,594,960,540,-89,-54,0.21875,0.3424003912093958
4172,1049,594,960,540,-89,-54,0.21875,0.3554448403226167
4173,1049,594,960,540,-89,-54,0.21875,0.33135845411040865
4174,1049,595,960,540,-89,-55,0.21875,0.37797448583666315
4175,1049,595,960,540,-89,-55,0.21875,0.40309182331463855
4176,1049,595,960,540,-89,-55,0.21875,0.39044082426790894
4177,1049,595,960,540,-89,-55,0.21875,0.3845303987892279
4178,1049,595,960,540,-89,-55,0.21875,0.38389686117563704
4179,1049,595,960,540,-89,-55,0.21875,0.38625723474334217
4180,1049,594,960,540,-89,-54,0.21875,0.34913581345373856
4181,1049,593,960,540,-89,-53,0.21875,0.3211951726793887
4182,1050,593,960,540,-90,-53,0.1875,0.31293296540764914
4183,1050,593,960,540,-90,-53,0.1875,0.3136247285836571
4184,1050,594,960,540,-90,-54,0.1875,0.34588663372851447
4185,1050,594,960,540,-90,-54,0.1875,0.34959539609927126
4186,1052,595,960,540,-92,-55,0.125,0.3647048181070043
4187,1053,594,960,540,-93,-54,0.09375,0.3437953949082726
4188,1056,593,960,540,-96,-53,0.0,0.3172366403171347
4189,1059,593,960,540,-99,-53,-0.09375,0.2937486178989861
4190,1061,593,960,540,-101,-53,-0.15625,0.3069948644578655
4191,1064,593,960,540,-104,-53,-0.25,0.3382854493245886
4192,1067,593,960,540,-107,-53,-0.34375,0.34546867903411105
4193,1070,592,960,540,-110,-52,-0.4375,0.2572836757082757
4194,1075,591,960,540,-115,-51,-0.59375,0.17268581366499758
4195,1080,591,960,540,-120,-51,-0.75,0.13559701859794338
4196,1086,591,960,540,-126,-51,-0.9375,0.1270694284098659
4197,1089,591,960,540,-129,-51,-1.03125,0.12065817017284819
4198,1084,592,960,540,-124,-52,-0.875,0.1795511945276409
4199,1076,596,960,540,-116,-56,-0.625,0.3271822391062009
4200,1076,599,960,540,-116,-59,-0.625,0.437384531314603
4201,1078,603,960,540,-118,-63,-0.6875,0.7055283899445743
4202,1079,608,960,540,-119,-68,-0.71875,0.8958938298450319
4203,1078,614,960,540,-118,-74,-0.6875,1.1089002758233646
4204,1077,619,960,540,-117,-79,-0.65625,1.2968069209510251
4205,1072,627,960,540,-112,-87,-0.5,1.6514333714790008
4206,1064,635,960,540,-104,-95,-0.25,2.00798634166049
4207,1056,643,960,540,-96,-103,0.0,2.3642349132626195
4208,1051,645,960,540,-91,-105,0.15625,2.5007580563588183
4209,1047,638,960,540,-87,-98,0.28125,2.1793355190037453
4210,1044,627,960,540,-84,-87,0.375,1.7127479067251845
4211,1042,621,960,540,-82,-81,0.4375,1.4545037708504207
4212,1039,614,960,540,-79,-74,0.53125,1.3077531412412826
4213,1037,601,960,540,-77,-61,0.59375,0.7844396139248007
4214,1036,585,960,540,-76,-45,0.625,0.2239513277693601
4215,1036,576,960,540,-76,-36,0.625,-0.10938200556397315
4216,1037,573,960,540,-77,-33,0.59375,-0.27715125600993895
4217,1038,572,960,540,-78,-32,0.5625,-0.3269129830038173
4218,1038,575,960,540,-78,-35,0.5625,-0.3209969204578935
4219,1039,575,960,540,-79,-35,0.53125,-0.3173159591568395
4220,1043,572,960,540,-83,-32,0.40625,-0.43030188968524063
4221,1053,569,960,540,-93,-29,0.09375,-0.5412737504938845
4222,1067,566,960,540,-107,-26,-0.34375,-0.6577188348031441
4223,1076,563,960,540,-116,-23,-0.625,-0.7963234953755687
4224,1081,560,960,540,-121,-20,-0.78125,-0.9201495219746199
4225,1079,558,960,540,-119,-18,-0.71875,-0.9201735913560017
4226,1080,557,960,540,-120,-17,-0.75,-0.9916414132654896
4227,1089,557,960,540,-129,-17,-1.03125,-0.9555866706265366
4228,1099,559,960,540,-139,-19,-1.34375,-0.8482358466665674
4229,1110,573,960,540,-150,-33,-1.6875,-0.2810887693387012
4230,1122,586,960,540,-162,-46,-2.0625,0.1743918539049114
4231,1132,588,960,540,-172,-48,-2.375,0.29925697322012623
4232,1140,590,960,540,-180,-50,-2.625,0.40611292791616704
4233,1143,592,960,540,-183,-52,-2.71875,0.48382654821484006
4234,1131,594,960,540,-171,-54,-2.34375,0.5100305430798588
4235,1114,596,960,540,-154,-56,-1.8125,0.6243574971615184
4236,1106,598,960,540,-146,-58,-1.5625,0.687302771543109
4237,1101,600,960,540,-141,-60,-1.40625,0.8077665786318848
4238,1086,602,960,540,-126,-62,-0.9375,0.9046087458659839
4239,1066,607,960,540,-106,-67,-0.3125,1.0270348118786805
4240,1057,613,960,540,-97,-73,-0.03125,1.2008923266594398
4241,1053,618,960,540,-93,-78,0.09375,1.479207800490631
4242,1050,619,960,540,-90,-79,0.1875,1.5635414217437709
4243,1046,616,960,540,-86,-76,0.3125,1.411799448820308
4244,1041,612,960,540,-81,-72,0.46875,1.2129029004430787
4245,1040,611,960,540,-80,-71,0.5,1.1646386347488134
4246,1040,608,960,540,-80,-68,0.5,1.0535275236377022
4247,1032,605,960,540,-72,-65,0.75,0.8627738420528885
4248,1021,594,960,540,-61,-54,1.09375,0.4922849156325104
4249,1008,578,960,540,-48,-38,1.5,-0.11955448483524944
4250,999,564,960,540,-39,-24,1.78125,-0.6205819896937133
4251,991,557,960,540,-31,-17,2.03125,-0.8787899082665109
4252,984,555,960,540,-24,-15,2.25,-0.9536265902564405
4253,978,557,960,540,-18,-17,2.4375,-0.8578746575353653
4254,974,561,960,540,-14,-21,2.5625,-0.7004674974914544
4255,972,563,960,540,-12,-23,2.625,-0.6287152863262353
4256,976,561,960,540,-16,-21,2.5,-0.6833222144600899
4257,991,558,960,540,-31,-18,2.03125,-0.820072753995828
4258,1013,555,960,540,-53,-15,1.34375,-0.9251114611711924
4259,1026,552,960,540,-66,-12,0.9375,-1.0270925741284853
4260,1029,551,960,540,-69,-11,0.84375,-1.0442076795779174
4261,1031,554,960,540,-71,-14,0.78125,-0.9178804947688409
4262,1034,567,960,540,-74,-27,0.6875,-0.4688116765609964
4263,1039,577,960,540,-79,-37,0.53125,-0.09110051281500109
4264,1042,576,960,540,-82,-36,0.4375,-0.12084429044208367
4265,1045,575,960,540,-85,-35,0.34375,-0.134616954980181
4266,1046,574,960,540,-86,-34,0.3125,-0.1525738430706185
4267,1043,566,960,540,-83,-26,0.40625,-0.46023421856388846
4268,1038,558,960,540,-78,-18,0.5625,-0.7205031359723183
4269,1026,559,960,540,-66,-19,0.9375,-0.7029789078628659
4270,1011,564,960,540,-51,-24,1.40625,-0.5214589677169996
4271,1004,568,960,540,-44,-28,1.625,-0.3946423372274108
4272,1002,571,960,540,-42,-31,1.6875,-0.2880867644330223
4273,1007,574,960,540,-47,-34,1.53125,-0.1533991633892522
4274,1013,583,960,540,-53,-43,1.34375,0.17185854028839964
4275,1010,591,960,540,-50,-51,1.4375,0.4904110684375531
4276,1004,592,960,540,-44,-52,1.625,0.4945338174389591
4277,1005,594,960,540,-45,-54,1.59375,0.5723192812794096
4278,1002,596,960,540,-42,-56,1.6875,0.6776536108207392
4279,990,597,960,540,-30,-57,2.0625,0.7436031832642642
4280,978,599,960,540,-18,-59,2.4375,0.741938153303195
4281,965,599,960,540,-5,-59,2.84375,0.764657812582777
4282,948,600,960,540,12,-60,3.375,0.7934294442321106
4283,931,596,960,540,29,-56,3.90625,0.6558329091966686
4284,912,589,960,540,48,-49,4.5,0.36468042094471653
4285,897,588,960,540,63,-48,4.96875,0.3511878094021841
4286,893,590,960,540,67,-50,5.09375,0.41011600413340443
4287,890,590,960,540,70,-50,5.1875,0.41666836888835523
4288,884,590,960,540,76,-50,5.375,0.43943182979126005
4289,890,589,960,540,70,-49,5.1875,0.38265462514581583
4290,898,588,960,540,62,-48,4.9375,0.34561758810877885
4291,906,588,960,540,54,-48,4.6875,0.350727364800244
4292,914,588,960,540,46,-48,4.4375,0.3583685592692285
4293,910,588,960,540,50,-48,4.5625,0.3695439254567163
4294,913,586,960,540,47,-46,4.46875,0.31272831347060537
4295,934,584,960,540,26,-44,3.8125,0.24132571601444486
4296,954,583,960,540,6,-43,3.1875,0.19898025569359468
4297,956,582,960,540,4,-42,3.125,0.16712042915584946
4298,956,580,960,540,4,-40,3.125,0.10302688920876713
4299,960,579,960,540,0,-39,3.0,0.07191423351923021
4300,971,578,960,540,-11,-38,2.65625,0.032333862399094304
4301,982,577,960,540,-22,-37,2.3125,-0.028748418736121106
4302,989,577,960,540,-29,-37,2.09375,-0.027762662366990654
4303,994,577,960,540,-34,-37,1.9375,-0.008088780914467408
4304,1000,578,960,540,-40,-38,1.75,0.029848310332127204
4305,1004,578,960,540,-44,-38,1.625,0.011904845217922233
4306,1008,577,960,540,-48,-37,1.5,-0.05158299955396828
4307,1011,576,960,540,-51,-36,1.40625,-0.07346026699616215
4308,1013,575,960,540,-53,-35,1.34375,-0.11881393959148911
4309,1012,575,960,540,-52,-35,1.375,-0.10364925199148867
4310,1010,574,960,540,-50,-34,1.4375,-0.11652410400805491
4311,1006,574,960,540,-46,-34,1.5625,-0.11479080460681046
4312,1002,574,960,540,-42,-34,1.6875,-0.13683907930579076
4313,993,574,960,540,-33,-34,1.96875,-0.09482355107781482
4314,982,576,960,540,-22,-36,2.3125,-0.03516406061613275
4315,973,578,960,540,-13,-38,2.59375,0.05615524036263819
4316,962,579,960,540,-2,-39,2.9375,0.0791440087963553
4317,954,578,960,540,6,-38,3.1875,0.04413484404463497
4318,955,579,960,540,5,-39,3.15625,0.08226900990330699
4319,953,580,960,540,7,-40,3.21875,0.11206024619371635
4320,944,580,960,540,16,-40,3.5,0.11202129788023019
4321,938,581,960,540,22,-41,3.6875,0.14787551540780486
4322,937,582,960,540,23,-42,3.71875,0.16766333734676064
4323,931,583,960,540,29,-43,3.90625,0.20088012567714775
4324,926,584,960,540,34,-44,4.0625,0.24713870763856383
4325,928,585,960,540,32,-45,4.0,0.28014413318606635
4326,932,586,960,540,28,-46,3.875,0.31301040066508934
4327,931,586,960,540,29,-46,3.90625,0.34791590410683937
4328,931,586,960,540,29,-46,3.90625,0.3282040646770501
4329,936,586,960,540,24,-46,3.75,0.3112714539502208
4330,939,585,960,540,21,-45,3.65625,0.2823982705495458
4331,938,584,960,540,22,-44,3.6875,0.2407380365171461
4332,941,583,960,540,19,-43,3.59375,0.21381751928333026
4333,950,583,960,540,10,-43,3.3125,0.2590674527003829
4334,957,582,960,540,3,-42,3.09375,0.22045885018818656
4335,963,580,960,540,-3,-40,2.90625,0.14538179245376215
4336,967,579,960,540,-7,-39,2.78125,0.10834475541672517
4337,980,578,960,540,-20,-38,2.375,0.04281259052895403
4338,994,578,960,540,-34,-38,1.9375,0.033836951489393474
4339,997,578,960,540,-37,-38,1.84375,0.06399090712964295
4340,1000,579,960,540,-40,-39,1.75,0.10216940372018413
4341,1003,579,960,540,-43,-39,1.65625,0.1117309876709629
4342,1005,582,960,540,-45,-42,1.59375,0.2227215036638861
4343,1010,585,960,540,-50,-45,1.4375,0.30826921620787084
4344,1015,590,960,540,-55,-50,1.28125,0.4912304278916182
4345,1019,595,960,540,-59,-55,1.15625,0.6655996870048955
4346,1022,601,960,540,-62,-61,1.0625,0.9006729193817871
4347,1026,609,960,540,-66,-69,0.9375,1.216550938900758
4348,1029,618,960,540,-69,-78,0.84375,1.5292429803374221
4349,1031,626,960,540,-71,-86,0.78125,1.8200606108508808
4350,1034,634,960,540,-74,-94,0.6875,2.074065212837608
4351,1036,642,960,540,-76,-102,0.625,2.34895652086209
4352,1038,648,960,540,-78,-108,0.5625,2.587948711059618
4353,1039,648,960,540,-79,-108,0.53125,2.6066553173032174
4354,1039,640,960,540,-79,-100,0.53125,2.294998961224243
4355,1039,637,960,540,-79,-97,0.53125,2.1874881671786603
4356,1039,641,960,540,-79,-101,0.53125,2.3214614995361575
4357,1039,634,960,540,-79,-94,0.53125,2.0774499563326296
4358,1039,627,960,540,-79,-87,0.53125,1.794110649218223
4359,1038,631,960,540,-78,-91,0.5625,1.9659820656399027
4360,1036,636,960,540,-76,-96,0.625,2.138095352877676
4361,1036,641,960,540,-76,-101,0.625,2.311771859259242
4362,1036,647,960,540,-76,-107,0.625,2.535633772204161
4363,1036,651,960,540,-76,-111,0.625,2.677900102313282
4364,1035,646,960,540,-75,-106,0.65625,2.5208462134091913
4365,1034,641,960,540,-74,-101,0.6875,2.325490313136707
4366,1034,643,960,540,-74,-103,0.6875,2.412913442058456
4367,1034,650,960,540,-74,-110,0.6875,2.6692971693415997
4368,1039,656,960,540,-79,-116,0.53125,2.8997129990140724
4369,1051,662,960,540,-91,-122,0.15625,3.0594087489946507
4370,1061,668,960,540,-101,-128,-0.15625,3.301895093232635
4371,1064,673,960,540,-104,-133,-0.25,3.5191444007289325
4372,1063,677,960,540,-103,-137,-0.21875,3.6672925488770804
4373,1062,668,960,540,-102,-128,-0.1875,3.317559535833458
4374,1059,660,960,540,-99,-120,-0.09375,3.03166058614664
4375,1050,656,960,540,-90,-116,0.1875,2.8801404070783634
4376,1038,648,960,540,-78,-108,0.5625,2.598309416619787
4377,1031,644,960,540,-71,-104,0.78125,2.45750271423836
4378,1029,644,960,540,-69,-104,0.84375,2.4290395394456885
4379,1028,643,960,540,-68,-103,0.875,2.3742072390636357
4380,1026,634,960,540,-66,-94,0.9375,2.1172980932713097
4381,1025,618,960,540,-65,-78,0.96875,1.5325964921997155
4382,1025,610,960,540,-65,-70,0.96875,1.2202151581721254
4383,1027,608,960,540,-67,-68,0.90625,1.147069835414509
4384,1041,606,960,540,-81,-66,0.46875,1.0399644442315295
4385,1052,604,960,540,-92,-64,0.125,0.9474405522779368
4386,1053,600,960,540,-93,-60,0.09375,0.8113050389518115
4387,1054,596,960,540,-94,-56,0.0625,0.6823022966972041
4388,1055,591,960,540,-95,-51,0.03125,0.4938354602749915
4389,1055,584,960,540,-95,-44,0.03125,0.22770195848590435
4390,1055,577,960,540,-95,-37,0.03125,-0.03719805868962145
4391,1054,570,960,540,-94,-30,0.0625,-0.3031976431935479
4392,1053,564,960,540,-93,-24,0.09375,-0.5284262097784809
4393,1051,563,960,540,-91,-23,0.15625,-0.540427477619355
4394,1050,561,960,540,-90,-21,0.1875,-0.6573977692996835
4395,1048,552,960,540,-88,-12,0.25,-0.9609458600811283
4396,1048,542,960,540,-88,-2,0.25,-1.2954512055403433
4397,1049,530,960,540,-89,10,0.21875,-1.7585655812943566
4398,1050,519,960,540,-90,21,0.1875,-2.1670320335905724
4399,1051,510,960,540,-91,30,0.15625,-2.5076910008296527
4400,1052,502,960,540,-92,38,0.125,-2.7945405601777464
4401,1055,493,960,540,-95,47,0.03125,-3.135866955024029
4402,1059,487,960,540,-99,53,-0.09375,-3.341193574115148
4403,1061,492,960,540,-101,48,-0.15625,-3.183689209839387
4404,1065,495,960,540,-105,45,-0.28125,-3.0503685503924776
4405,1069,494,960,540,-109,46,-0.40625,-3.0898713307172168
4406,1072,498,960,540,-112,42,-0.5,-2.9406085434347995
4407,1074,505,960,540,-114,35,-0.5625,-2.697158069133151
4408,1077,506,960,540,-117,34,-0.65625,-2.67518314022983
4409,1084,511,960,540,-124,29,-0.875,-2.4401103172796903
4410,1092,521,960,540,-132,19,-1.125,-2.1103194582126177
4411,1099,524,960,540,-139,16,-1.34375,-1.9856340769522132
4412,1106,525,960,540,-146,15,-1.5625,-1.9389798423407534
4413,1112,526,960,540,-152,14,-1.75,-1.899726678481084
4414,1114,526,960,540,-154,14,-1.8125,-1.915096823796179
4415,1112,526,960,540,-152,14,-1.75,-1.8792994518507218
4416,1119,524,960,540,-159,16,-1.96875,-1.9882809726769972
4417,1133,524,960,540,-173,16,-2.40625,-1.974641223351657
4418,1143,524,960,540,-183,16,-2.71875,-1.9714318776746136
4419,1149,524,960,540,-189,16,-2.90625,-1.9452926669192674
4420,1150,524,960,540,-190,16,-2.9375,-1.9475218101680467
4421,1153,524,960,540,-193,16,-3.03125,-1.9275993175422808
4422,1163,528,960,540,-203,12,-3.34375,-1.7635660267520976
4423,1169,532,960,540,-209,8,-3.53125,-1.6154178786039495
4424,1176,541,960,540,-216,-1,-3.75,-1.2846732039323963
4425,1182,548,960,540,-222,-8,-3.9375,-0.9869389983599111
4426,1179,548,960,540,-219,-8,-3.84375,-1.0446088397309334
4427,1176,548,960,540,-216,-8,-3.75,-1.0342936949177002
4428,1178,547,960,540,-218,-7,-3.8125,-1.0548140805116752
4429,1176,546,960,540,-216,-6,-3.75,-1.103973524273019
4430,1167,546,960,540,-207,-6,-3.46875,-1.0811394623997437
4431,1159,546,960,540,-199,-6,-3.21875,-1.091350536796532
4432,1154,547,960,540,-194,-7,-3.0625,-1.0603800031903694
4433,1138,546,960,540,-178,-6,-2.5625,-1.0635211539720628
4434,1122,544,960,540,-162,-4,-2.0625,-1.1612526783742678
4435,1114,545,960,540,-154,-5,-1.8125,-1.0965158077562476
4436,1101,552,960,540,-141,-12,-1.40625,-0.8041650279553756
4437,1085,564,960,540,-125,-24,-0.90625,-0.39522068149168676
4438,1075,571,960,540,-115,-31,-0.59375,-0.16483253779951657
4439,1072,575,960,540,-112,-35,-0.5,-0.009508955151616316
4440,1074,576,960,540,-114,-36,-0.5625,0.017530815466549
4441,1085,577,960,540,-125,-37,-0.90625,0.04731220147245141
4442,1091,578,960,540,-131,-38,-1.09375,0.11794848777635814
4443,1089,580,960,540,-129,-40,-1.03125,0.18237809265151994
4444,1089,576,960,540,-129,-36,-1.03125,0.05374819617263005
4445,1088,569,960,540,-128,-29,-1.0,-0.22877451857803988
4446,1089,565,960,540,-129,-25,-1.03125,-0.3422755587845565
4447,1091,565,960,540,-131,-25,-1.09375,-0.33840227951641966
4448,1095,565,960,540,-135,-25,-1.21875,-0.33783768253652724
4449,1098,565,960,540,-138,-25,-1.3125,-0.3212043740888493
4450,1099,564,960,540,-139,-24,-1.34375,-0.3512923282817577
4451,1092,563,960,540,-132,-23,-1.125,-0.3647701536037622
4452,1088,563,960,540,-128,-23,-1.0,-0.3878081880417661
4453,1097,563,960,540,-137,-23,-1.28125,-0.3827482868978158
4454,1108,562,960,540,-148,-22,-1.625,-0.4445872780216652
4455,1117,562,960,540,-157,-22,-1.90625,-0.42502435630258073
4456,1125,562,960,540,-165,-22,-2.15625,-0.39904188660427165
4457,1134,561,960,540,-174,-21,-2.4375,-0.4818721567976476
4458,1146,561,960,540,-186,-21,-2.8125,-0.4358271759087895
4459,1159,561,960,540,-199,-21,-3.21875,-0.4927236826136838
4460,1164,560,960,540,-204,-20,-3.375,-0.5377642129709619
4461,1164,558,960,540,-204,-18,-3.375,-0.6187510447015002
4462,1170,558,960,540,-210,-18,-3.5625,-0.5842838066976727
4463,1178,557,960,540,-218,-17,-3.8125,-0.6271625558713174
4464,1177,556,960,540,-217,-16,-3.78125,-0.7005979145545103
4465,1175,555,960,540,-215,-15,-3.71875,-0.7136334477536035
4466,1178,554,960,540,-218,-14,-3.8125,-0.7506704847906406
4467,1180,554,960,540,-220,-14,-3.875,-0.7488877565190369
4468,1175,560,960,540,-215,-20,-3.71875,-0.5423333062452327
4469,1172,567,960,540,-212,-27,-3.625,-0.26056558463532586
4470,1175,568,960,540,-215,-28,-3.71875,-0.24740782722572274
4471,1173,568,960,540,-213,-28,-3.65625,-0.20374032085170124
4472,1165,568,960,540,-205,-28,-3.40625,-0.23205564924652577
4473,1161,568,960,540,-201,-28,-3.28125,-0.2350706971352612
4474,1162,569,960,540,-202,-29,-3.3125,-0.17690956261622537
4475,1156,568,960,540,-196,-28,-3.125,-0.21504249103750706
4476,1144,568,960,540,-184,-28,-2.75,-0.20590378998766745
4477,1138,568,960,540,-178,-28,-2.5625,-0.2037486861063662
4478,1138,568,960,540,-178,-28,-2.5625,-0.207867438678208
4479,1138,568,960,540,-178,-28,-2.5625,-0.20816666992906852
4480,1138,568,960,540,-178,-28,-2.5625,-0.21154236076062327
4481,1137,568,960,540,-177,-28,-2.53125,-0.21110078004335087
4482,1136,568,960,540,-176,-28,-2.5,-0.21485940458486352
4483,1124,568,960,540,-164,-28,-2.125,-0.21599954388874165
4484,1109,567,960,540,-149,-27,-1.65625,-0.25830919803014996
4485,1106,567,960,540,-146,-27,-1.5625,-0.2557291277138245
4486,1105,567,960,540,-145,-27,-1.53125,-0.26177322967427186
4487,1104,567,960,540,-144,-27,-1.5,-0.27660552129947047
4488,1103,567,960,540,-143,-27,-1.46875,-0.27293426455147785
4489,1102,567,960,540,-142,-27,-1.4375,-0.25581593311137096
4490,1100,567,960,540,-140,-27,-1.375,-0.25234962726492194
4491,1100,568,960,540,-140,-28,-1.375,-0.21946617847896133
4492,1099,567,960,540,-139,-27,-1.34375,-0.2598585716703099
4493,1098,567,960,540,-138,-27,-1.3125,-0.2598585716703099
4494,1097,567,960,540,-137,-27,-1.28125,-0.2542761632001844
4495,1096,567,960,540,-136,-27,-1.25,-0.2426397001141758
4496,1094,567,960,540,-134,-27,-1.1875,-0.25590046463304983
4497,1090,567,960,540,-130,-27,-1.0625,-0.2506207308287416
4498,1075,567,960,540,-115,-27,-0.59375,-0.24379021393655087
4499,1061,568,960,540,-101,-28,-0.15625,-0.21183643248187378
4500,1059,568,960,540,-99,-28,-0.09375,-0.21769011300787078
4501,1057,569,960,540,-97,-29,-0.03125,-0.1809580554959973
4502,1056,569,960,540,-96,-29,0.0,-0.17501594242850027
4503,1056,569,960,540,-96,-29,0.0,-0.16863433984948206
4504,1062,568,960,540,-102,-28,-0.1875,-0.19625714799820648
4505,1072,568,960,540,-112,-28,-0.5,-0.21123306530524744
4506,1077,568,960,540,-117,-28,-0.65625,-0.2027250214399332
4507,1077,568,960,540,-117,-28,-0.65625,-0.192861058933532
4508,1076,567,960,540,-116,-27,-0.625,-0.21806506117112123
4509,1071,567,960,540,-111,-27,-0.46875,-0.23010138035762817
4510,1061,566,960,540,-101,-26,-0.15625,-0.2512254785903164
4511,1046,566,960,540,-86,-26,0.3125,-0.2668254384481391
4512,1034,567,960,540,-74,-27,0.6875,-0.20788956038739226
4513,1028,567,960,540,-68,-27,0.875,-0.20788956038739226
4514,1025,567,960,540,-65,-27,0.96875,-0.21615483614168318
4515,1018,568,960,540,-58,-28,1.1875,-0.19261476579863301
4516,1010,569,960,540,-50,-29,1.4375,-0.13971600475675983
4517,1007,569,960,540,-47,-29,1.53125,-0.15130297085912447
4518,1010,570,960,540,-50,-30,1.4375,-0.10405791031934353
4519,1008,571,960,540,-48,-31,1.5,-0.07822564383979502
4520,999,573,960,540,-39,-33,1.78125,0.015740795211032
4521,989,575,960,540,-29,-35,2.09375,0.08087481966885535
4522,984,575,960,540,-24,-35,2.25,0.0792405530690734
4523,986,576,960,540,-26,-36,2.1875,0.13514121387852418
4524,986,578,960,540,-26,-38,2.1875,0.19497317100272338
4525,978,579,960,540,-18,-39,2.4375,0.21343245078693696
4526,969,581,960,540,-9,-41,2.71875,0.3170510476390205
4527,963,583,960,540,-3,-43,2.90625,0.39112512171309466
4528,963,584,960,540,-3,-44,2.90625,0.4223399360970468
4529,970,585,960,540,-10,-45,2.6875,0.4297468012058676
4530,971,586,960,540,-11,-46,2.65625,0.4905032109281755
4531,968,587,960,540,-8,-47,2.75,0.519602890441234
4532,973,588,960,540,-13,-48,2.59375,0.5363732068692753
4533,979,589,960,540,-19,-49,2.40625,0.5798078481920543
4534,980,591,960,540,-20,-51,2.375,0.6533430314930784
4535,979,591,960,540,-19,-51,2.40625,0.6374612064101466
4536,977,592,960,540,-17,-52,2.46875,0.6785739273661906
4537,977,590,960,540,-17,-50,2.46875,0.5993594340398896
4538,978,582,960,540,-18,-42,2.4375,0.3066450272300263
4539,979,575,960,540,-19,-35,2.40625,0.0600649064387333
4540,983,574,960,540,-23,-34,2.28125,0.04751039236972665
4541,993,573,960,540,-33,-33,1.96875,-0.005187387158909429
4542,1006,573,960,540,-46,-33,1.5625,0.003501046082507786
4543,1013,573,960,540,-53,-33,1.34375,0.015507903425914016
4544,1014,573,960,540,-54,-33,1.3125,0.016236666079250783
4545,1016,573,960,540,-56,-33,1.25,0.013301547603866037
4546,1018,579,960,540,-58,-39,1.1875,0.21609932448174174
4547,1020,586,960,540,-60,-46,1.125,0.482612056022133
4548,1021,588,960,540,-61,-48,1.09375,0.5540637682869267
4549,1022,587,960,540,-62,-47,1.0625,0.5217966532764406
4550,1022,587,960,540,-62,-47,1.0625,0.5217966532764406
4551,1024,586,960,540,-64,-46,1.0,0.49207891211169263
4552,1028,585,960,540,-68,-45,0.875,0.45030274625371525
4553,1032,578,960,540,-72,-38,0.75,0.2331652617931821
4554,1038,570,960,540,-78,-30,0.5625,-0.08823526107086654
4555,1044,567,960,540,-84,-27,0.375,-0.22026546393928004
4556,1052,565,960,540,-92,-25,0.125,-0.27109875246575066
4557,1060,564,960,540,-100,-24,-0.125,-0.2963094482198514
4558,1068,563,960,540,-108,-23,-0.375,-0.33956135666646103
4559,1079,562,960,540,-119,-22,-0.71875,-0.37550238260950863
4560,1091,562,960,540,-131,-22,-1.09375,-0.3874942401941016
4561,1102,562,960,540,-142,-22,-1.4375,-0.3864085618813694
4562,1113,563,960,540,-153,-23,-1.78125,-0.34035483005507805
4563,1126,563,960,540,-166,-23,-2.1875,-0.33185600004943394
4564,1138,563,960,540,-178,-23,-2.5625,-0.338584697504277
4565,1143,563,960,540,-183,-23,-2.71875,-0.36229856606528354
4566,1148,563,960,540,-188,-23,-2.875,-0.3561760474433888
4567,1159,562,960,540,-199,-22,-3.21875,-0.41749281754735657
4568,1174,560,960,540,-214,-20,-3.6875,-0.49482537680159755
4569,1184,557,960,540,-224,-17,-4.0,-0.6103988146657979
4570,1192,555,960,540,-232,-15,-4.25,-0.6866555087931394
4571,1208,556,960,540,-248,-16,-4.75,-0.6618448923729201
4572,1224,556,960,540,-264,-16,-5.25,-0.6420334839702033
4573,1227,557,960,540,-267,-17,-5.34375,-0.6304367723164361
4574,1230,556,960,540,-270,-16,-5.4375,-0.6665302585028894
4575,1236,555,960,540,-276,-15,-5.625,-0.7123106796622374
4576,1230,557,960,540,-270,-17,-5.4375,-0.6393152052329316
4577,1212,562,960,540,-252,-22,-4.875,-0.46406589102599327
4578,1201,566,960,540,-241,-26,-4.53125,-0.30372659055286844
4579,1200,565,960,540,-240,-25,-4.5,-0.33571249718476337
4580,1187,565,960,540,-227,-25,-4.09375,-0.3366394623663205
4581,1172,564,960,540,-212,-24,-3.625,-0.3665510886403045
4582,1168,564,960,540,-208,-24,-3.5,-0.36113579050619293
4583,1158,564,960,540,-198,-24,-3.1875,-0.34492942808101845
4584,1140,564,960,540,-180,-24,-2.625,-0.3619233148243748
4585,1129,564,960,540,-169,-24,-2.28125,-0.3598586324189754
4586,1127,564,960,540,-167,-24,-2.21875,-0.34919325069409357
4587,1125,565,960,540,-165,-25,-2.15625,-0.3065761683582009
4588,1123,565,960,540,-163,-25,-2.09375,-0.316946266796706
4589,1121,566,960,540,-161,-26,-2.03125,-0.27039734083996547
4590,1119,565,960,540,-159,-25,-1.96875,-0.3008005910433147
4591,1115,566,960,540,-155,-26,-1.84375,-0.26688374057732644
4592,1113,566,960,540,-153,-26,-1.78125,-0.2722931480092975
4593,1111,567,960,540,-151,-27,-1.71875,-0.23771433517430807
4594,1108,567,960,540,-148,-27,-1.625,-0.2364203528874227
4595,1106,568,960,540,-146,-28,-1.5625,-0.20672276173465343
4596,1104,568,960,540,-144,-28,-1.5,-0.2076173257150662
4597,1098,567,960,540,-138,-27,-1.3125,-0.24197926071844122
4598,1087,567,960,540,-127,-27,-0.96875,-0.23970200867250613
4599,1077,567,960,540,-117,-27,-0.65625,-0.22742353449110642
4600,1074,568,960,540,-114,-28,-0.5625,-0.19923178440261968
4601,1073,569,960,540,-113,-29,-0.53125,-0.14874343778384413
4602,1072,568,960,540,-112,-28,-0.5,-0.19138512543077146
4603,1071,568,960,540,-111,-28,-0.46875,-0.19534952919324633
4604,1082,567,960,540,-122,-27,-0.8125,-0.22442956419872573
4605,1095,568,960,540,-135,-28,-1.21875,-0.20755389069519858
4606,1098,567,960,540,-138,-27,-1.3125,-0.2482463431981361
4607,1098,567,960,540,-138,-27,-1.3125,-0.24010836837279714
4608,1096,567,960,540,-136,-27,-1.25,-0.22727404487584169
4609,1083,566,960,540,-123,-26,-0.84375,-0.26591840966348246
4610,1072,565,960,540,-112,-25,-0.5,-0.3081617209999994
4611,1072,565,960,540,-112,-25,-0.5,-0.30014115466607794
4612,1072,565,960,540,-112,-25,-0.5,-0.29326646019206826
4613,1073,565,960,540,-113,-25,-0.53125,-0.2802782927119907
4614,1073,565,960,540,-113,-25,-0.53125,-0.28274687589033487
4615,1074,565,960,540,-114,-25,-0.5625,-0.28241502166745236
4616,1074,565,960,540,-114,-25,-0.5625,-0.27700346996850134
4617,1074,566,960,540,-114,-26,-0.5625,-0.2379179687129035
4618,1074,566,960,540,-114,-26,-0.5625,-0.22996531146149202
4619,1074,566,960,540,-114,-26,-0.5625,-0.2470968919129234
4620,1074,566,960,540,-114,-26,-0.5625,-0.25169040594748193
4621,1074,566,960,540,-114,-26,-0.5625,-0.26037746630740044
4622,1074,566,960,540,-114,-26,-0.5625,-0.2640557853111737
4623,1074,566,960,540,-114,-26,-0.5625,-0.26335201947096365
4624,1074,566,960,540,-114,-26,-0.5625,-0.26410632753091623
4625,1074,565,960,540,-114,-25,-0.5625,-0.2980949397276751
4626,1075,565,960,540,-115,-25,-0.59375,-0.28926613219689457
4627,1075,565,960,540,-115,-25,-0.59375,-0.27285897764549794
4628,1075,565,960,540,-115,-25,-0.59375,-0.2872417651260959
4629,1075,565,960,540,-115,-25,-0.59375,-0.28384421996375964
4630,1075,565,960,540,-115,-25,-0.59375,-0.28542985397385534
4631,1073,566,960,540,-113,-26,-0.53125,-0.24756907466464761
4632,1065,565,960,540,-105,-25,-0.28125,-0.30181521747625295
4633,1053,565,960,540,-93,-25,0.09375,-0.29734729485147704
4634,1046,566,960,540,-86,-26,0.3125,-0.2652323644743376
4635,1046,567,960,540,-86,-27,0.3125,-0.2278505039859673
4636,1047,567,960,540,-87,-27,0.28125,-0.23058585154106126
4637,1053,566,960,540,-93,-26,0.09375,-0.27150388640891043
4638,1064,566,960,540,-104,-26,-0.25,-0.27400623857695205
4639,1071,568,960,540,-111,-28,-0.46875,-0.19149119056907793
4640,1071,568,960,540,-111,-28,-0.46875,-0.19939548831446374
4641,1069,568,960,540,-109,-28,-0.40625,-0.19004553370586352
4642,1067,569,960,540,-107,-29,-0.34375,-0.14539644048134814
4643,1065,568,960,540,-105,-28,-0.28125,-0.1796628423582114
4644,1062,568,960,540,-102,-28,-0.1875,-0.1856864435297194
4645,1057,568,960,540,-97,-28,-0.03125,-0.20671053464098765
4646,1051,568,960,540,-91,-28,0.15625,-0.18947729784070244
4647,1047,567,960,540,-87,-27,0.28125,-0.2007461108584665
4648,1040,566,960,540,-80,-26,0.5,-0.2527894376593124
4649,1034,567,960,540,-74,-27,0.6875,-0.2157524006222753
4650,1029,567,960,540,-69,-27,0.84375,-0.21598555197971292
4651,1021,566,960,540,-61,-26,1.09375,-0.23260679165975862
4652,1014,565,960,540,-54,-25,1.3125,-0.28799365879313
4653,1004,566,960,540,-44,-26,1.625,-0.20619958466270705
4654,992,567,960,540,-32,-27,2.0,-0.21149063082007769
4655,980,569,960,540,-20,-29,2.375,-0.12980748501050887
4656,962,574,960,540,-2,-34,2.9375,0.0804157937334633
4657,940,579,960,540,20,-39,3.625,0.22990052392514393
4658,923,585,960,540,37,-45,4.15625,0.47235348100881125
4659,906,593,960,540,54,-53,4.6875,0.7635596713689163
4660,879,598,960,540,81,-58,5.53125,0.9277447732489459
4661,856,600,960,540,104,-60,6.25,1.016402859664274
4662,847,596,960,540,113,-56,6.53125,0.8680424264332325
4663,838,592,960,540,122,-52,6.8125,0.6881690908686262
4664,826,586,960,540,134,-46,7.1875,0.493570874303195
4665,819,580,960,540,141,-40,7.40625,0.2518533164414338
4666,825,570,960,540,135,-30,7.21875,-0.12068953479687661
4667,833,561,960,540,127,-21,6.96875,-0.4419401854482743
4668,830,559,960,540,130,-19,7.0625,-0.5140604458020912
4669,823,559,960,540,137,-19,7.28125,-0.5227492447554383
4670,827,560,960,540,133,-20,7.15625,-0.4901473537345371
4671,842,561,960,540,118,-21,6.6875,-0.45384279872605005
4672,870,562,960,540,90,-22,5.8125,-0.43725480198361966
4673,886,563,960,540,74,-23,5.3125,-0.39599315247992095
4674,890,564,960,540,70,-24,5.1875,-0.3307123954859392
4675,899,564,960,540,61,-24,4.90625,-0.3243784510564931
4676,917,565,960,540,43,-25,4.34375,-0.299715439440706
4677,933,565,960,540,27,-25,3.84375,-0.2808344463875414
4678,940,565,960,540,20,-25,3.625,-0.2814121367816875
4679,943,565,960,540,17,-25,3.53125,-0.27453036552111976
4680,953,565,960,540,7,-25,3.21875,-0.28246963206011233
4681,962,565,960,540,-2,-25,2.9375,-0.2767295796835234
4682,965,565,960,540,-5,-25,2.84375,-0.274867092532604
4683,964,565,960,540,-4,-25,2.875,-0.29325331034345914
4684,964,565,960,540,-4,-25,2.875,-0.29325331034345914
4685,964,565,960,540,-4,-25,2.875,-0.29569018154924676
4686,964,566,960,540,-4,-26,2.875,-0.25018855680177465
4687,964,566,960,540,-4,-26,2.875,-0.25579908935042106
4688,965,566,960,540,-5,-26,2.84375,-0.23626973803841567
4689,970,566,960,540,-10,-26,2.6875,-0.22117148236609874
4690,981,566,960,540,-21,-26,2.34375,-0.21664210169677822
4691,992,567,960,540,-32,-27,2.0,-0.1695678097606128
4692,997,568,960,540,-37,-28,1.84375,-0.11713948457206191
4693,998,569,960,540,-38,-29,1.8125,-0.08010244753502493
4694,998,569,960,540,-38,-29,1.8125,-0.07940642687606903
4695,1000,570,960,540,-40,-30,1.75,-0.0548010885603909
4696,1001,571,960,540,-41,-31,1.71875,-0.010160161948113977
4697,1001,570,960,540,-41,-30,1.71875,-0.046096154734774686
4698,1001,570,960,540,-41,-30,1.71875,-0.04096789354630981
4699,1000,571,960,540,-40,-31,1.75,0.007586288394961338
4700,1008,571,960,540,-48,-31,1.5,-0.001719123524290378
4701,1021,571,960,540,-61,-31,1.09375,-0.0003761468684808644
4702,1027,572,960,540,-67,-32,0.90625,0.05673501208813114
4703,1028,573,960,540,-68,-33,0.875,0.09328901310064142
4704,1028,574,960,540,-68,-34,0.875,0.13803662152737828
4705,1028,574,960,540,-68,-34,0.875,0.14608043735757392
4706,1027,575,960,540,-67,-35,0.90625,0.18226717971662554
4707,1027,575,960,540,-67,-35,0.90625,0.17782413281674248
4708,1027,574,960,540,-67,-34,0.90625,0.12450434787370646
4709,1026,574,960,540,-66,-34,0.9375,0.11195247126879093
4710,1026,574,960,540,-66,-34,0.9375,0.1134428307182318
4711,1026,574,960,540,-66,-34,0.9375,0.12192442820290639
4712,1027,573,960,540,-67,-33,0.90625,0.08446876355857968
4713,1027,573,960,540,-67,-33,0.90625,0.08258078897907284
4714,1028,574,960,540,-68,-34,0.875,0.12178752565630457
4715,1031,573,960,540,-71,-33,0.78125,0.08271319847436431
4716,1033,573,960,540,-73,-33,0.71875,0.08056991597487695
4717,1037,573,960,540,-77,-33,0.59375,0.05987056523751
4718,1041,572,960,540,-81,-32,0.46875,0.048209772165890064
4719,1044,571,960,540,-84,-31,0.375,-0.0003945180669262527
4720,1048,570,960,540,-88,-30,0.25,-0.031033748490335133
4721,1052,570,960,540,-92,-30,0.125,-0.02982940696726355
4722,1056,569,960,540,-96,-29,0.0,-0.05441007113620633
4723,1059,570,960,540,-99,-30,-0.09375,-0.04593398501184276
4724,1062,570,960,540,-102,-30,-0.1875,-0.025131565718810478
4725,1065,571,960,540,-105,-31,-0.28125,0.01958468108767253
4726,1069,571,960,540,-109,-31,-0.40625,0.02602135909547809
4727,1074,570,960,540,-114,-30,-0.5625,-0.005873159066444256
4728,1078,570,960,540,-118,-30,-0.6875,-0.019085464284154696
4729,1083,570,960,540,-123,-30,-0.84375,-0.047600358485509364
4730,1088,569,960,540,-128,-29,-1.0,-0.05846522445369473
4731,1095,567,960,540,-135,-27,-1.21875,-0.1456773180137012
4732,1103,564,960,540,-143,-24,-1.46875,-0.2615724142668132
4733,1107,563,960,540,-147,-23,-1.59375,-0.3011271883058304
4734,1105,562,960,540,-145,-22,-1.53125,-0.3434472283600182
4735,1100,561,960,540,-140,-21,-1.375,-0.3769630930038901
4736,1102,561,960,540,-142,-21,-1.4375,-0.37823733272776683
4737,1107,560,960,540,-147,-20,-1.59375,-0.3921543818894999
4738,1112,558,960,540,-152,-18,-1.75,-0.47246911799227587
4739,1118,558,960,540,-158,-18,-1.9375,-0.48112414383061186
4740,1123,559,960,540,-163,-19,-2.09375,-0.44408710679357477
4741,1124,559,960,540,-164,-19,-2.125,-0.44191852554899635
4742,1120,559,960,540,-160,-19,-2.0,-0.4460935787047613
4743,1113,560,960,540,-153,-20,-1.78125,-0.40999577682320143
4744,1113,560,960,540,-153,-20,-1.78125,-0.42487034560762615
4745,1117,561,960,540,-157,-21,-1.90625,-0.37607054118617333
4746,1120,562,960,540,-160,-22,-2.0,-0.3445548416644487
4747,1123,562,960,540,-163,-22,-2.09375,-0.3487904719247844
4748,1126,562,960,540,-166,-22,-2.1875,-0.3509058309435812
4749,1131,562,960,540,-171,-22,-2.34375,-0.3401649034983997
4750,1135,562,960,540,-175,-22,-2.46875,-0.3479095371057902
4751,1129,562,960,540,-169,-22,-2.28125,-0.34083940588975536
4752,1120,562,960,540,-160,-22,-2.0,-0.3508489080476994
4753,1117,563,960,540,-157,-23,-1.90625,-0.29846007888336956
4754,1120,564,960,540,-160,-24,-2.0,-0.271129461705651
4755,1121,564,960,540,-161,-24,-2.03125,-0.2808750153579753
4756,1123,563,960,540,-163,-23,-2.09375,-0.3394694949223227
4757,1120,563,960,540,-160,-23,-2.0,-0.32605502303534695
4758,1110,562,960,540,-150,-22,-1.6875,-0.3593013076877801
4759,1100,562,960,540,-140,-22,-1.375,-0.33966686307069216
4760,1097,563,960,540,-137,-23,-1.28125,-0.31454925460669725
4761,1097,563,960,540,-137,-23,-1.28125,-0.320447111175421
4762,1097,563,960,540,-137,-23,-1.28125,-0.33225261233236525
4763,1096,563,960,540,-136,-23,-1.25,-0.3220830406870403
4764,1095,562,960,540,-135,-22,-1.21875,-0.3556131485340225
4765,1094,562,960,540,-134,-22,-1.1875,-0.3650431228349177
4766,1092,560,960,540,-132,-20,-1.125,-0.4237796473627802
4767,1091,560,960,540,-131,-20,-1.09375,-0.428780103603968
4768,1089,560,960,540,-129,-20,-1.03125,-0.42474761968914265
4769,1087,560,960,540,-127,-20,-0.96875,-0.42591749787756483
4770,1086,560,960,540,-126,-20,-0.9375,-0.4318812600932773
4771,1083,560,960,540,-123,-20,-0.84375,-0.43711542468076625
4772,1081,559,960,540,-121,-19,-0.78125,-0.47759991803156066
4773,1081,561,960,540,-121,-21,-0.78125,-0.395488569666516
4774,1083,564,960,540,-123,-24,-0.84375,-0.29024256700532014
4775,1087,567,960,540,-127,-27,-0.96875,-0.1732885083095821
4776,1091,570,960,540,-131,-30,-1.09375,-0.07324018079186234
4777,1092,572,960,540,-132,-32,-1.125,-0.024989015381204682
4778,1103,575,960,540,-143,-35,-1.46875,0.06882537669791611
4779,1124,578,960,540,-164,-38,-2.125,0.18574522238114555
4780,1145,582,960,540,-185,-42,-2.78125,0.3226674931362321
4781,1167,585,960,540,-207,-45,-3.46875,0.44875039359599533
4782,1200,589,960,540,-240,-49,-4.5,0.5703873384693021
4783,1236,593,960,540,-276,-53,-5.625,0.7407406801694454
4784,1257,592,960,540,-297,-52,-6.28125,0.6980805663739345
4785,1270,589,960,540,-310,-49,-6.6875,0.5869694552628233
4786,1292,581,960,540,-332,-41,-7.375,0.2907396617396485
4787,1320,568,960,540,-360,-28,-8.25,-0.2648866392686553
4788,1333,559,960,540,-373,-19,-8.65625,-0.5736076809650537
4789,1327,550,960,540,-367,-10,-8.46875,-0.8764261418588036
4790,1323,541,960,540,-363,-1,-8.34375,-1.2302004445771322
4791,1328,538,960,540,-368,2,-8.5,-1.3315050008203713
4792,1325,536,960,540,-365,4,-8.40625,-1.4125400800508046
4793,1322,535,960,540,-362,5,-8.3125,-1.4642669165768891
4794,1320,534,960,540,-360,6,-8.25,-1.4974432150687154
4795,1309,538,960,540,-349,2,-7.90625,-1.3425309423296485
4796,1286,546,960,540,-326,-6,-7.1875,-1.056058113708016
4797,1259,550,960,540,-299,-10,-6.34375,-0.9000298054179806
4798,1247,551,960,540,-287,-11,-5.96875,-0.8677303158510687
4799,1246,551,960,540,-286,-11,-5.9375,-0.8476384513035167
4800,1234,553,960,540,-274,-13,-5.5625,-0.767573896863968
4801,1208,554,960,540,-248,-14,-4.75,-0.7338714721708136
4802,1180,554,960,540,-220,-14,-3.875,-0.7166504998732578
4803,1161,553,960,540,-201,-13,-3.28125,-0.7448900144747057
4804,1149,553,960,540,-189,-13,-2.90625,-0.7394817907309046
4805,1138,553,960,540,-178,-13,-2.5625,-0.7359723754054806
4806,1132,554,960,540,-172,-14,-2.375,-0.6989353383684435
4807,1120,554,960,540,-160,-14,-2.0,-0.7033829736613947
4808,1106,554,960,540,-146,-14,-1.5625,-0.7110273464972333
4809,1108,559,960,540,-148,-19,-1.625,-0.5083355762674111
4810,1119,573,960,540,-159,-33,-1.96875,-0.00538460638130922
4811,1126,584,960,540,-166,-44,-2.1875,0.4004470005348657
4812,1124,585,960,540,-164,-45,-2.125,0.4494787271580063
4813,1122,585,960,540,-162,-45,-2.0625,0.46675854169717845
4814,1120,585,960,540,-160,-45,-2.0,0.46179932180294236
4815,1112,584,960,540,-152,-44,-1.75,0.4195002111993613
4816,1097,584,960,540,-137,-44,-1.28125,0.44127584448782997
4817,1088,584,960,540,-128,-44,-1.0,0.45764218519820843
4818,1086,584,960,540,-126,-44,-0.9375,0.4479351160724354
4819,1084,584,960,540,-124,-44,-0.875,0.430048822528293
4820,1083,584,960,540,-123,-44,-0.84375,0.40956676224053834
4821,1081,584,960,540,-121,-44,-0.78125,0.41718954090391636
4822,1078,584,960,540,-118,-44,-0.6875,0.424576794053682
4823,1075,584,960,540,-115,-44,-0.59375,0.43465611192190434
4824,1073,584,960,540,-113,-44,-0.53125,0.4257576428366372
4825,1071,584,960,540,-111,-44,-0.46875,0.423917210112833
4826,1068,584,960,540,-108,-44,-0.375,0.42290620924360445
4827,1066,585,960,540,-106,-45,-0.3125,0.4639328711742934
4828,1065,585,960,540,-105,-45,-0.28125,0.4686474721707008
4829,1063,585,960,540,-103,-45,-0.21875,0.47075917267438316
4830,1061,585,960,540,-101,-45,-0.15625,0.47507992522058684
4831,1060,586,960,540,-100,-46,-0.125,0.512116962257624
4832,1059,585,960,540,-99,-45,-0.09375,0.46185487618103016
4833,1057,585,960,540,-97,-45,-0.03125,0.45751848287796637
4834,1056,585,960,540,-96,-45,0.0,0.45147023469363123
4835,1055,584,960,540,-95,-44,0.03125,0.41843281458253934
4836,1053,583,960,540,-93,-43,0.09375,0.3903033168722265
4837,1052,579,960,540,-92,-39,0.125,0.2380325028767274
4838,1052,571,960,540,-92,-31,0.125,-0.04857731532220089
4839,1051,566,960,540,-91,-26,0.15625,-0.23897547182728307
4840,1051,566,960,540,-91,-26,0.15625,-0.23595671205730617
4841,1051,571,960,540,-91,-31,0.15625,-0.05606738008639223
4842,1051,577,960,540,-91,-37,0.15625,0.1691209035138972
4843,1050,577,960,540,-90,-37,0.1875,0.16655516401597903
4844,1050,577,960,540,-90,-37,0.1875,0.17168086322984522
4845,1050,577,960,540,-90,-37,0.1875,0.16632008800716735
4846,1049,577,960,540,-89,-37,0.21875,0.15304403064480998
4847,1048,578,960,540,-88,-38,0.25,0.1913683290609718
4848,1046,579,960,540,-86,-39,0.3125,0.23120415440738862
4849,1042,580,960,540,-82,-40,0.4375,0.2936983565582274
4850,1036,582,960,540,-76,-42,0.625,0.37843463472360916
4851,1032,583,960,540,-72,-43,0.75,0.3822635405802344
4852,1027,585,960,540,-67,-45,0.90625,0.4738453937585556
4853,1019,588,960,540,-59,-48,1.15625,0.5737986138440738
4854,1016,591,960,540,-56,-51,1.25,0.7398477087601192
4855,1019,594,960,540,-59,-54,1.15625,0.8272935989631394
4856,1016,599,960,540,-56,-59,1.25,1.0243161359183073
4857,1002,603,960,540,-42,-63,1.6875,1.248827965842557
4858,989,602,960,540,-29,-62,2.09375,1.155878174072996
4859,978,601,960,540,-18,-61,2.4375,1.0586206753198677
4860,970,604,960,540,-10,-64,2.6875,1.255324877103998
4861,961,607,960,540,-1,-67,2.96875,1.3209799343133033
4862,960,610,960,540,0,-70,3.0,1.443772203488604
4863,966,613,960,540,-6,-73,2.8125,1.5607496229230589
4864,967,616,960,540,-7,-76,2.78125,1.6533609262637616
4865,965,618,960,540,-5,-78,2.84375,1.7127646659881774
4866,967,619,960,540,-7,-79,2.78125,1.673401263800144
4867,978,620,960,540,-18,-80,2.4375,1.743861526021577
4868,985,622,960,540,-25,-82,2.21875,1.8191151885980799
4869,983,618,960,540,-23,-78,2.28125,1.6642004776230706
4870,982,607,960,540,-22,-67,2.3125,1.2480889890332565
4871,980,599,960,540,-20,-59,2.375,0.9526251774254539
4872,980,597,960,540,-20,-57,2.375,0.8868006346704391
4873,984,597,960,540,-24,-57,2.25,0.8754606596420134
4874,995,596,960,540,-35,-56,1.90625,0.8501013588178516
4875,1002,596,960,540,-42,-56,1.6875,0.8647297776738179
4876,1004,597,960,540,-44,-57,1.625,0.8969508481280886
4877,1000,600,960,540,-40,-60,1.75,0.9626875656169114
4878,996,604,960,540,-36,-64,1.875,1.1465157280742981
4879,992,608,960,540,-32,-68,2.0,1.319534383937493
4880,989,610,960,540,-29,-70,2.09375,1.3280002499974546
4881,985,612,960,540,-25,-72,2.21875,1.3904763982010722
4882,979,609,960,540,-19,-69,2.40625,1.3194881976324793
4883,974,598,960,540,-14,-58,2.5625,0.8856160423485331
4884,968,594,960,540,-8,-54,2.75,0.7661335234518571
4885,961,600,960,540,-1,-60,2.96875,0.9429429063918269
4886,959,605,960,540,1,-65,3.03125,1.1646949109230913
4887,965,609,960,540,-5,-69,2.84375,1.2576463292031204
4888,970,612,960,540,-10,-72,2.6875,1.3638095797897372
4889,969,617,960,540,-9,-77,2.71875,1.5298297179900904
4890,968,621,960,540,-8,-81,2.75,1.6602237901127905
4891,973,625,960,540,-13,-85,2.59375,1.821317454018511
4892,982,627,960,540,-22,-87,2.3125,1.8984512043552269
4893,985,630,960,540,-25,-90,2.21875,2.1055057901855037
4894,988,630,960,540,-28,-90,2.125,1.9576392627849142
4895,996,624,960,540,-36,-84,1.875,1.7824623296300954
4896,1002,618,960,540,-42,-78,1.6875,1.6495594489061811
4897,1003,618,960,540,-43,-78,1.65625,1.558851847600076
4898,1002,618,960,540,-42,-78,1.6875,1.6570163054509925
4899,1001,610,960,540,-41,-70,1.71875,1.3761603298044134
4900,999,600,960,540,-39,-60,1.78125,0.9973666289029606
4901,997,597,960,540,-37,-57,1.84375,0.8923501536385798
4902,996,595,960,540,-36,-55,1.875,0.7885260145919608
4903,999,593,960,540,-39,-53,1.78125,0.661139020824407
4904,1001,590,960,540,-41,-50,1.71875,0.5970266894096365
4905,1011,587,960,540,-51,-47,1.40625,0.5039981834874367
4906,1027,584,960,540,-67,-44,0.90625,0.36049254083994287
4907,1035,584,960,540,-75,-44,0.65625,0.29136903606878883
4908,1039,582,960,540,-79,-42,0.53125,0.2230813644225631
4909,1042,579,960,540,-82,-39,0.4375,0.09758840855747986
4910,1044,576,960,540,-84,-36,0.375,0.04774011300431846
4911,1047,578,960,540,-87,-38,0.28125,0.06456222767591635
4912,1050,582,960,540,-90,-42,0.1875,0.21271037582406427
4913,1052,577,960,540,-92,-37,0.125,0.07161675411545931
4914,1053,573,960,540,-93,-33,0.09375,-0.07653139403268883
4915,1046,568,960,540,-86,-28,0.3125,-0.157753671591766
4916,1041,561,960,540,-81,-21,0.46875,-0.438359509204602
4917,1052,554,960,540,-92,-14,0.125,-0.7076642064259239
4918,1063,548,960,540,-103,-8,-0.21875,-0.9888129955330294
4919,1072,541,960,540,-112,-1,-0.5,-1.183420294461065
4920,1082,535,960,540,-122,5,-0.8125,-1.418698975684096
4921,1093,530,960,540,-133,10,-1.15625,-1.6042608771888092
4922,1103,526,960,540,-143,14,-1.46875,-1.7230599835813574
4923,1114,522,960,540,-154,18,-1.8125,-1.9311444202005412
4924,1130,514,960,540,-170,26,-2.3125,-2.1762380505042493
4925,1149,506,960,540,-189,34,-2.90625,-2.484181571403064
4926,1156,506,960,540,-196,34,-3.125,-2.4636696210099203
4927,1156,513,960,540,-196,27,-3.125,-2.196781248928394
4928,1160,517,960,540,-200,23,-3.25,-2.068377005597334
4929,1169,514,960,540,-209,26,-3.53125,-2.184140596760141
4930,1176,513,960,540,-216,27,-3.75,-2.1933574500581856
4931,1176,520,960,540,-216,20,-3.75,-1.9303704802672683
4932,1175,530,960,540,-215,10,-3.71875,-1.5571719194756826
4933,1179,532,960,540,-219,8,-3.84375,-1.4632983256073993
4934,1178,531,960,540,-218,9,-3.8125,-1.5294058241341473
4935,1173,530,960,540,-213,10,-3.65625,-1.5744911605294476
4936,1176,529,960,540,-216,11,-3.75,-1.5908240697505407
4937,1178,528,960,540,-218,12,-3.8125,-1.642194654637201
4938,1173,528,960,540,-213,12,-3.65625,-1.6320501765816227
4939,1167,527,960,540,-207,13,-3.46875,-1.6490268278609321
4940,1165,527,960,540,-205,13,-3.40625,-1.6562634181746019
4941,1167,527,960,540,-207,13,-3.46875,-1.6503279480968356
4942,1162,526,960,540,-202,14,-3.3125,-1.713161292419635
4943,1150,526,960,540,-190,14,-2.9375,-1.6867298384742946
4944,1142,526,960,540,-182,14,-2.6875,-1.69686142241674
4945,1139,531,960,540,-179,9,-2.59375,-1.5214697322240218
4946,1138,543,960,540,-178,-3,-2.5625,-1.0784555301388818
4947,1136,550,960,540,-176,-10,-2.5,-0.8275749297204084
4948,1135,551,960,540,-175,-11,-2.46875,-0.7832432576277046
4949,1129,551,960,540,-169,-11,-2.28125,-0.7782253062663629
4950,1119,551,960,540,-159,-11,-1.96875,-0.7687933223324479
4951,1106,551,960,540,-146,-11,-1.5625,-0.7934982058830249
4952,1098,551,960,540,-138,-11,-1.3125,-0.7878457048031591
4953,1096,551,960,540,-136,-11,-1.25,-0.7988044181319214
4954,1095,551,960,540,-135,-11,-1.21875,-0.7956006436852172
4955,1094,550,960,540,-134,-10,-1.1875,-0.8335936207598081
4956,1094,550,960,540,-134,-10,-1.1875,-0.8271280916658051
4957,1094,551,960,540,-134,-11,-1.1875,-0.7939253562838182
4958,1094,551,960,540,-134,-11,-1.1875,-0.7877574250386439
4959,1094,551,960,540,-134,-11,-1.1875,-0.7924234899912135
4960,1095,551,960,540,-135,-11,-1.21875,-0.7924234899912135
4961,1096,551,960,540,-136,-11,-1.25,-0.796148213629889
4962,1099,553,960,540,-139,-13,-1.34375,-0.7388655558518493
4963,1100,559,960,540,-140,-19,-1.375,-0.5125711609893588
4964,1101,570,960,540,-141,-30,-1.40625,-0.11482907230798323
4965,1102,581,960,540,-142,-41,-1.4375,0.3044214524062028
4966,1101,586,960,540,-141,-46,-1.40625,0.49831302427939006
4967,1092,587,960,540,-132,-47,-1.125,0.5320250948961032
4968,1073,587,960,540,-113,-47,-0.53125,0.5386885915290136
4969,1058,588,960,540,-98,-48,-0.0625,0.5998641630985044
4970,1048,588,960,540,-88,-48,0.25,0.6030189771653305
4971,1038,587,960,540,-78,-47,0.5625,0.549753955350232
4972,1023,583,960,540,-63,-43,1.03125,0.4185020394875827
4973,1002,581,960,540,-42,-41,1.6875,0.31242691030806946
4974,981,585,960,540,-21,-45,2.34375,0.487576740522474
4975,969,588,960,540,-9,-48,2.71875,0.5818787799274785
4976,962,590,960,540,-2,-50,2.9375,0.6752376186080002
4977,948,593,960,540,12,-53,3.375,0.7782591487649135
4978,927,596,960,540,33,-56,4.03125,0.8713426418257073
4979,915,600,960,540,45,-60,4.40625,1.0234111648200657
4980,904,602,960,540,56,-62,4.75,1.1056478335115278
4981,887,602,960,540,73,-62,5.28125,1.077650755888001
4982,876,601,960,540,84,-61,5.625,1.067055139896573
4983,873,599,960,540,87,-59,5.71875,0.9814507915011752
4984,873,598,960,540,87,-58,5.71875,0.9240750236224065
4985,869,597,960,540,91,-57,5.84375,0.909252824174767
4986,864,593,960,540,96,-53,6.0,0.8014400196518949
4987,867,582,960,540,93,-42,5.90625,0.36621138940972453
4988,883,570,960,540,77,-30,5.40625,-0.05997905870405429
4989,894,567,960,540,66,-27,5.0625,-0.1896633759998696
4990,894,568,960,540,66,-28,5.0625,-0.16471961874048668
4991,900,568,960,540,60,-28,4.875,-0.16685265614844513
4992,916,567,960,540,44,-27,4.375,-0.21137576625844323
4993,939,568,960,540,21,-28,3.65625,-0.16255796128165878
4994,953,568,960,540,7,-28,3.21875,-0.1458860959716337
4995,958,567,960,540,2,-27,3.0625,-0.17664284259501217
4996,967,567,960,540,-7,-27,2.78125,-0.20483930016901875
4997,980,567,960,540,-20,-27,2.375,-0.1782860376702069
4998,989,568,960,540,-29,-28,2.09375,-0.16754178726083757
4999,992,569,960,540,-32,-29,2.0,-0.11326817704074421
5000,993,570,960,540,-33,-30,1.96875,-0.10527596465011357
5001,994,571,960,540,-34,-31,1.9375,-0.07697686105091495
5002,995,571,960,540,-35,-31,1.90625,-0.07230025177606914
5003,994,572,960,540,-34,-32,1.9375,-0.024486794221584285
5004,994,572,960,540,-34,-32,1.9375,-0.024486794221584285
5005,994,572,960,540,-34,-32,1.9375,-0.009296091450879063
5006,993,572,960,540,-33,-32,1.96875,-0.012578438722988139
5007,993,572,960,540,-33,-32,1.96875,-0.011229868197696335
5008,996,572,960,540,-36,-32,1.875,-0.02911382150156694
5009,1007,571,960,540,-47,-31,1.53125,-0.05582832757019407
5010,1016,571,960,540,-56,-31,1.25,-0.029856260109409227
5011,1018,572,960,540,-58,-32,1.1875,0.011257964855405644
5012,1017,572,960,540,-57,-32,1.21875,0.009618094066632166
5013,1017,572,960,540,-57,-32,1.21875,0.009618094066632166
5014,1016,572,960,540,-56,-32,1.25,0.016144391532670443
5015,1014,572,960,540,-54,-32,1.3125,0.032937058241071515
5016,1014,572,960,540,-54,-32,1.3125,0.013908224322700447
5017,1012,572,960,540,-52,-32,1.375,0.011455107868285852
5018,1012,572,960,540,-52,-32,1.375,0.01990311450525173
5019,1010,572,960,540,-50,-32,1.4375,0.03062879492986137
5020,1010,572,960,540,-50,-32,1.4375,0.04234720239080536
5021,1011,571,960,540,-51,-31,1.40625,0.010781851606796344
5022,1012,570,960,540,-52,-30,1.375,-0.026255185430240635
5023,1025,570,960,540,-65,-30,0.96875,-0.03147068272300424
5024,1039,570,960,540,-79,-30,0.53125,-0.027908122043341255
5025,1041,570,960,540,-81,-30,0.46875,-0.04023245339075188
5026,1042,570,960,540,-82,-30,0.4375,-0.03940729699762047
5027,1044,570,960,540,-84,-30,0.375,-0.04467281006485346
5028,1046,570,960,540,-86,-30,0.3125,-0.031416775403997566
5029,1041,570,960,540,-81,-30,0.46875,-0.014125582385800417
5030,1031,570,960,540,-71,-30,0.78125,0.005275380952517006
5031,1026,569,960,540,-66,-29,0.9375,-0.03730194007697896
5032,1027,570,960,540,-67,-30,0.90625,0.016344026390869848
5033,1031,570,960,540,-71,-30,0.78125,-0.0020422513246558527
5034,1040,569,960,540,-80,-29,0.5,-0.04944593469380387
5035,1055,569,960,540,-95,-29,0.03125,-0.022004808046199198
5036,1069,569,960,540,-109,-29,-0.40625,-0.048335943817792604
5037,1077,569,960,540,-117,-29,-0.65625,-0.05037596105029918
5038,1081,570,960,540,-121,-30,-0.78125,0.0006945702293561506
5039,1083,569,960,540,-123,-29,-0.84375,-0.035421194756945606
5040,1077,569,960,540,-117,-29,-0.65625,-0.06369547458988434
5041,1071,569,960,540,-111,-29,-0.46875,-0.07920062797096583
5042,1074,569,960,540,-114,-29,-0.5625,-0.06834467228633545
5043,1082,568,960,540,-122,-28,-0.8125,-0.0935292040445923
5044,1091,567,960,540,-131,-27,-1.09375,-0.1494327655019252
5045,1101,567,960,540,-141,-27,-1.40625,-0.13421730646318863
5046,1112,567,960,540,-152,-27,-1.75,-0.15152120211981246
5047,1123,567,960,540,-163,-27,-2.09375,-0.15685034124094166
5048,1132,566,960,540,-172,-26,-2.375,-0.19388737827797875
5049,1139,565,960,540,-179,-25,-2.59375,-0.23051500667473923
5050,1139,563,960,540,-179,-23,-2.59375,-0.3110592338466389
5051,1139,562,960,540,-179,-22,-2.59375,-0.35295011303971424
5052,1149,561,960,540,-189,-21,-2.90625,-0.41525639077377496
5053,1157,560,960,540,-197,-20,-3.15625,-0.45229342781081194
5054,1154,560,960,540,-194,-20,-3.0625,-0.4595573007248157
5055,1151,561,960,540,-191,-21,-2.96875,-0.39627550404856593
5056,1160,561,960,540,-200,-21,-3.25,-0.40506584656126954
5057,1169,562,960,540,-209,-22,-3.53125,-0.36802880952423245
5058,1165,563,960,540,-205,-23,-3.40625,-0.3434345716993905
5059,1161,564,960,540,-201,-24,-3.28125,-0.30639753466235353
5060,1165,565,960,540,-205,-25,-3.40625,-0.2618771434626348
5061,1170,565,960,540,-210,-25,-3.5625,-0.2665558660703615
5062,1165,565,960,540,-205,-25,-3.40625,-0.2713124731557417
5063,1159,566,960,540,-199,-26,-3.21875,-0.2498167973703419
5064,1163,567,960,540,-203,-27,-3.34375,-0.17562239585839245
5065,1168,567,960,540,-208,-27,-3.5,-0.1941871342393653
5066,1173,566,960,540,-213,-26,-3.65625,-0.23122417127640238
5067,1171,567,960,540,-211,-27,-3.59375,-0.18313049546573157
5068,1163,567,960,540,-203,-27,-3.34375,-0.1930701181639103
5069,1159,568,960,540,-199,-28,-3.21875,-0.16936710267203492
5070,1161,570,960,540,-201,-30,-3.28125,-0.10950595604323365
5071,1162,571,960,540,-202,-31,-3.3125,-0.06184344371157979
5072,1155,572,960,540,-195,-32,-3.09375,-0.007177598919940964
5073,1146,572,960,540,-186,-32,-2.8125,-0.012610608147799685
5074,1144,571,960,540,-184,-31,-2.75,-0.05364337005059561
5075,1146,571,960,540,-186,-31,-2.8125,-0.04711843961456075
5076,1147,571,960,540,-187,-31,-2.84375,-0.04627830626339979
5077,1148,571,960,540,-188,-31,-2.875,-0.05380881368940682
5078,1146,571,960,540,-186,-31,-2.8125,-0.06098326468068094
5079,1137,571,960,540,-177,-31,-2.53125,-0.03812744467396789
5080,1128,570,960,540,-168,-30,-2.25,-0.08233038134136095
5081,1126,571,960,540,-166,-31,-2.1875,-0.059160020286957105
5082,1126,572,960,540,-166,-32,-2.1875,-0.014283894409674813
5083,1127,572,960,540,-167,-32,-2.21875,-0.008735879655167533
5084,1127,572,960,540,-167,-32,-2.21875,-0.011047832547360636
5085,1127,572,960,540,-167,-32,-2.21875,-0.012183591023025686
5086,1127,572,960,540,-167,-32,-2.21875,-0.007176146437120501
5087,1121,571,960,540,-161,-31,-2.03125,-0.033661611875683395
5088,1108,570,960,540,-148,-30,-1.625,-0.07295576545509475
5089,1100,570,960,540,-140,-30,-1.375,-0.06326634394747543
5090,1100,570,960,540,-140,-30,-1.375,-0.06293022275427052
5091,1100,570,960,540,-140,-30,-1.375,-0.06959085585111024
5092,1101,570,960,540,-141,-30,-1.40625,-0.04933013806392905
5093,1101,570,960,540,-141,-30,-1.40625,-0.07154884611185319
5094,1100,569,960,540,-140,-29,-1.375,-0.12000553590966834
5095,1100,568,960,540,-140,-28,-1.375,-0.16010471077402588
5096,1100,567,960,540,-140,-27,-1.375,-0.18537986471777312
5097,1100,566,960,540,-140,-26,-1.375,-0.20437532359196064
5098,1100,565,960,540,-140,-25,-1.375,-0.24209584633676506
5099,1092,564,960,540,-132,-24,-1.125,-0.3048207301677237
5100,1078,564,960,540,-118,-24,-0.6875,-0.2746913943037046
5101,1071,564,960,540,-111,-24,-0.46875,-0.2779088235507774
5102,1072,564,960,540,-112,-24,-0.5,-0.2779088235507774
5103,1072,564,960,540,-112,-24,-0.5,-0.2841216755268927
5104,1072,564,960,540,-112,-24,-0.5,-0.27599233244703303
5105,1072,564,960,540,-112,-24,-0.5,-0.2869864767775563
5106,1071,564,960,540,-111,-24,-0.46875,-0.2902243055896727
5107,1070,565,960,540,-110,-25,-0.4375,-0.25277879594588204
5108,1070,564,960,540,-110,-24,-0.4375,-0.29178927972296753
5109,1069,564,960,540,-109,-24,-0.40625,-0.28259755238934736
5110,1068,564,960,540,-108,-24,-0.375,-0.28790265767301104
5111,1067,564,960,540,-107,-24,-0.34375,-0.28790265767301104
5112,1066,564,960,540,-106,-24,-0.3125,-0.28408669427222755
5113,1064,564,960,540,-104,-24,-0.25,-0.2771261260226816
5114,1063,564,960,540,-103,-24,-0.21875,-0.2814144686327924
5115,1061,564,960,540,-101,-24,-0.15625,-0.31636801011068005
5116,1059,565,960,540,-99,-25,-0.09375,-0.2686244217506517
5117,1058,565,960,540,-98,-25,-0.0625,-0.2781814358448771
5118,1057,565,960,540,-97,-25,-0.03125,-0.2740797486861539
5119,1056,565,960,540,-96,-25,0.0,-0.2741222873460629
5120,1055,565,960,540,-95,-25,0.03125,-0.2645054270058038
5121,1054,566,960,540,-94,-26,0.0625,-0.20544836174281544
5122,1053,567,960,540,-93,-27,0.09375,-0.1806243923696318
5123,1053,567,960,540,-93,-27,0.09375,-0.1763118132396988
5124,1051,567,960,540,-91,-27,0.15625,-0.177273207463567
5125,1051,567,960,540,-91,-27,0.15625,-0.17308602997331302
5126,1051,567,960,540,-91,-27,0.15625,-0.18067038936640123
5127,1050,567,960,540,-90,-27,0.1875,-0.16819897177996523
5128,1049,567,960,540,-89,-27,0.21875,-0.17874347919694333
5129,1049,567,960,540,-89,-27,0.21875,-0.16938858919437227
5130,1049,567,960,540,-89,-27,0.21875,-0.1733855699622806
5131,1049,567,960,540,-89,-27,0.21875,-0.17328778569376246
5132,1048,567,960,540,-88,-27,0.25,-0.16787338464371682
5133,1048,567,960,540,-88,-27,0.25,-0.15241624914893737
5134,1048,567,960,540,-88,-27,0.25,-0.16035448121331686
5135,1048,568,960,540,-88,-28,0.25,-0.12468969477120684
5136,1048,568,960,540,-88,-28,0.25,-0.12262156255015366
5137,1048,568,960,540,-88,-28,0.25,-0.12534693063968527
5138,1049,569,960,540,-89,-29,0.21875,-0.08639735188737618
5139,1049,569,960,540,-89,-29,0.21875,-0.09920754141741672
5140,1049,569,960,540,-89,-29,0.21875,-0.08701970415385563
5141,1049,569,960,540,-89,-29,0.21875,-0.0925492644189585
5142,1049,568,960,540,-89,-28,0.21875,-0.13564941006318953
5143,1049,567,960,540,-89,-27,0.21875,-0.15941018680999441
5144,1048,565,960,540,-88,-25,0.25,-0.23421606434091546
5145,1047,562,960,540,-87,-22,0.28125,-0.3371544596719035
5146,1045,559,960,540,-85,-19,0.34375,-0.4573457733771431
5147,1042,558,960,540,-82,-18,0.4375,-0.4740241094733352
5148,1039,556,960,540,-79,-16,0.53125,-0.5440739425096621
5149,1035,556,960,540,-75,-16,0.65625,-0.5758652553804233
5150,1029,556,960,540,-69,-16,0.84375,-0.5878633232208357
5151,1024,555,960,540,-64,-15,1.0,-0.6193482000436019
5152,1015,556,960,540,-55,-16,1.28125,-0.5791009387767898
5153,1009,556,960,540,-49,-16,1.46875,-0.5892193323043715
5154,1010,562,960,540,-50,-22,1.4375,-0.3570536950220705
5155,1006,570,960,540,-46,-30,1.5625,-0.05259640968774759
5156,996,574,960,540,-36,-34,1.875,0.0944074170422311
5157,977,577,960,540,-17,-37,2.46875,0.19059880350839276
5158,955,580,960,540,5,-40,3.15625,0.3103047093547744
5159,940,582,960,540,20,-42,3.625,0.38833739504912757
5160,921,583,960,540,39,-43,4.21875,0.4137957480086387
5161,895,585,960,540,65,-45,5.03125,0.48432552689515784
5162,875,586,960,540,85,-46,5.65625,0.4998894131824536
5163,862,588,960,540,98,-48,6.0625,0.6060495202407099
5164,846,588,960,540,114,-48,6.5625,0.5909109550390179
5165,827,588,960,540,133,-48,7.15625,0.5769743849821922
5166,813,588,960,540,147,-48,7.59375,0.5683417505242705
5167,816,588,960,540,144,-48,7.5,0.5806554664756556
5168,818,588,960,540,142,-48,7.4375,0.5712869409144632
5169,809,589,960,540,151,-49,7.71875,0.5875333198954737
5170,803,590,960,540,157,-50,7.90625,0.6092173444277496
5171,806,589,960,540,154,-49,7.8125,0.6061629195345217
5172,831,584,960,540,129,-44,7.03125,0.39359200492733915
5173,852,582,960,540,108,-42,6.375,0.3462746147286746
5174,854,583,960,540,106,-43,6.3125,0.3874769564601599
5175,854,584,960,540,106,-44,6.3125,0.42332312597463817
5176,867,584,960,540,93,-44,5.90625,0.42212107742741023
5177,890,584,960,540,70,-44,5.1875,0.4216513506122399
5178,902,584,960,540,58,-44,4.8125,0.4344524955205702
5179,905,584,960,540,55,-44,4.71875,0.4330806833077445
5180,917,584,960,540,43,-44,4.34375,0.44055798334485896
5181,930,584,960,540,30,-44,3.9375,0.44128992107220255
5182,932,583,960,540,28,-43,3.875,0.4102715295609902
5183,932,582,960,540,28,-42,3.875,0.3805210539238837
5184,935,581,960,540,25,-41,3.78125,0.3577027512938997
5185,943,580,960,540,17,-40,3.53125,0.3095705574717802
5186,957,579,960,540,3,-39,3.09375,0.2898034106873155
5187,967,578,960,540,-7,-38,2.78125,0.2526044499462159
5188,969,577,960,540,-9,-37,2.71875,0.2001501440122453
5189,971,575,960,540,-11,-35,2.65625,0.11110161207053704
5190,975,574,960,540,-15,-34,2.53125,0.08304938294203046
5191,978,572,960,540,-18,-32,2.4375,0.0089753088679565
5192,985,570,960,540,-25,-30,2.21875,-0.0516042786839932
5193,1002,567,960,540,-42,-27,1.6875,-0.1411613904311202
5194,1021,566,960,540,-61,-26,1.09375,-0.21179009963317108
5195,1035,566,960,540,-75,-26,0.65625,-0.19531109561329563
5196,1046,567,960,540,-86,-27,0.3125,-0.1672327762446164
5197,1056,568,960,540,-96,-28,0.0,-0.13170630015120888
5198,1066,568,960,540,-106,-28,-0.3125,-0.14200997524655334
5199,1072,568,960,540,-112,-28,-0.5,-0.1305775294688265
5200,1078,568,960,540,-118,-28,-0.6875,-0.1269561519194995
5201,1092,569,960,540,-132,-29,-1.125,-0.07281200457278669
5202,1107,569,960,540,-147,-29,-1.59375,-0.07838743375811208
5203,1120,569,960,540,-160,-29,-2.0,-0.07918209284990962
5204,1137,568,960,540,-177,-28,-2.53125,-0.13870811552821372
5205,1151,568,960,540,-191,-28,-2.96875,-0.1096378652264276
5206,1155,568,960,540,-195,-28,-3.09375,-0.1177108185650888
5207,1157,568,960,540,-197,-28,-3.15625,-0.11372562037359613
5208,1167,568,960,540,-207,-28,-3.46875,-0.14852043692245265
5209,1178,568,960,540,-218,-28,-3.8125,-0.14201151762565045
5210,1179,568,960,540,-219,-28,-3.84375,-0.14088900453775866
5211,1180,568,960,540,-220,-28,-3.875,-0.157025805600717
5212,1187,568,960,540,-227,-28,-4.09375,-0.12930608678966937
5213,1192,569,960,540,-232,-29,-4.25,-0.10024622464517985
5214,1190,569,960,540,-230,-29,-4.1875,-0.1182942239408662
5215,1183,568,960,540,-223,-28,-3.96875,-0.16947299024403728
5216,1182,568,960,540,-222,-28,-3.9375,-0.17510881968954606
5217,1176,569,960,540,-216,-29,-3.75,-0.09574685419045492
5218,1164,569,960,540,-204,-29,-3.375,-0.12998959990692582
5219,1160,569,960,540,-200,-29,-3.25,-0.12498140570530514
5220,1159,570,960,540,-199,-30,-3.21875,-0.0944935185050304
5221,1149,569,960,540,-189,-29,-2.90625,-0.11698557624036332
5222,1133,568,960,540,-173,-28,-2.40625,-0.1473500441752862
5223,1125,568,960,540,-165,-28,-2.15625,-0.14504931744164473
5224,1122,568,960,540,-162,-28,-2.0625,-0.13704658962611194
5225,1118,567,960,540,-158,-27,-1.9375,-0.18066923954645508
5226,1108,566,960,540,-148,-26,-1.625,-0.2149020267541918
5227,1093,566,960,540,-133,-26,-1.15625,-0.23620225098779246
5228,1082,566,960,540,-122,-26,-0.8125,-0.23690331785562313
5229,1076,567,960,540,-116,-27,-0.625,-0.189875908308915
5230,1072,567,960,540,-112,-27,-0.5,-0.18220638980502302
5231,1071,566,960,540,-111,-26,-0.46875,-0.21762349947779513
5232,1079,565,960,540,-119,-25,-0.71875,-0.2502617006588381
5233,1087,565,960,540,-127,-25,-0.96875,-0.2676290996763744
5234,1089,565,960,540,-129,-25,-1.03125,-0.26264649928514494
5235,1087,565,960,540,-127,-25,-0.96875,-0.24432667449827772
5236,1086,565,960,540,-126,-25,-0.9375,-0.24432667449827772
5237,1084,565,960,540,-124,-25,-0.875,-0.2559502768508215
5238,1082,565,960,540,-122,-25,-0.8125,-0.27898492231950267
5239,1080,565,960,540,-120,-25,-0.75,-0.27898492231950267
5240,1068,564,960,540,-108,-24,-0.375,-0.29130107153253815
5241,1053,564,960,540,-93,-24,0.09375,-0.298342377894119
5242,1048,566,960,540,-88,-26,0.25,-0.21145588560934858
5243,1048,565,960,540,-88,-25,0.25,-0.2469414482008434
5244,1051,564,960,540,-91,-24,0.15625,-0.2919199541382891
5245,1054,563,960,540,-94,-23,0.0625,-0.32895699117532606
5246,1063,563,960,540,-103,-23,-0.21875,-0.3100506727784793
5247,1073,564,960,540,-113,-24,-0.53125,-0.2750730387405955
5248,1072,565,960,540,-112,-25,-0.5,-0.23667241497610036
5249,1072,565,960,540,-112,-25,-0.5,-0.23233940955112042
5250,1069,564,960,540,-109,-24,-0.40625,-0.27095406255262544
5251,1060,562,960,540,-100,-22,-0.125,-0.3883138903866038
5252,1048,562,960,540,-88,-22,0.25,-0.35653887578775534
5253,1042,562,960,540,-82,-22,0.4375,-0.34837751667294226
5254,1042,563,960,540,-82,-23,0.4375,-0.3097960001334916
5255,1052,562,960,540,-92,-22,0.125,-0.33889953922014626
5256,1065,562,960,540,-105,-22,-0.28125,-0.3513044439447387
5257,1070,562,960,540,-110,-22,-0.4375,-0.343148409162119
5258,1071,563,960,540,-111,-23,-0.46875,-0.31274546268054904
5259,1071,564,960,540,-111,-24,-0.46875,-0.2656534093308234
5260,1070,563,960,540,-110,-23,-0.4375,-0.3152317044288293
5261,1069,563,960,540,-109,-23,-0.40625,-0.302360966774742
5262,1066,563,960,540,-106,-23,-0.3125,-0.2974279760008458
5263,1063,562,960,540,-103,-22,-0.21875,-0.35481810495934607
5264,1058,564,960,540,-98,-24,-0.0625,-0.2925684546751224
5265,1052,565,960,540,-92,-25,0.125,-0.24581704490376843
5266,1042,566,960,540,-82,-26,0.4375,-0.20013915163977114
5267,1029,568,960,540,-69,-28,0.84375,-0.10001393576844841
5268,1017,569,960,540,-57,-29,1.21875,-0.07258207526146565
5269,999,572,960,540,-39,-32,1.78125,0.04071710671222473
5270,979,574,960,540,-19,-34,2.40625,0.12749097582868507
5271,962,577,960,540,-2,-37,2.9375,0.218122054262873
5272,946,578,960,540,14,-38,3.4375,0.25170199357994494
5273,931,580,960,540,29,-40,3.90625,0.32449170029833874
5274,922,582,960,540,38,-42,4.1875,0.39315126357398356
5275,911,584,960,540,49,-44,4.53125,0.4684243859601007
5276,901,585,960,540,59,-45,4.84375,0.5062826954342949
5277,902,586,960,540,58,-46,4.8125,0.5272344526096582
5278,904,587,960,540,56,-47,4.75,0.5619897406822632
5279,899,586,960,540,61,-46,4.90625,0.5428915719025209
5280,898,585,960,540,62,-45,4.9375,0.4948890642528285
5281,900,586,960,540,60,-46,4.875,0.5319261012898657
5282,915,586,960,540,45,-46,4.40625,0.531857796637984
5283,928,586,960,540,32,-46,4.0,0.5344882101087831
5284,925,586,960,540,35,-46,4.09375,0.5409159517246007
5285,935,587,960,540,25,-47,3.78125,0.583015934214657
5286,946,587,960,540,14,-47,3.4375,0.5759159414024555
5287,948,586,960,540,12,-46,3.375,0.54604964771061
5288,948,586,960,540,12,-46,3.375,0.545662277438832
5289,949,586,960,540,11,-46,3.34375,0.5357129642633189
5290,949,586,960,540,11,-46,3.34375,0.5357129642633189
5291,965,584,960,540,-5,-44,2.84375,0.47168231818826656
5292,982,582,960,540,-22,-42,2.3125,0.4147995184891258
5293,985,580,960,540,-25,-40,2.21875,0.35122500952298985
5294,990,578,960,540,-30,-38,2.0625,0.2686316037283054
5295,996,577,960,540,-36,-37,1.875,0.22651334307185333
5296,1002,577,960,540,-42,-37,1.6875,0.22190926906171682
5297,1008,576,960,540,-48,-36,1.5,0.19751683256717167
5298,1016,575,960,540,-56,-35,1.25,0.16991118748185596
5299,1027,574,960,540,-67,-34,0.90625,0.15117284417140486
5300,1036,573,960,540,-76,-33,0.625,0.09725148871200573
5301,1049,571,960,540,-89,-31,0.21875,0.029474410732790224
5302,1063,569,960,540,-103,-29,-0.21875,-0.040036593440474055
5303,1075,567,960,540,-115,-27,-0.59375,-0.126075583584782
5304,1086,564,960,540,-126,-24,-0.9375,-0.24136606436146368
5305,1102,563,960,540,-142,-23,-1.4375,-0.26841066776713496
5306,1120,563,960,540,-160,-23,-2.0,-0.2630474986121314
5307,1134,563,960,540,-174,-23,-2.4375,-0.2634293806282959
5308,1141,564,960,540,-181,-24,-2.65625,-0.20579809075787048
5309,1146,564,960,540,-186,-24,-2.8125,-0.2200656137592376
5310,1155,564,960,540,-195,-24,-3.09375,-0.21785060660535072
5311,1166,565,960,540,-206,-25,-3.4375,-0.17435221190757777
5312,1170,565,960,540,-210,-25,-3.5625,-0.18091058644467473
5313,1172,565,960,540,-212,-25,-3.625,-0.16050843895106714
5314,1179,565,960,540,-219,-25,-3.84375,-0.19883856445486403
5315,1184,564,960,540,-224,-24,-4.0,-0.20678641289276256
5316,1181,563,960,540,-221,-23,-3.90625,-0.24428352487388616
5317,1181,563,960,540,-221,-23,-3.90625,-0.2558426979679356
5318,1186,563,960,540,-226,-23,-4.0625,-0.2404256794727877
5319,1185,563,960,540,-225,-23,-4.03125,-0.2610181300933194
5320,1178,564,960,540,-218,-24,-3.8125,-0.21347003075959603
5321,1176,566,960,540,-216,-26,-3.75,-0.14579528824908794
5322,1175,566,960,540,-215,-26,-3.71875,-0.15277499916401227
5323,1167,566,960,540,-207,-26,-3.46875,-0.14652175845768023
5324,1156,567,960,540,-196,-27,-3.125,-0.09874710973468614
5325,1151,567,960,540,-191,-27,-2.96875,-0.11711748297116054
5326,1149,568,960,540,-189,-28,-2.90625,-0.08008044593412356
5327,1135,568,960,540,-175,-28,-2.46875,-0.07879234466682972
5328,1119,567,960,540,-159,-27,-1.96875,-0.10445611660210496
5329,1115,567,960,540,-155,-27,-1.84375,-0.11067750634576146
5330,1113,567,960,540,-153,-27,-1.78125,-0.11677994623672383
5331,1111,567,960,540,-151,-27,-1.71875,-0.11968145215823056
5332,1108,567,960,540,-148,-27,-1.625,-0.10170847610577316
5333,1106,566,960,540,-146,-26,-1.5625,-0.1394010134976572
5334,1104,566,960,540,-144,-26,-1.5,-0.14246441869092796
5335,1102,567,960,540,-142,-27,-1.4375,-0.10542738165389087
5336,1100,567,960,540,-140,-27,-1.375,-0.10088557892344596
5337,1096,566,960,540,-136,-26,-1.25,-0.14385110664655432
5338,1092,565,960,540,-132,-25,-1.125,-0.17956639876786884
5339,1089,565,960,540,-129,-25,-1.03125,-0.1851806520411159
5340,1086,564,960,540,-126,-24,-0.9375,-0.21767586385569349
5341,1084,565,960,540,-124,-25,-0.875,-0.1731986466611326
5342,1081,566,960,540,-121,-26,-0.78125,-0.14480750320076285
5343,1076,566,960,540,-116,-26,-0.625,-0.1398935317560729
5344,1070,565,960,540,-110,-25,-0.4375,-0.17439399648477139
5345,1063,565,960,540,-103,-25,-0.21875,-0.1829902106213066
5346,1052,564,960,540,-92,-24,0.125,-0.2116123139619066
5347,1042,563,960,540,-82,-23,0.4375,-0.2534986884766548
5348,1034,563,960,540,-74,-23,0.6875,-0.25077903749676844
5349,1026,563,960,540,-66,-23,0.9375,-0.24905366589428146
5350,1015,563,960,540,-55,-23,1.28125,-0.2527565577809421
5351,1004,563,960,540,-44,-23,1.625,-0.23414309924819454
5352,994,562,960,540,-34,-22,1.9375,-0.276675018897404
5353,986,563,960,540,-26,-23,2.1875,-0.2426846015304518
5354,978,563,960,540,-18,-23,2.4375,-0.2588213914169675
5355,977,564,960,540,-17,-24,2.46875,-0.22725586596130598
5356,978,565,960,540,-18,-25,2.4375,-0.1805311613094116
5357,972,567,960,540,-12,-27,2.625,-0.1166672891682301
5358,974,569,960,540,-14,-29,2.5625,-0.03556060198333966
5359,980,570,960,540,-20,-30,2.375,-0.005479095642010323
5360,978,572,960,540,-18,-32,2.4375,0.06467789827332693
5361,974,573,960,540,-14,-33,2.5625,0.06604047160017168
5362,969,573,960,540,-9,-33,2.71875,0.0941392188229464
5363,965,573,960,540,-5,-33,2.84375,0.0817453596279627
5364,969,573,960,540,-9,-33,2.71875,0.0871674200517889
5365,979,572,960,540,-19,-32,2.40625,0.05718818074771059
5366,982,572,960,540,-22,-32,2.3125,0.05718818074771059
5367,981,572,960,540,-21,-32,2.34375,0.055006993830371664
5368,980,572,960,540,-20,-32,2.375,0.05527426515284484
5369,979,572,960,540,-19,-32,2.40625,0.04380821940084623
5370,991,571,960,540,-31,-31,2.03125,0.014844040244553991
5371,1005,571,960,540,-45,-31,1.59375,0.021764112243578992
5372,1008,569,960,540,-48,-29,1.5,-0.04918182561086537
5373,1010,565,960,540,-50,-25,1.4375,-0.227722300822901
5374,1012,562,960,540,-52,-22,1.375,-0.31067199721816563
5375,1015,560,960,540,-55,-20,1.28125,-0.419240124158337
5376,1017,558,960,540,-57,-18,1.21875,-0.4341493180209467
5377,1020,555,960,540,-60,-15,1.125,-0.5648824729209094
5378,1024,553,960,540,-64,-13,1.0,-0.6058537850929882
5379,1027,552,960,540,-67,-12,0.90625,-0.6428908221300251
5380,1032,551,960,540,-72,-11,0.75,-0.706275996228662
5381,1041,551,960,540,-81,-11,0.46875,-0.6913508556231995
5382,1049,552,960,540,-89,-12,0.21875,-0.6439087665799668
5383,1058,553,960,540,-98,-13,-0.0625,-0.6112859572254963
5384,1068,554,960,540,-108,-14,-0.375,-0.5806103873195264
5385,1077,555,960,540,-117,-15,-0.65625,-0.48901743749597837
5386,1087,556,960,540,-127,-16,-0.96875,-0.4958841473613109
5387,1100,559,960,540,-140,-19,-1.375,-0.34147253713011305
5388,1109,560,960,540,-149,-20,-1.65625,-0.34010932644670966
5389,1109,561,960,540,-149,-21,-1.65625,-0.29535959646491916
5390,1107,563,960,540,-147,-23,-1.59375,-0.23026576290944623
5391,1113,565,960,540,-153,-25,-1.78125,-0.1406728233250869
5392,1121,567,960,540,-161,-27,-2.03125,-0.051689016418294154
5393,1129,567,960,540,-169,-27,-2.28125,-0.06840330615456525
5394,1138,569,960,540,-178,-29,-2.5625,0.02767231738077247
5395,1146,570,960,540,-186,-30,-2.8125,0.0844226823110894
5396,1150,571,960,540,-190,-31,-2.9375,0.10582058110112857
5397,1147,573,960,540,-187,-33,-2.84375,0.15802435417055727
5398,1139,573,960,540,-179,-33,-2.59375,0.15684174788106264
5399,1137,574,960,540,-177,-34,-2.53125,0.16999852651952052
5400,1140,576,960,540,-180,-36,-2.625,0.27363059813284507
5401,1137,577,960,540,-177,-37,-2.53125,0.2970254478340508
5402,1131,578,960,540,-171,-38,-2.34375,0.3549925207074045
5403,1131,580,960,540,-171,-40,-2.34375,0.41418293686995367
5404,1136,580,960,540,-176,-40,-2.5,0.4119553304940602
5405,1140,582,960,540,-180,-42,-2.625,0.493386764092431
5406,1146,583,960,540,-186,-43,-2.8125,0.5356373514649595
5407,1150,585,960,540,-190,-45,-2.9375,0.6020955173362683
5408,1143,588,960,540,-183,-48,-2.71875,0.7044688001293282
5409,1139,591,960,540,-179,-51,-2.59375,0.8176046646196458
5410,1143,595,960,540,-183,-55,-2.71875,0.859892129735321
5411,1145,598,960,540,-185,-58,-2.78125,1.0623534691170238
5412,1146,597,960,540,-186,-57,-2.8125,1.03270894595278
5413,1140,596,960,540,-180,-56,-2.625,1.0032819560080883
5414,1129,595,960,540,-169,-55,-2.28125,0.9448951349553902
5415,1122,595,960,540,-162,-55,-2.0625,0.9321515288596318
5416,1123,590,960,540,-163,-50,-2.09375,0.7393560361066196
5417,1125,578,960,540,-165,-38,-2.15625,0.31316689891479443
5418,1127,568,960,540,-167,-28,-2.21875,-0.0774648201392294
5419,1130,563,960,540,-170,-23,-2.3125,-0.2526954684337821
5420,1133,563,960,540,-173,-23,-2.40625,-0.2757280505209916
5421,1130,562,960,540,-170,-22,-2.3125,-0.3265091858398429
5422,1121,563,960,540,-161,-23,-2.03125,-0.2944171092033734
5423,1118,563,960,540,-158,-23,-1.9375,-0.2944171092033734
5424,1120,564,960,540,-160,-24,-2.0,-0.27570029202705704
5425,1123,563,960,540,-163,-23,-2.09375,-0.3326636248984869
5426,1127,563,960,540,-167,-23,-2.21875,-0.34745328262521524
5427,1128,562,960,540,-168,-22,-2.25,-0.398361659946756
5428,1129,560,960,540,-169,-20,-2.28125,-0.46047573223505944
5429,1127,558,960,540,-167,-18,-2.21875,-0.5283735135846365
5430,1113,555,960,540,-153,-15,-1.78125,-0.6547999298647029
5431,1100,552,960,540,-140,-12,-1.375,-0.7752724618915738
5432,1099,550,960,540,-139,-10,-1.34375,-0.8541419550227488
5433,1099,548,960,540,-139,-8,-1.34375,-0.946788039633647
5434,1101,552,960,540,-141,-12,-1.40625,-0.8385147484990414
5435,1104,559,960,540,-144,-19,-1.5,-0.5746663553230269
5436,1107,561,960,540,-147,-21,-1.59375,-0.49395442402685297
5437,1111,560,960,540,-151,-20,-1.71875,-0.5539735100928405
5438,1117,558,960,540,-157,-18,-1.90625,-0.640459513890352
5439,1124,556,960,540,-164,-16,-2.125,-0.7143222658444326
5440,1132,555,960,540,-172,-15,-2.375,-0.7722544013705415
5441,1138,556,960,540,-178,-16,-2.5625,-0.7316967044833311
5442,1136,556,960,540,-176,-16,-2.5,-0.7614603885918685
5443,1137,558,960,540,-177,-18,-2.53125,-0.6983826417880094
5444,1145,559,960,540,-185,-19,-2.78125,-0.6630708719000498
5445,1152,560,960,540,-192,-20,-3.0,-0.6497963229469934
5446,1157,559,960,540,-197,-19,-3.15625,-0.68292493997512
5447,1166,557,960,540,-206,-17,-3.4375,-0.7878296837879599
5448,1180,555,960,540,-220,-15,-3.875,-0.8469707552860108
5449,1195,554,960,540,-235,-14,-4.34375,-0.9185100663693041
5450,1212,554,960,540,-252,-14,-4.875,-0.9412291688281308
5451,1227,557,960,540,-267,-17,-5.34375,-0.8680609413623308
5452,1237,564,960,540,-277,-24,-5.65625,-0.6250673953015489
5453,1252,572,960,540,-292,-32,-6.125,-0.33011590490360443
5454,1266,579,960,540,-306,-39,-6.5625,-0.09590659008777447
5455,1269,595,960,540,-309,-55,-6.65625,0.5302808695502998
5456,1268,612,960,540,-308,-72,-6.625,1.1362217944851898
5457,1272,616,960,540,-312,-76,-6.75,1.2705585539464932
5458,1275,617,960,540,-315,-77,-6.84375,1.30759559098353
5459,1268,617,960,540,-308,-77,-6.625,1.3498533593464244
5460,1257,619,960,540,-297,-79,-6.28125,1.390146163330385
5461,1250,624,960,540,-290,-84,-6.0625,1.5961605951217095
5462,1235,623,960,540,-275,-83,-5.59375,1.6730549391019112
5463,1205,620,960,540,-245,-80,-4.65625,1.4943863509445379
5464,1183,622,960,540,-223,-82,-3.96875,1.591506183814516
5465,1176,624,960,540,-216,-84,-3.75,1.6569793086434488
5466,1164,616,960,540,-204,-76,-3.375,1.4016717703890016
5467,1152,608,960,540,-192,-68,-3.0,1.1053754740927049
5468,1124,595,960,540,-164,-55,-2.125,0.5927840914649463
5469,1089,579,960,540,-129,-39,-1.03125,-0.02930823813793748
5470,1076,572,960,540,-116,-32,-0.625,-0.2661559407227647
5471,1066,564,960,540,-106,-24,-0.3125,-0.5557423764528495
5472,1056,557,960,540,-96,-17,0.0,-0.8704567784842527
5473,1049,551,960,540,-89,-11,0.21875,-1.0505681798518722
5474,1045,547,960,540,-85,-7,0.34375,-1.207835266699919
5475,1053,543,960,540,-93,-3,0.09375,-1.3471066848919626
5476,1062,537,960,540,-102,3,-0.1875,-1.62416179093057
5477,1060,533,960,540,-100,7,-0.125,-1.7251268102248047
5478,1057,531,960,540,-97,9,-0.03125,-1.7951834158262878
5479,1054,534,960,540,-94,6,0.0625,-1.7201698872107558
5480,1053,535,960,540,-93,5,0.09375,-1.57069148958175
5481,1052,531,960,540,-92,9,0.125,-1.762362693852432
5482,1051,539,960,540,-91,1,0.15625,-1.431919276692877
5483,1057,547,960,540,-97,-7,-0.03125,-0.9022440109115484
5484,1048,552,960,540,-88,-12,0.25,-0.7734960107427635
5485,1033,555,960,540,-73,-15,0.71875,-0.7899184502790302
5486,1032,553,960,540,-72,-13,0.75,-0.8919312459799946
5487,1031,553,960,540,-71,-13,0.78125,-0.9070664148626397
5488,1030,553,960,540,-70,-13,0.8125,-0.835864194889135
5489,1029,555,960,540,-69,-15,0.84375,-0.7367444681940358
5490,1029,557,960,540,-69,-17,0.84375,-0.6778060000405848
5491,1029,558,960,540,-69,-18,0.84375,-0.6235485967467508
5492,1028,557,960,540,-68,-17,0.875,-0.6782845365041896
5493,1025,555,960,540,-65,-15,0.96875,-0.7619672159033186
5494,1023,555,960,540,-63,-15,1.03125,-0.7932196072891136
5495,1026,555,960,540,-66,-15,0.9375,-0.7490637865647154
5496,1035,555,960,540,-75,-15,0.65625,-0.7555214478346766
5497,1045,555,960,540,-85,-15,0.34375,-0.7614225877429017
5498,1050,554,960,540,-90,-14,0.1875,-0.8189353648568617
5499,1051,554,960,540,-91,-14,0.15625,-0.822371011368073
5500,1052,554,960,540,-92,-14,0.125,-0.8220888567864021
5501,1054,555,960,540,-94,-15,0.0625,-0.7702403410886014
5502,1056,555,960,540,-96,-15,0.0,-0.844626430311268
5503,1048,555,960,540,-88,-15,0.25,-0.7685148877065351
5504,1042,555,960,540,-82,-15,0.4375,-0.7588683595117511
5505,1048,556,960,540,-88,-16,0.25,-0.7579362804117498
5506,1056,559,960,540,-96,-19,0.0,-0.6286076303905452
5507,1065,569,960,540,-105,-29,-0.28125,-0.286581384033497
5508,1076,581,960,540,-116,-41,-0.625,0.16456198751528284
5509,1085,587,960,540,-125,-47,-0.90625,0.38678420973750516
5510,1096,588,960,540,-136,-48,-1.25,0.393659091185915
5511,1111,589,960,540,-151,-49,-1.71875,0.4109966209383318
5512,1123,588,960,540,-163,-48,-2.09375,0.4432003081711322
5513,1136,582,960,540,-176,-42,-2.5,0.2715818631226652
5514,1152,577,960,540,-192,-37,-3.0,0.07506425950150208
5515,1162,581,960,540,-202,-41,-3.3125,0.14320003448239227
5516,1161,583,960,540,-201,-43,-3.28125,0.2549158334788437
5517,1159,585,960,540,-199,-45,-3.21875,0.3011666069922898
5518,1164,586,960,540,-204,-46,-3.375,0.2908418532524524
5519,1171,585,960,540,-211,-45,-3.59375,0.3455300610223144
5520,1168,584,960,540,-208,-44,-3.5,0.3332302606060453
5521,1163,584,960,540,-203,-44,-3.34375,0.2971488324967364
5522,1166,583,960,540,-206,-43,-3.4375,0.31556584383286324
5523,1171,582,960,540,-211,-42,-3.59375,0.23986988950399546
5524,1172,581,960,540,-212,-41,-3.625,0.22374878930200115
5525,1168,581,960,540,-208,-41,-3.5,0.2640609422223985
5526,1178,582,960,540,-218,-42,-3.8125,0.29651563248121593
5527,1211,584,960,540,-251,-44,-4.84375,0.26877826690100526
5528,1237,583,960,540,-277,-43,-5.65625,0.2684866743882044
5529,1248,582,960,540,-288,-42,-6.0,0.22350269892895636
5530,1264,582,960,540,-304,-42,-6.5,0.2452679173993595
5531,1288,580,960,540,-328,-40,-7.25,0.14709625070672727
5532,1310,574,960,540,-350,-34,-7.9375,0.03524276679429739
